[
    {
        "text": "अथ श्रीमद्वाल्मीकीयरामायणे सुन्दरकाण्डे मन्दोदरीदर्शनम् नाम दशमः सर्गः ॥५-१०॥",
        "index": 0,
        "shloka_num": null
    },
    {
        "text": "तत्र दिव्योपमं मुख्यं स्फाटिकं रत्नभूषितम् ।\nअवेक्षमाणो हनुमान् ददर्श शयनासनम् ॥५-१०-१॥",
        "index": 1,
        "shloka_num": 1
    },
    {
        "text": "दान्तकाञ्चनचित्रांगैर्वैदूर्यैश्च वरासनैः ।\nमहार्हास्तरणोपेतैरुपपन्नं महाधनैः ॥५-१०-२॥",
        "index": 2,
        "shloka_num": 2
    },
    {
        "text": "तस्य चैकतमे देशे दिव्यमालोपशोभितम् ।\nददर्श पाण्डुरं छत्रं ताराधिपतिसंनिभम् ॥५-१०-३॥",
        "index": 3,
        "shloka_num": 3
    },
    {
        "text": "जातरूपपरिक्षिप्तं चित्रभानोः समप्रभम् ।\nअशोकमालाविततं ददर्श परमासनम् ॥५-१०-४॥",
        "index": 4,
        "shloka_num": 4
    },
    {
        "text": "वालव्यजनहस्ताभिर्वीज्यमानं समन्ततः ।\nगन्धैश्च विविधैर्जुष्टं वरधूपेन धूपितम् ॥५-१०-५॥",
        "index": 5,
        "shloka_num": 5
    },
    {
        "text": "परमास्तरणास्तीर्णमाविकाजिनसंवृतम् ।\nदामभिर्वरमाल्यानां समन्तादुपशोभितम् ॥५-१०-६॥",
        "index": 6,
        "shloka_num": 6
    },
    {
        "text": "तस्मिञ्जीमूतसंकाशं प्रदीप्तोज्ज्वलकुण्डलम् ।\nलोहिताक्षं महाबाहुं महारजतवाससम् ॥५-१०-७॥",
        "index": 7,
        "shloka_num": 7
    },
    {
        "text": "लोहितेनानुलिप्तांगं चन्दनेन सुगन्धिना ।\nसंध्यारक्तमिवाकाशे तोयदं सतडिद्गुणम् ॥५-१०-८॥",
        "index": 8,
        "shloka_num": 8
    },
    {
        "text": "वृतमाभरणैर्दिव्यैः सुरूपं कामरूपिणम् ।\nसवृक्षवनगुल्माढ्यं प्रसुप्तमिव मन्दरम् ॥५-१०-९॥",
        "index": 9,
        "shloka_num": 9
    },
    {
        "text": "क्रीडित्वोपरतं रात्रौ वराभरणभूषितम् ।\nप्रियं राक्षसकन्यानां राक्षसानां सुखावहम् ॥५-१०-१०॥",
        "index": 10,
        "shloka_num": 10
    },
    {
        "text": "पीत्वाप्युपरतं चापि ददर्श स महाकपिः ।\nभास्वरे शयने वीरं प्रसुप्तं राक्षसाधिपम् ॥५-१०-११॥",
        "index": 11,
        "shloka_num": 11
    },
    {
        "text": "निःश्वसन्तं यथा नागं रावणं वानरोत्तमः ।\nआसाद्य परमोद्विग्नः सोपासर्पत् सुभीतवत् ॥५-१०-१२॥",
        "index": 12,
        "shloka_num": 12
    },
    {
        "text": "अथारोहणमासाद्य वेदिकान्तरमाश्रितः ।\nक्षीबं राक्षसशार्दूलं प्रेक्षते स्म महाकपिः ॥५-१०-१३॥",
        "index": 13,
        "shloka_num": 13
    },
    {
        "text": "शुशुभे राक्षसेन्द्रस्य स्वपतः शयनं शुभम् ।\nगन्धहस्तिनि संविष्टे यथा प्रस्रवणं महत् ॥५-१०-१४॥",
        "index": 14,
        "shloka_num": 14
    },
    {
        "text": "काञ्चनांगदसंनद्धौ ददर्श स महात्मनः ।\nविक्षिप्तौ राक्षसेन्द्रस्य भुजाविन्द्रध्वजोपमौ ॥५-१०-१५॥",
        "index": 15,
        "shloka_num": 15
    },
    {
        "text": "ऐरावतविषाणाग्रैरापीडनकृतव्रणौ ।\nवज्रोल्लिखितपीनांसौ विष्णुचक्रपरिक्षतौ ॥५-१०-१६॥",
        "index": 16,
        "shloka_num": 16
    },
    {
        "text": "पीनौ समसुजातांसौ संगतौ बलसंयुतौ ।\nसुलक्षणनखांगुष्ठौ स्वंगुलीयकलक्षितौ ॥५-१०-१७॥",
        "index": 17,
        "shloka_num": 17
    },
    {
        "text": "संहतौ परिघाकारौ वृत्तौ करिकरोपमौ ।\nविक्षिप्तौ शयने शुभ्रे पञ्चशीर्षाविवोरगौ ॥५-१०-१८॥",
        "index": 18,
        "shloka_num": 18
    },
    {
        "text": "शशक्षतजकल्पेन सुशीतेन सुगन्धिना ।\nचन्दनेन परार्घ्येन स्वनुलिप्तौ स्वलंकृतौ ॥५-१०-१९॥",
        "index": 19,
        "shloka_num": 19
    },
    {
        "text": "उत्तमस्त्रीविमृदितौ गन्धोत्तमनिषेवितौ ।\nयक्षपन्नगगन्धर्वदेवदानवराविणौ ॥५-१०-२०॥",
        "index": 20,
        "shloka_num": 20
    },
    {
        "text": "ददर्श स कपिस्तस्य बाहू शयनसंस्थितौ ।\nमन्दरस्यान्तरे सुप्तौ महाही रुषिताविव ॥५-१०-२१॥",
        "index": 21,
        "shloka_num": 21
    },
    {
        "text": "ताभ्यां स परिपूर्णाभ्यामुभाभ्यां राक्षसेश्वरः ।\nशुशुभेऽचलसंकाशः शृंगाभ्यामिव मन्दरः ॥५-१०-२२॥",
        "index": 22,
        "shloka_num": 22
    },
    {
        "text": "चूतपुंनागसुरभिर्बकुलोत्तमसंयुतः ।\nमृष्टान्नरससंयुक्तः पानगन्धपुरःसरः ॥५-१०-२३॥",
        "index": 23,
        "shloka_num": 23
    },
    {
        "text": "तस्य राक्षसराजस्य निश्चक्राम महामुखात् ।\nशयानस्य विनिःश्वासः पूरयन्निव तद् गृहम् ॥५-१०-२४॥",
        "index": 24,
        "shloka_num": 24
    },
    {
        "text": "मुक्तामणिविचित्रेण काञ्चनेन विराजिता ।\nमुकुटेनापवृत्तेन कुण्डलोज्ज्वलिताननम् ॥५-१०-२५॥",
        "index": 25,
        "shloka_num": 25
    },
    {
        "text": "रक्तचन्दनदिग्धेन तथा हारेण शोभिना ।\nपीनायतविशालेन वक्षसाभिविराजिता ॥५-१०-२६॥",
        "index": 26,
        "shloka_num": 26
    },
    {
        "text": "पाण्डुरेणापविद्धेन क्षौमेण क्षतजेक्षणम् ।\nमहार्हेण सुसंवीतं पीतेनोत्तरवाससा ॥५-१०-२७॥",
        "index": 27,
        "shloka_num": 27
    },
    {
        "text": "माषराशिप्रतीकाशं निःश्वसन्तं भुजंगवत् ।\nगांगे महति तोयान्ते प्रसुप्तमिव कुञ्जरम् ॥५-१०-२८॥",
        "index": 28,
        "shloka_num": 28
    },
    {
        "text": "चतुर्भिः काञ्चनैर्दीपैर्दीप्यमानं चतुर्दिशम् ।\nप्रकाशीकृतसर्वांगं मेघं विद्युद्गणैरिव ॥५-१०-२९॥",
        "index": 29,
        "shloka_num": 29
    },
    {
        "text": "पादमूलगताश्चापि ददर्श सुमहात्मनः ।\nपत्नीः स प्रियभार्यस्य तस्य रक्षःपतेर्गृहे ॥५-१०-३०॥",
        "index": 30,
        "shloka_num": 30
    },
    {
        "text": "शशिप्रकाशवदना वरकुण्डलभूषणाः ।\nअम्लानमाल्याभरणा ददर्श हरियूथपः ॥५-१०-३१॥",
        "index": 31,
        "shloka_num": 31
    },
    {
        "text": "नृत्यवादित्रकुशला राक्षसेन्द्रभुजाङ्कगाः ।\nवराभरणधारिण्यो निषण्णा ददृशे कपिः ॥५-१०-३२॥",
        "index": 32,
        "shloka_num": 32
    },
    {
        "text": "वज्रवैदूर्यगर्भाणि श्रवणान्तेषु योषिताम् ।\nददर्श तापनीयानि कुण्डलान्यंगदानि च ॥५-१०-३३॥",
        "index": 33,
        "shloka_num": 33
    },
    {
        "text": "तासां चन्द्रोपमैर्वक्त्रैः शुभैर्ललितकुण्डलैः ।\nविरराज विमानं तन्नभस्तारागणैरिव ॥५-१०-३४॥",
        "index": 34,
        "shloka_num": 34
    },
    {
        "text": "मदव्यायामखिन्नास्ता राक्षसेन्द्रस्य योषितः ।\nतेषु तेष्ववकाशेषु प्रसुप्तास्तनुमध्यमाः ॥५-१०-३५॥",
        "index": 35,
        "shloka_num": 35
    },
    {
        "text": "अंगहारैस्तथैवान्या कोमलैर्नृत्यशालिनी ।\nविन्यस्तशुभसर्वांगी प्रसुप्ता वरवर्णिनी ॥५-१०-३६॥",
        "index": 36,
        "shloka_num": 36
    },
    {
        "text": "काचिद् वीणां परिष्वज्य प्रसुप्ता सम्प्रकाशते ।\nमहानदीप्रकीर्णेव नलिनी पोतमाश्रिता ॥५-१०-३७॥",
        "index": 37,
        "shloka_num": 37
    },
    {
        "text": "अन्या कक्षगतेनैव मड्डुकेनासितेक्षणा ।\nप्रसुप्ता भामिनी भाति बालपुत्रेव वत्सला ॥५-१०-३८॥",
        "index": 38,
        "shloka_num": 38
    },
    {
        "text": "पटहं चारुसर्वांगी न्यस्य शेते शुभस्तनी ।\nचिरस्य रमणं लब्ध्वा परिष्वज्येव कामिनी ॥५-१०-३९॥",
        "index": 39,
        "shloka_num": 39
    },
    {
        "text": "काचिद् वीणां परिष्वज्य सुप्ता कमललोचना ।\nवरं प्रियतमं गृह्य सकामेव हि कामिनी ॥५-१०-४०॥",
        "index": 40,
        "shloka_num": 40
    },
    {
        "text": "विपञ्चीं परिगृह्यान्या नियता नृत्यशालिनी ।\nनिद्रावशमनुप्राप्ता सहकान्तेव भामिनी ॥५-१०-४१॥",
        "index": 41,
        "shloka_num": 41
    },
    {
        "text": "अन्या कनकसंकाशैर्मृदुपीनैर्मनोरमैः ।\nमृदंगं परिविद्ध्यांगैः प्रसुप्ता मत्तलोचना ॥५-१०-४२॥",
        "index": 42,
        "shloka_num": 42
    },
    {
        "text": "भुजपाशान्तरस्थेन कक्षगेन कृशोदरी ।\nपणवेन सहानिन्द्या सुप्ता मदकृतश्रमा ॥५-१०-४३॥",
        "index": 43,
        "shloka_num": 43
    },
    {
        "text": "डिण्डिमं परिगृह्यान्या तथैवासक्तडिण्डिमा ।\nप्रसुप्ता तरुणं वत्समुपगुह्येव भामिनी ॥५-१०-४४॥",
        "index": 44,
        "shloka_num": 44
    },
    {
        "text": "काचिदाडम्बरं नारी भुजसम्भोगपीडितम् ।\nकृत्वा कमलपत्राक्षी प्रसुप्ता मदमोहिता ॥५-१०-४५॥",
        "index": 45,
        "shloka_num": 45
    },
    {
        "text": "कलशीमपविद्ध्यान्या प्रसुप्ता भाति भामिनी ।\nवसन्ते पुष्पशबला मालेव परिमार्जिता ॥५-१०-४६॥",
        "index": 46,
        "shloka_num": 46
    },
    {
        "text": "पाणिभ्यां च कुचौ काचित् सुवर्णकलशोपमौ ।\nउपगुह्याबला सुप्ता निद्राबलपराजिता ॥५-१०-४७॥",
        "index": 47,
        "shloka_num": 47
    },
    {
        "text": "अन्या कमलपत्राक्षी पूर्णेन्दुसदृशानना ।\nअन्यामालिंग्य सुश्रोणीं प्रसुप्ता मदविह्वला ॥५-१०-४८॥",
        "index": 48,
        "shloka_num": 48
    },
    {
        "text": "आतोद्यानि विचित्राणि परिष्वज्य वरस्त्रियः ।\nनिपीड्य च कुचैः सुप्ताः कामिन्यः कामुकानिव ॥५-१०-४९॥",
        "index": 49,
        "shloka_num": 49
    },
    {
        "text": "तासामेकान्तविन्यस्ते शयानां शयने शुभे ।\nददर्श रूपसम्पन्नामथ तां स कपिः स्त्रियम् ॥५-१०-५०॥",
        "index": 50,
        "shloka_num": 50
    },
    {
        "text": "मुक्तामणिसमायुक्तैर्भूषणैः सुविभूषिताम् ।\nविभूषयन्तीमिव च स्वश्रिया भवनोत्तमम् ॥५-१०-५१॥",
        "index": 51,
        "shloka_num": 51
    },
    {
        "text": "गौरीं कनकवर्णाभामिष्टामन्तःपुरेश्वरीम् ।\nकपिर्मन्दोदरीं तत्र शयानां चारुरूपिणीम् ॥५-१०-५२॥",
        "index": 52,
        "shloka_num": 52
    },
    {
        "text": "स तां दृष्ट्वा महाबाहुर्भूषितां मारुतात्मजः ।\nतर्कयामास सीतेति रूपयौवनसम्पदा ।\nहर्षेण महता युक्तो ननन्द हरियूथपः ॥५-१०-५३॥",
        "index": 53,
        "shloka_num": 53
    },
    {
        "text": "आस्फोटयामास चुचुम्ब पुच्छं ननन्द चिक्रीड जगौ जगाम ।\nस्तम्भानरोहन्निपपात भूमौ निदर्शयन् स्वां प्रकृतिं कपीनाम् ॥५-१०-५४॥",
        "index": 54,
        "shloka_num": 54
    },
    {
        "text": "इत्यार्षे श्रीमद्रामायणे वाल्मीकीये आदिकाव्ये सुन्दरकाण्डे मन्दोदरीदर्शनम् नाम दशमः सर्गः ॥५-१०॥",
        "index": 55,
        "shloka_num": null
    }
]