[
    {
        "text": "अथ श्रीमद्वाल्मीकीयरामायणे सुन्दरकाण्डे अशोकवनिकाविचयः नाम चतुर्दशः सर्गः ॥५-१४॥",
        "index": 0,
        "shloka_num": null
    },
    {
        "text": "स मुहूर्तमिव ध्यात्वा मनसा चाधिगम्य ताम् ।\nअवप्लुतो महातेजाः प्राकारं तस्य वेश्मनः ॥५-१४-१॥",
        "index": 1,
        "shloka_num": 1
    },
    {
        "text": "स तु संहृष्टसर्वांगः प्राकारस्थो महाकपिः ।\nपुष्पिताग्रान् वसन्तादौ ददर्श विविधान् द्रुमान् ॥५-१४-२॥",
        "index": 2,
        "shloka_num": 2
    },
    {
        "text": "सालानशोकान् भव्यांश्च चम्पकांश्च सुपुष्पितान् ।\nउद्दालकान् नागवृक्षांश्चूतान् कपिमुखानपि ॥५-१४-३॥",
        "index": 3,
        "shloka_num": 3
    },
    {
        "text": "तथाऽऽम्रवणसम्पन्नाँल्लताशतसमन्वितान् ।\nज्यामुक्त इव नाराचः पुप्लुवे वृक्षवाटिकाम् ॥५-१४-४॥",
        "index": 4,
        "shloka_num": 4
    },
    {
        "text": "स प्रविश्य विचित्रां तां विहगैरभिनादिताम् ।\nराजतैः काञ्चनैश्चैव पादपैः सर्वतो वृताम् ॥५-१४-५॥",
        "index": 5,
        "shloka_num": 5
    },
    {
        "text": "विहगैर्मृगसङ्घैश्च विचित्रां चित्रकाननाम् ।\nउदितादित्यसंकाशां ददर्श हनुमान् बली ॥५-१४-६॥",
        "index": 6,
        "shloka_num": 6
    },
    {
        "text": "वृतां नानाविधैर्वृक्षैः पुष्पोपगफलोपगैः ।\nकोकिलैर्भृङ्गराजैश्च मत्तैर्नित्यनिषेविताम् ॥५-१४-७॥",
        "index": 7,
        "shloka_num": 7
    },
    {
        "text": "प्रहृष्टमनुजां काले मृगपक्षिमदाकुलाम् ।\nमत्तबर्हिणसंघुष्टां नानाद्विजगणायुताम् ॥५-१४-८॥",
        "index": 8,
        "shloka_num": 8
    },
    {
        "text": "मार्गमाणो वरारोहां राजपुत्रीमनिन्दिताम् ।\nसुखप्रसुप्तान् विहगान् बोधयामास वानरः ॥५-१४-९॥",
        "index": 9,
        "shloka_num": 9
    },
    {
        "text": "उत्पतद्भिर्द्विजगणैः पक्षैर्वातैः समाहताः ।\nअनेकवर्णा विविधा मुमुचुः पुष्पवृष्टयः ॥५-१४-१०॥",
        "index": 10,
        "shloka_num": 10
    },
    {
        "text": "पुष्पावकीर्णः शुशुभे हनूमान् मारुतात्मजः ।\nअशोकवनिकामध्ये यथा पुष्पमयो गिरिः ॥५-१४-११॥",
        "index": 11,
        "shloka_num": 11
    },
    {
        "text": "दिशः सर्वाभिधावन्तं वृक्षखण्डगतं कपिम् ।\nदृष्ट्वा सर्वाणि भूतानि वसन्त इति मेनिरे ॥५-१४-१२॥",
        "index": 12,
        "shloka_num": 12
    },
    {
        "text": "वृक्षेभ्यः पतितैः पुष्पैरवकीर्णाः पृथग्विधैः ।\nरराज वसुधा तत्र प्रमदेव विभूषिता ॥५-१४-१३॥",
        "index": 13,
        "shloka_num": 13
    },
    {
        "text": "तरस्विना ते तरवस्तरसा बहु कम्पिताः ।\nकुसुमानि विचित्राणि ससृजुः कपिना तदा ॥५-१४-१४॥",
        "index": 14,
        "shloka_num": 14
    },
    {
        "text": "निर्धूतपत्रशिखराः शीर्णपुष्पफलद्रुमाः ।\nनिक्षिप्तवस्त्राभरणा धूर्ता इव पराजिताः ॥५-१४-१५॥",
        "index": 15,
        "shloka_num": 15
    },
    {
        "text": "हनूमता वेगवता कम्पितास्ते नगोत्तमाः ।\nपुष्पपत्रफलान्याशु मुमुचुः फलशालिनः ॥५-१४-१६॥",
        "index": 16,
        "shloka_num": 16
    },
    {
        "text": "विहंगसङ्घैर्हीनास्ते स्कन्धमात्राश्रया द्रुमाः ।\nबभूवुरगमाः सर्वे मारुतेन विनिर्धुताः ॥५-१४-१७॥",
        "index": 17,
        "shloka_num": 17
    },
    {
        "text": "विधूतकेशी युवतिर्यथा मृदितवर्णका ।\nनिपीतशुभदन्तोष्ठी नखैर्दन्तैश्च विक्षता ॥५-१४-१८॥",
        "index": 18,
        "shloka_num": 18
    },
    {
        "text": "तथा लांगूलहस्तैस्तु चरणाभ्यां च मर्दिता ।\nतथैवाशोकवनिका प्रभग्नवनपादपा ॥५-१४-१९॥",
        "index": 19,
        "shloka_num": 19
    },
    {
        "text": "महालतानां दामानि व्यधमत् तरसा कपिः ।\nयथा प्रावृषि वेगेन मेघजालानि मारुतः ॥५-१४-२०॥",
        "index": 20,
        "shloka_num": 20
    },
    {
        "text": "स तत्र मणिभूमीश्च राजतीश्च मनोरमाः ।\nतथा काञ्चनभूमीश्च विचरन् ददृशे कपिः ॥५-१४-२१॥",
        "index": 21,
        "shloka_num": 21
    },
    {
        "text": "वापीश्च विविधाकाराः पूर्णाः परमवारिणा ।\nमहार्हैर्मणिसोपानैरुपपन्नास्ततस्ततः ॥५-१४-२२॥",
        "index": 22,
        "shloka_num": 22
    },
    {
        "text": "मुक्ताप्रवालसिकताः स्फाटिकान्तरकुट्टिमाः ।\nकाञ्चनैस्तरुभिश्चित्रैस्तीरजैरुपशोभिताः ॥५-१४-२३॥",
        "index": 23,
        "shloka_num": 23
    },
    {
        "text": "बुद्धपद्मोत्पलवनाश्चक्रवाकोपशोभिताः ।\nनत्यूहरुतसंघुष्टा हंससारसनादिताः ॥५-१४-२४॥",
        "index": 24,
        "shloka_num": 24
    },
    {
        "text": "दीर्घाभिर्द्रुमयुक्ताभिः सरिद्भिश्च समन्ततः ।\nअमृतोपमतोयाभिः शिवाभिरुपसंस्कृताः ॥५-१४-२५॥",
        "index": 25,
        "shloka_num": 25
    },
    {
        "text": "लताशतैरवतताः संतानकुसुमावृताः ।\nनानागुल्मावृतवनाः करवीरकृतान्तराः ॥५-१४-२६॥",
        "index": 26,
        "shloka_num": 26
    },
    {
        "text": "ततोऽम्बुधरसंकाशं प्रवृद्धशिखरं गिरिम् ।\nविचित्रकूटं कूटैश्च सर्वतः परिवारितम् ॥५-१४-२७॥",
        "index": 27,
        "shloka_num": 27
    },
    {
        "text": "शिलागृहैरवततं नानावृक्षसमावृतम् ।\nददर्श कपिशार्दूलो रम्यं जगति पर्वतम् ॥५-१४-२८॥",
        "index": 28,
        "shloka_num": 28
    },
    {
        "text": "ददर्श च नगात् तस्मान्नदीं निपतितां कपिः ।\nअंकादिव समुत्पत्य प्रियस्य पतितां प्रियाम् ॥५-१४-२९॥",
        "index": 29,
        "shloka_num": 29
    },
    {
        "text": "जले निपतिताग्रैश्च पादपैरुपशोभिताम् ।\nवार्यमाणामिव क्रुद्धां प्रमदां प्रियबन्धुभिः ॥५-१४-३०॥",
        "index": 30,
        "shloka_num": 30
    },
    {
        "text": "पुनरावृत्ततोयां च ददर्श स महाकपिः ।\nप्रसन्नामिव कान्तस्य कान्तां पुनरुपस्थिताम् ॥५-१४-३१॥",
        "index": 31,
        "shloka_num": 31
    },
    {
        "text": "तस्यादूरात् स पद्मिन्यो नानाद्विजगणायुताः ।\nददर्श कपिशार्दूलो हनूमान् मारुतात्मजः ॥५-१४-३२॥",
        "index": 32,
        "shloka_num": 32
    },
    {
        "text": "कृत्रिमां दीर्घिकां चापि पूर्णां शीतेन वारिणा ।\nमणिप्रवरसोपानां मुक्तासिकतशोभिताम् ॥५-१४-३३॥",
        "index": 33,
        "shloka_num": 33
    },
    {
        "text": "विविधैर्मृगसङ्घैश्च विचित्रां चित्रकाननाम् ।\nप्रासादैः सुमहद्भिश्च निर्मितैर्विश्वकर्मणा ॥५-१४-३४॥",
        "index": 34,
        "shloka_num": 34
    },
    {
        "text": "काननैः कृत्रिमैश्चापि सर्वतः समलंकृताम् ।\nये केचित् पादपास्तत्र पुष्पोपगफलोपगाः ॥५-१४-३५॥",
        "index": 35,
        "shloka_num": 35
    },
    {
        "text": "सच्छत्राः सवितर्दीकाः सर्वे सौवर्णवेदिकाः ।\nलताप्रतानैर्बहुभिः पर्णैश्च बहुभिर्वृताम् ॥५-१४-३६॥",
        "index": 36,
        "shloka_num": 36
    },
    {
        "text": "काञ्चनीं शिंशपामेकां ददर्श स महाकपिः ।\nवृतां हेममयीभिस्तु वेदिकाभिः समन्ततः ॥५-१४-३७॥",
        "index": 37,
        "shloka_num": 37
    },
    {
        "text": "सोऽपश्यद् भूमिभागांश्च नगप्रस्रवणानि च ।\nसुवर्णवृक्षानपरान् ददर्श शिखिसंनिभान् ॥५-१४-३८॥",
        "index": 38,
        "shloka_num": 38
    },
    {
        "text": "तेषां द्रुमाणां प्रभया मेरोरिव महाकपिः ।\nअमन्यत तदा वीरः काञ्चनोऽस्मीति सर्वतः ॥५-१४-३९॥",
        "index": 39,
        "shloka_num": 39
    },
    {
        "text": "तान् काञ्चनान् वृक्षगणान् मारुतेन प्रकम्पितान् ।\nकिङ्किणीशतनिर्घोषान् दृष्ट्वा विस्मयमागमत् ॥५-१४-४०॥",
        "index": 40,
        "shloka_num": 40
    },
    {
        "text": "सुपुष्पिताग्रान् रुचिरांस्तरुणाङ्कुरपल्लवान् ।\nतामारुह्य महावेगः शिंशपां पर्णसंवृताम् ॥५-१४-४१॥",
        "index": 41,
        "shloka_num": 41
    },
    {
        "text": "इतो द्रक्ष्यामि वैदेहीं रामदर्शनलालसाम् ।\nइतश्चेतश्च दुःखार्तां सम्पतन्तीं यदृच्छया ॥५-१४-४२॥",
        "index": 42,
        "shloka_num": 42
    },
    {
        "text": "अशोकवनिका चेयं दृढं रम्या दुरात्मनः ।\nचन्दनैश्चम्पकैश्चापि बकुलैश्च विभूषिता ॥५-१४-४३॥",
        "index": 43,
        "shloka_num": 43
    },
    {
        "text": "इयं च नलिनी रम्या द्विजसङ्घनिषेविता ।\nइमां सा राजमहिषी नूनमेष्यति जानकी ॥५-१४-४४॥",
        "index": 44,
        "shloka_num": 44
    },
    {
        "text": "सा रामा राजमहिषी राघवस्य प्रिया सती ।\nवनसंचारकुशला ध्रुवमेष्यति जानकी ॥५-१४-४५॥",
        "index": 45,
        "shloka_num": 45
    },
    {
        "text": "अथवा मृगशावाक्षी वनस्यास्य विचक्षणा ।\nवनमेष्यति साद्येह रामचिन्तासुकर्शिता ॥५-१४-४६॥",
        "index": 46,
        "shloka_num": 46
    },
    {
        "text": "रामशोकाभिसंतप्ता सा देवी वामलोचना ।\nवनवासरता नित्यमेष्यते वनचारिणी ॥५-१४-४७॥",
        "index": 47,
        "shloka_num": 47
    },
    {
        "text": "वनेचराणां सततं नूनं स्पृहयते पुरा ।\nरामस्य दयिता चार्या जनकस्य सुता सती ॥५-१४-४८॥",
        "index": 48,
        "shloka_num": 48
    },
    {
        "text": "संध्याकालमनाः श्यामा ध्रुवमेष्यति जानकी ।\nनदीं चेमां शुभजलां संध्यार्थे वरवर्णिनी ॥५-१४-४९॥",
        "index": 49,
        "shloka_num": 49
    },
    {
        "text": "तस्याश्चाप्यनुरूपेयमशोकवनिका शुभा ।\nशुभायाः पार्थिवेन्द्रस्य पत्नी रामस्य सम्मता ॥५-१४-५०॥",
        "index": 50,
        "shloka_num": 50
    },
    {
        "text": "यदि जीवति सा देवी ताराधिपनिभानना ।\nआगमिष्यति सावश्यमिमां शीतजलां नदीम् ॥५-१४-५१॥",
        "index": 51,
        "shloka_num": 51
    },
    {
        "text": "एवं तु मत्वा हनुमान् महात्मा प्रतीक्षमाणो मनुजेन्द्रपत्नीम् ।\nअवेक्षमाणश्च ददर्श सर्वं सुपुष्पिते पर्णघने निलीनः ॥५-१४-५२॥",
        "index": 52,
        "shloka_num": 52
    },
    {
        "text": "इत्यार्षे श्रीमद्रामायणे वाल्मीकीये आदिकाव्ये सुन्दरकाण्डे अशोकवनिकाविचयः नाम चतुर्दशः सर्गः ॥५-१४॥",
        "index": 53,
        "shloka_num": null
    }
]