[
    {
        "text": "अथ श्रीमद्वाल्मीकीयरामायणे सुन्दरकाण्डे कृच्छ्रगतसीतोपमाः नाम एकोनविंशः सर्गः ॥५-१९॥",
        "index": 0,
        "shloka_num": null
    },
    {
        "text": "तस्मिन्नेव ततः काले राजपुत्री त्वनिन्दिता ।\nरूपयौवनसम्पन्नं भूषणोत्तमभूषितम् ॥५-१९-१॥",
        "index": 1,
        "shloka_num": 1
    },
    {
        "text": "ततो दृष्ट्वैव वैदेही रावणं राक्षसाधिपम् ।\nप्रावेपत वरारोहा प्रवाते कदली यथा ॥५-१९-२॥",
        "index": 2,
        "shloka_num": 2
    },
    {
        "text": "ऊरुभ्यामुदरं छाद्य बाहुभ्यां च पयोधरौ ।\nउपविष्टा विशालाक्षी रुदती वरवर्णिनी ॥५-१९-३॥",
        "index": 3,
        "shloka_num": 3
    },
    {
        "text": "दशग्रीवस्तु वैदेहीं रक्षितां राक्षसीगणैः ।\nददर्श दीनां दुःखार्तां नावं सन्नामिवार्णवे ॥५-१९-४॥",
        "index": 4,
        "shloka_num": 4
    },
    {
        "text": "असंवृतायामासीनां धरण्यां संशितव्रताम् ।\nछिन्नां प्रपतितां भूमौ शाखामिव वनस्पतेः ॥५-१९-५॥",
        "index": 5,
        "shloka_num": 5
    },
    {
        "text": "मलमण्डनदिग्धांगीं मण्डनार्हाममण्डनाम् ।\nमृणाली पङ्कदिग्धेव विभाति न विभाति च ॥५-१९-६॥",
        "index": 6,
        "shloka_num": 6
    },
    {
        "text": "समीपं राजसिंहस्य रामस्य विदितात्मनः ।\nसंकल्पहयसंयुक्तैर्यान्तीमिव मनोरथैः ॥५-१९-७॥",
        "index": 7,
        "shloka_num": 7
    },
    {
        "text": "शुष्यन्तीं रुदतीमेकां ध्यानशोकपरायणाम् ।\nदुःखस्यान्तमपश्यन्तीं रामां राममनुव्रताम् ॥५-१९-८॥",
        "index": 8,
        "shloka_num": 8
    },
    {
        "text": "चेष्टमानामथाविष्टां पन्नगेन्द्रवधूमिव ।\nधूप्यमानां ग्रहेणेव रोहिणीं धूमकेतुना ॥५-१९-९॥",
        "index": 9,
        "shloka_num": 9
    },
    {
        "text": "वृत्तशीले कुले जातामाचारवति धार्मिके ।\nपुनः संस्कारमापन्नां जातामिव च दुष्कुले ॥५-१९-१०॥",
        "index": 10,
        "shloka_num": 10
    },
    {
        "text": "सन्नामिव महाकीर्तिं श्रद्धामिव विमानिताम् ।\nप्रज्ञामिव परिक्षीणामाशां प्रतिहतामिव ॥५-१९-११॥",
        "index": 11,
        "shloka_num": 11
    },
    {
        "text": "आयतीमिव विध्वस्तामाज्ञां प्रतिहतामिव ।\nदीप्तामिव दिशं काले पूजामपहतामिव ॥५-१९-१२॥",
        "index": 12,
        "shloka_num": 12
    },
    {
        "text": "पौर्णमासीमिव निशां तमोग्रस्तेन्दुमण्डलाम् ।\nपद्मिनीमिव विध्वस्तां हतशूरां चमूमिव ॥५-१९-१३॥",
        "index": 13,
        "shloka_num": 13
    },
    {
        "text": "प्रभामिव तमोध्वस्तामुपक्षीणामिवापगाम् ।\nवेदीमिव परामृष्टां शान्तामग्निशिखामिव ॥५-१९-१४॥",
        "index": 14,
        "shloka_num": 14
    },
    {
        "text": "उत्कृष्टपर्णकमलां वित्रासितविहंगमाम् ।\nहस्तिहस्तपरामृष्टामाकुलामिव पद्मिनीम् ॥५-१९-१५॥",
        "index": 15,
        "shloka_num": 15
    },
    {
        "text": "पतिशोकातुरां शुष्कां नदीं विस्रावितामिव ।\nपरया मृजया हीनां कृष्णपक्षे निशामिव ॥५-१९-१६॥",
        "index": 16,
        "shloka_num": 16
    },
    {
        "text": "सुकुमारीं सुजातांगीं रत्नगर्भगृहोचिताम् ।\nतप्यमानामिवोष्णेन मृणालीमचिरोद्धृताम् ॥५-१९-१७॥",
        "index": 17,
        "shloka_num": 17
    },
    {
        "text": "गृहीतामालितां स्तम्भे यूथपेन विनाकृताम् ।\nनिःश्वसन्तीं सुदुःखार्तां गजराजवधूमिव ॥५-१९-१८॥",
        "index": 18,
        "shloka_num": 18
    },
    {
        "text": "एकया दीर्घया वेण्या शोभमानामयत्नतः ।\nनीलया नीरदापाये वनराज्या महीमिव ॥५-१९-१९॥",
        "index": 19,
        "shloka_num": 19
    },
    {
        "text": "उपवासेन शोकेन ध्यानेन च भयेन च ।\nपरिक्षीणां कृशां दीनामल्पाहारां तपोधनाम् ॥५-१९-२०॥",
        "index": 20,
        "shloka_num": 20
    },
    {
        "text": "आयाचमानां दुःखार्तां प्राञ्जलिं देवतामिव ।\nभावेन रघुमुख्यस्य दशग्रीवपराभवम् ॥५-१९-२१॥",
        "index": 21,
        "shloka_num": 21
    },
    {
        "text": "समीक्षमाणां रुदतीमनिन्दितां सुपक्ष्मताम्रायतशुक्ललोचनाम् ।\nअनुव्रतां राममतीव मैथिलीं प्रलोभयामास वधाय रावणः ॥५-१९-२२॥",
        "index": 22,
        "shloka_num": 22
    },
    {
        "text": "इत्यार्षे श्रीमद्रामायणे वाल्मीकीये आदिकाव्ये सुन्दरकाण्डे कृच्छ्रगतसीतोपमाः नाम एकोनविंशः सर्गः ॥५-१९॥",
        "index": 23,
        "shloka_num": null
    }
]