[
    {
        "text": "अथ श्रीमद्वाल्मीकीयरामायणे सुन्दरकाण्डे रावणतृणीकरणम् नाम एकविंशः सर्गः ॥५-२१॥",
        "index": 0,
        "shloka_num": null
    },
    {
        "text": "तस्य तद् वचनं श्रुत्वा सीता रौद्रस्य रक्षसः ।\nआर्ता दीनस्वरा दीनं प्रत्युवाच ततः शनैः ॥५-२१-१॥",
        "index": 1,
        "shloka_num": 1
    },
    {
        "text": "दुःखार्ता रुदती सीता वेपमाना तपस्विनी ।\nचिन्तयन्ती वरारोहा पतिमेव पतिव्रता ॥५-२१-२॥",
        "index": 2,
        "shloka_num": 2
    },
    {
        "text": "तृणमन्तरतः कृत्वा प्रत्युवाच शुचिस्मिता ।\nनिवर्तय मनो मत्तः स्वजने प्रीयतां मनः ॥५-२१-३॥",
        "index": 3,
        "shloka_num": 3
    },
    {
        "text": "न मां प्रार्थयितुं युक्तस्त्वं सिद्धिमिव पापकृत् ।\nअकार्यं न मया कार्यमेकपत्न्या विगर्हितम् ॥५-२१-४॥",
        "index": 4,
        "shloka_num": 4
    },
    {
        "text": "कुलं सम्प्राप्तया पुण्यं कुले महति जातया ।\nएवमुक्त्वा तु वैदेही रावणं तं यशस्विनी ॥५-२१-५॥",
        "index": 5,
        "shloka_num": 5
    },
    {
        "text": "रावणं पृष्ठतः कृत्वा भूयो वचनमब्रवीत् ।\nनाहमौपयिकी भार्या परभार्या सती तव ॥५-२१-६॥",
        "index": 6,
        "shloka_num": 6
    },
    {
        "text": "साधु धर्ममवेक्षस्व साधु साधुव्रतं चर ।\nयथा तव तथान्येषां रक्ष्या दारा निशाचर ॥५-२१-७॥",
        "index": 7,
        "shloka_num": 7
    },
    {
        "text": "आत्मानमुपमां कृत्वा स्वेषु दारेषु रम्यताम् ।\nअतुष्टं स्वेषु दारेषु चपलं चपलेन्द्रियम् ।\nनयन्ति निकृतिप्रज्ञं परदाराः पराभवम् ॥५-२१-८॥",
        "index": 8,
        "shloka_num": 8
    },
    {
        "text": "इह सन्तो न वा सन्ति सतो वा नानुवर्तसे ।\nयथा हि विपरीता ते बुद्धिराचारवर्जिता ॥५-२१-९॥",
        "index": 9,
        "shloka_num": 9
    },
    {
        "text": "वचो मिथ्याप्रणीतात्मा पथ्यमुक्तं विचक्षणैः ।\nराक्षसानामभावाय त्वं वा न प्रतिपद्यसे ॥५-२१-१०॥",
        "index": 10,
        "shloka_num": 10
    },
    {
        "text": "अकृतात्मानमासाद्य राजानमनये रतम् ।\nसमृद्धानि विनश्यन्ति राष्ट्राणि नगराणि च ॥५-२१-११॥",
        "index": 11,
        "shloka_num": 11
    },
    {
        "text": "तथैव त्वां समासाद्य लंका रत्नौघसंकुला ।\nअपराधात् तवैकस्य नचिराद् विनशिष्यति ॥५-२१-१२॥",
        "index": 12,
        "shloka_num": 12
    },
    {
        "text": "स्वकृतैर्हन्यमानस्य रावणादीर्घदर्शिनः ।\nअभिनन्दन्ति भूतानि विनाशे पापकर्मणः ॥५-२१-१३॥",
        "index": 13,
        "shloka_num": 13
    },
    {
        "text": "एवं त्वां पापकर्माणं वक्ष्यन्ति निकृता जनाः ।\nदिष्ट्यैतद् व्यसनं प्राप्तो रौद्र इत्येव हर्षिताः ॥५-२१-१४॥",
        "index": 14,
        "shloka_num": 14
    },
    {
        "text": "शक्या लोभयितुं नाहमैश्वर्येण धनेन वा ।\nअनन्या राघवेणाहं भास्करेण यथा प्रभा ॥५-२१-१५॥",
        "index": 15,
        "shloka_num": 15
    },
    {
        "text": "उपधाय भुजं तस्य लोकनाथस्य सत्कृतम् ।\nकथं नामोपधास्यामि भुजमन्यस्य कस्यचित् ॥५-२१-१६॥",
        "index": 16,
        "shloka_num": 16
    },
    {
        "text": "अहमौपयिकी भार्या तस्यैव च धरापतेः ।\nव्रतस्नातस्य विद्येव विप्रस्य विदितात्मनः ॥५-२१-१७॥",
        "index": 17,
        "shloka_num": 17
    },
    {
        "text": "साधु रावण रामेण मां समानय दुःखिताम् ।\nवने वासितया सार्धं करेण्वेव गजाधिपम् ॥५-२१-१८॥",
        "index": 18,
        "shloka_num": 18
    },
    {
        "text": "मित्रमौपयिकं कर्तुं रामः स्थानं परीप्सता ।\nबन्धं चानिच्छता घोरं त्वयासौ पुरुषर्षभः ॥५-२१-१९॥",
        "index": 19,
        "shloka_num": 19
    },
    {
        "text": "विदितः सर्वधर्मज्ञः शरणागतवत्सलः ।\nतेन मैत्री भवतु ते यदि जीवितुमिच्छसि ॥५-२१-२०॥",
        "index": 20,
        "shloka_num": 20
    },
    {
        "text": "प्रसादयस्व त्वं चैनं शरणागतवत्सलम् ।\nमां चास्मै प्रयतो भूत्वा निर्यातयितुमर्हसि ॥५-२१-२१॥",
        "index": 21,
        "shloka_num": 21
    },
    {
        "text": "एवं हि ते भवेत् स्वस्ति सम्प्रदाय रघूत्तमे ।\nअन्यथा त्वं हि कुर्वाणः परां प्राप्स्यसि चापदम् ॥५-२१-२२॥",
        "index": 22,
        "shloka_num": 22
    },
    {
        "text": "वर्जयेद् वज्रमुत्सृष्टं वर्जयेदन्तकश्चिरम् ।\nत्वद्विधं न तु संक्रुद्धो लोकनाथः स राघवः ॥५-२१-२३॥",
        "index": 23,
        "shloka_num": 23
    },
    {
        "text": "रामस्य धनुषः शब्दं श्रोष्यसि त्वं महास्वनम् ।\nशतक्रतुविसृष्टस्य निर्घोषमशनेरिव ॥५-२१-२४॥",
        "index": 24,
        "shloka_num": 24
    },
    {
        "text": "इह शीघ्रं सुपर्वाणो ज्वलितास्या इवोरगाः ।\nइषवो निपतिष्यन्ति रामलक्ष्मणलक्षिताः ॥५-२१-२५॥",
        "index": 25,
        "shloka_num": 25
    },
    {
        "text": "रक्षांसि निहनिष्यन्तः पुर्यामस्यां न संशयः ।\nअसम्पातं करिष्यन्ति पतन्तः कङ्कवाससः ॥५-२१-२६॥",
        "index": 26,
        "shloka_num": 26
    },
    {
        "text": "राक्षसेन्द्रमहासर्पान् स रामगरुडो महान् ।\nउद्धरिष्यति वेगेन वैनतेय इवोरगान् ॥५-२१-२७॥",
        "index": 27,
        "shloka_num": 27
    },
    {
        "text": "अपनेष्यति मां भर्ता त्वत्तः शीघ्रमरिंदमः ।\nअसुरेभ्यः श्रियं दीप्तां विष्णुस्त्रिभिरिव क्रमैः ॥५-२१-२८॥",
        "index": 28,
        "shloka_num": 28
    },
    {
        "text": "जनस्थाने हतस्थाने निहते रक्षसां बले ।\nअशक्तेन त्वया रक्षः कृतमेतदसाधु वै ॥५-२१-२९॥",
        "index": 29,
        "shloka_num": 29
    },
    {
        "text": "आश्रमं तत्तयोः शून्यं प्रविश्य नरसिंहयोः ।\nगोचरं गतयोर्भ्रात्रोरपनीता त्वयाधम ॥५-२१-३०॥",
        "index": 30,
        "shloka_num": 30
    },
    {
        "text": "नहि गन्धमुपाघ्राय रामलक्ष्मणयोस्त्वया ।\nशक्यं संदर्शने स्थातुं शुना शार्दूलयोरिव ॥५-२१-३१॥",
        "index": 31,
        "shloka_num": 31
    },
    {
        "text": "तस्य ते विग्रहे ताभ्यां युगग्रहणमस्थिरम् ।\nवृत्रस्येवेन्द्रबाहुभ्यां बाहोरेकस्य विग्रहे ॥५-२१-३२॥",
        "index": 32,
        "shloka_num": 32
    },
    {
        "text": "क्षिप्रं तव स नाथो मे रामः सौमित्रिणा सह ।\nतोयमल्पमिवादित्यः प्राणानादास्यते शरैः ॥५-२१-३३॥",
        "index": 33,
        "shloka_num": 33
    },
    {
        "text": "गिरिं कुबेरस्य गतोऽथवाऽऽलयं सभां गतो वा वरुणस्य राज्ञः ।\nअसंशयं दाशरथेर्विमोक्ष्यसे महाद्रुमः कालहतोऽशनेरिव ॥५-२१-३४॥",
        "index": 34,
        "shloka_num": 34
    },
    {
        "text": "इत्यार्षे श्रीमद्रामायणे वाल्मीकीये आदिकाव्ये सुन्दरकाण्डे रावणतृणीकरणम् नाम एकविंशः सर्गः ॥५-२१॥",
        "index": 35,
        "shloka_num": null
    }
]