[
    {
        "text": "अथ श्रीमद्वाल्मीकीयरामायणे सुन्दरकाण्डे हनूमत्सन्देशः नाम एकोनचत्वारिंशः सर्गः ॥५-३९॥",
        "index": 0,
        "shloka_num": null
    },
    {
        "text": "मणिं दत्त्वा ततः सीता हनूमन्तमथाब्रवीत् ।\nअभिज्ञानमभिज्ञातमेतद् रामस्य तत्त्वतः ॥५-३९-१॥",
        "index": 1,
        "shloka_num": 1
    },
    {
        "text": "मणिं दृष्ट्वा तु रामो वै त्रयाणां संस्मरिष्यति ।\nवीरो जनन्या मम च राज्ञो दशरथस्य च ॥५-३९-२॥",
        "index": 2,
        "shloka_num": 2
    },
    {
        "text": "स भूयस्त्वं समुत्साहचोदितो हरिसत्तम ।\nअस्मिन् कार्यसमुत्साहे प्रचिन्तय यदुत्तरम् ॥५-३९-३॥",
        "index": 3,
        "shloka_num": 3
    },
    {
        "text": "त्वमस्मिन् कार्यनिर्योगे प्रमाणं हरिसत्तम ।\nतस्य चिन्तय यो यत्नो दुःखक्षयकरो भवेत् ॥५-३९-४॥",
        "index": 4,
        "shloka_num": 4
    },
    {
        "text": "हनूमन् यत्नमास्थाय दुःखक्षयकरो भव ।\nस तथेति प्रतिज्ञाय मारुतिर्भीमविक्रमः ॥५-३९-५॥",
        "index": 5,
        "shloka_num": 5
    },
    {
        "text": "शिरसाऽऽवन्द्य वैदेहीं गमनायोपचक्रमे ।\nज्ञात्वा सम्प्रस्थितं देवी वानरं पवनात्मजम् ॥५-३९-६॥",
        "index": 6,
        "shloka_num": 6
    },
    {
        "text": "बाष्पगद्गदया वाचा मैथिली वाक्यमब्रवीत् ।\nहनूमन् कुशलं ब्रूयाः सहितौ रामलक्ष्मणौ ॥५-३९-७॥",
        "index": 7,
        "shloka_num": 7
    },
    {
        "text": "सुग्रीवं च सहामात्यं सर्वान् वृद्धांश्च वानरान् ।\nब्रूयास्त्वं वानरश्रेष्ठ कुशलं धर्मसंहितम् ॥५-३९-८॥",
        "index": 8,
        "shloka_num": 8
    },
    {
        "text": "यथा च स महाबाहुर्मां तारयति राघवः ।\nअस्माद् दुःखाम्बुसंरोधात् त्वं समाधातुमर्हसि ॥५-३९-९॥",
        "index": 9,
        "shloka_num": 9
    },
    {
        "text": "जीवन्तीं मां यथा रामः सम्भावयति कीर्तिमान् ।\nतत् त्वया हनुमन् वाच्यं वाचा धर्ममवाप्नुहि ॥५-३९-१०॥",
        "index": 10,
        "shloka_num": 10
    },
    {
        "text": "नित्यमुत्साहयुक्तस्य वाचः श्रुत्वा मयेरिताः ।\nवर्धिष्यते दाशरथेः पौरुषं मदवाप्तये ॥५-३९-११॥",
        "index": 11,
        "shloka_num": 11
    },
    {
        "text": "मत्संदेशयुता वाचस्त्वत्तः श्रुत्वैव राघवः ।\nपराक्रमे मतिं वीरो विधिवत् संविधास्यति ॥५-३९-१२॥",
        "index": 12,
        "shloka_num": 12
    },
    {
        "text": "सीतायास्तद् वचः श्रुत्वा हनूमान् मारुतात्मजः ।\nशिरस्यञ्जलिमाधाय वाक्यमुत्तरमब्रवीत् ॥५-३९-१३॥",
        "index": 13,
        "shloka_num": 13
    },
    {
        "text": "क्षिप्रमेष्यति काकुत्स्थो हर्यृक्षप्रवरैर्वृतः ।\nयस्ते युधि विजित्यारीन् शोकं व्यपनयिष्यति ॥५-३९-१४॥",
        "index": 14,
        "shloka_num": 14
    },
    {
        "text": "नहि पश्यामि मर्त्येषु नासुरेषु सुरेषु वा ।\nयस्तस्य वमतो बाणान् स्थातुमुत्सहतेऽग्रतः ॥५-३९-१५॥",
        "index": 15,
        "shloka_num": 15
    },
    {
        "text": "अप्यर्कमपि पर्जन्यमपि वैवस्वतं यमम् ।\nस हि सोढुं रणे शक्तस्तव हेतोर्विशेषतः ॥५-३९-१६॥",
        "index": 16,
        "shloka_num": 16
    },
    {
        "text": "स हि सागरपर्यन्तां महीं साधितुमर्हति ।\nत्वन्निमित्तो हि रामस्य जयो जनकनन्दिनि ॥५-३९-१७॥",
        "index": 17,
        "shloka_num": 17
    },
    {
        "text": "तस्य तद् वचनं श्रुत्वा सम्यक् सत्यं सुभाषितम् ।\nजानकी बहु मेने तं वचनं चेदमब्रवीत् ॥५-३९-१८॥",
        "index": 18,
        "shloka_num": 18
    },
    {
        "text": "ततस्तं प्रस्थितं सीता वीक्षमाणा पुनः पुनः ।\nभर्तृस्नेहान्वितं वाक्यं सौहार्दादनुमानयत् ॥५-३९-१९॥",
        "index": 19,
        "shloka_num": 19
    },
    {
        "text": "यदि वा मन्यसे वीर वसैकाहमरिंदम ।\nकस्मिंश्चित् संवृते देशे विश्रान्तः श्वो गमिष्यसि ॥५-३९-२०॥",
        "index": 20,
        "shloka_num": 20
    },
    {
        "text": "मम चैवाल्पभाग्यायाः सांनिध्यात् तव वानर ।\nअस्य शोकस्य महतो मुहूर्तं मोक्षणं भवेत् ॥५-३९-२१॥",
        "index": 21,
        "shloka_num": 21
    },
    {
        "text": "ततो हि हरिशार्दूल पुनरागमनाय तु ।\nप्राणानामपि संदेहो मम स्यान्नात्र संशयः ॥५-३९-२२॥",
        "index": 22,
        "shloka_num": 22
    },
    {
        "text": "तवादर्शनजः शोको भूयो मां परितापयेत् ।\nदुःखादुःखपरामृष्टां दीपयन्निव वानर ॥५-३९-२३॥",
        "index": 23,
        "shloka_num": 23
    },
    {
        "text": "अयं च वीर संदेहस्तिष्ठतीव ममाग्रतः ।\nसुमहांस्त्वत्सहायेषु हर्यृक्षेषु हरीश्वर ॥५-३९-२४॥",
        "index": 24,
        "shloka_num": 24
    },
    {
        "text": "कथं नु खलु दुष्पारं तरिष्यन्ति महोदधिम् ।\nतानि हर्यृक्षसैन्यानि तौ वा नरवरात्मजौ ॥५-३९-२५॥",
        "index": 25,
        "shloka_num": 25
    },
    {
        "text": "त्रयाणामेव भूतानां सागरस्येह लङ्घने ।\nशक्तिः स्याद् वैनतेयस्य तव वा मारुतस्य वा ॥५-३९-२६॥",
        "index": 26,
        "shloka_num": 26
    },
    {
        "text": "तदस्मिन् कार्यनिर्योगे वीरैवं दुरतिक्रमे ।\nकिं पश्यसे समाधानं त्वं हि कार्यविदां वरः ॥५-३९-२७॥",
        "index": 27,
        "shloka_num": 27
    },
    {
        "text": "काममस्य त्वमेवैकः कार्यस्य परिसाधने ।\nपर्याप्तः परवीरघ्न यशस्यस्ते फलोदयः ॥५-३९-२८॥",
        "index": 28,
        "shloka_num": 28
    },
    {
        "text": "बलैः समग्रैर्युधि मां रावणं जित्य संयुगे ।\nविजयी स्वपुरं यायात् तत्तस्य सदृशं भवेत् ॥५-३९-२९॥",
        "index": 29,
        "shloka_num": 29
    },
    {
        "text": "बलैस्तु संकुलां कृत्वा लङ्कां परबलार्दनः ।\nमां नयेद् यदि काकुत्स्थस्तत् तस्य सदृशं भवेत् ॥५-३९-३०॥",
        "index": 30,
        "shloka_num": 30
    },
    {
        "text": "तद्यथा तस्य विक्रान्तमनुरूपं महात्मनः ।\nभवेदाहवशूरस्य तथा त्वमुपपादय ॥५-३९-३१॥",
        "index": 31,
        "shloka_num": 31
    },
    {
        "text": "तदर्थोपहितं वाक्यं प्रश्रितं हेतुसंहितम् ।\nनिशम्य हनुमान् शेषं वाक्यमुत्तरमब्रवीत् ॥५-३९-३२॥",
        "index": 32,
        "shloka_num": 32
    },
    {
        "text": "देवि हर्यृक्षसैन्यानामीश्वरः प्लवतां वरः ।\nसुग्रीवः सत्यसम्पन्नस्तवार्थे कृतनिश्चयः ॥५-३९-३३॥",
        "index": 33,
        "shloka_num": 33
    },
    {
        "text": "स वानरसहस्राणां कोटीभिरभिसंवृतः ।\nक्षिप्रमेष्यति वैदेहि राक्षसानां निबर्हणः ॥५-३९-३४॥",
        "index": 34,
        "shloka_num": 34
    },
    {
        "text": "तस्य विक्रमसम्पन्नाः सत्त्ववन्तो महाबलाः ।\nमनःसंकल्पसम्पाता निदेशे हरयः स्थिताः ॥५-३९-३५॥",
        "index": 35,
        "shloka_num": 35
    },
    {
        "text": "येषां नोपरि नाधस्तान्न तिर्यक् सज्जते गतिः ।\nन च कर्मसु सीदन्ति महत्स्वमिततेजसः ॥५-३९-३६॥",
        "index": 36,
        "shloka_num": 36
    },
    {
        "text": "असकृत् तैर्महोत्साहैः ससागरधराधरा ।\nप्रदक्षिणीकृता भूमिर्वायुमार्गानुसारिभिः ॥५-३९-३७॥",
        "index": 37,
        "shloka_num": 37
    },
    {
        "text": "मद्विशिष्टाश्च तुल्याश्च सन्ति तत्र वनौकसः ।\nमत्तः प्रत्यवरः कश्चिन्नास्ति सुग्रीवसंनिधौ ॥५-३९-३८॥",
        "index": 38,
        "shloka_num": 38
    },
    {
        "text": "अहं तावदिह प्राप्तः किं पुनस्ते महाबलाः ।\nनहि प्रकृष्टाः प्रेष्यन्ते प्रेष्यन्ते हीतरे जनाः ॥५-३९-३९॥",
        "index": 39,
        "shloka_num": 39
    },
    {
        "text": "तदलं परितापेन देवि शोको व्यपैतु ते ।\nएकोत्पातेन ते लङ्कामेष्यन्ति हरियूथपाः ॥५-३९-४०॥",
        "index": 40,
        "shloka_num": 40
    },
    {
        "text": "मम पृष्ठगतौ तौ च चन्द्रसूर्याविवोदितौ ।\nत्वत्सकाशं महासङ्घौ नृसिंहावागमिष्यतः ॥५-३९-४१॥",
        "index": 41,
        "shloka_num": 41
    },
    {
        "text": "तौ हि वीरौ नरवरौ सहितौ रामलक्ष्मणौ ।\nआगम्य नगरीं लङ्कां सायकैर्विधमिष्यतः ॥५-३९-४२॥",
        "index": 42,
        "shloka_num": 42
    },
    {
        "text": "सगणं रावणं हत्वा राघवो रघुनन्दनः ।\nत्वामादाय वरारोहे स्वपुरीं प्रति यास्यति ॥५-३९-४३॥",
        "index": 43,
        "shloka_num": 43
    },
    {
        "text": "तदाश्वसिहि भद्रं ते भव त्वं कालकाङ्क्षिणी ।\nनचिराद् द्रक्ष्यसे रामं प्रज्वलन्तमिवानलम् ॥५-३९-४४॥",
        "index": 44,
        "shloka_num": 44
    },
    {
        "text": "निहते राक्षसेन्द्रे च सपुत्रामात्यबान्धवे ।\nत्वं समेष्यसि रामेण शशाङ्केनेव रोहिणी ॥५-३९-४५॥",
        "index": 45,
        "shloka_num": 45
    },
    {
        "text": "क्षिप्रं त्वं देवि शोकस्य पारं द्रक्ष्यसि मैथिलि ।\nरावणं चैव रामेण द्रक्ष्यसे निहतं बलात् ॥५-३९-४६॥",
        "index": 46,
        "shloka_num": 46
    },
    {
        "text": "एवमाश्वास्य वैदेहीं हनूमान् मारुतात्मजः ।\nगमनाय मतिं कृत्वा वैदेहीं पुनरब्रवीत् ॥५-३९-४७॥",
        "index": 47,
        "shloka_num": 47
    },
    {
        "text": "तमरिघ्नं कृतात्मानं क्षिप्रं द्रक्ष्यसि राघवम् ।\nलक्ष्मणं च धनुष्पाणिं लङ्काद्वारमुपागतम् ॥५-३९-४८॥",
        "index": 48,
        "shloka_num": 48
    },
    {
        "text": "नखदंष्ट्रायुधान् वीरान् सिंहशार्दूलविक्रमान् ।\nवानरान् वारणेन्द्राभान् क्षिप्रं द्रक्ष्यसि संगतान् ॥५-३९-४९॥",
        "index": 49,
        "shloka_num": 49
    },
    {
        "text": "शैलाम्बुदनिकाशानां लङ्कामलयसानुषु ।\nनर्दतां कपिमुख्यानामार्ये यूथान्यनेकशः ॥५-३९-५०॥",
        "index": 50,
        "shloka_num": 50
    },
    {
        "text": "स तु मर्मणि घोरेण ताडितो मन्मथेषुणा ।\nन शर्म लभते रामः सिंहार्दित इव द्विपः ॥५-३९-५१॥",
        "index": 51,
        "shloka_num": 51
    },
    {
        "text": "रुद मा देवि शोकेन मा भूत् ते मनसो भयम् ।\nशचीव भर्त्रा शक्रेण सङ्गमेष्यसि शोभने ॥५-३९-५२॥",
        "index": 52,
        "shloka_num": 52
    },
    {
        "text": "रामाद् विशिष्टः कोऽन्योऽस्ति कश्चित् सौमित्रिणा समः ।\nअग्निमारुतकल्पौ तौ भ्रातरौ तव संश्रयौ ॥५-३९-५३॥",
        "index": 53,
        "shloka_num": 53
    },
    {
        "text": "नास्मिंश्चिरं वत्स्यसि देवि देशे रक्षोगणैरध्युषितेऽतिरौद्रे ।\nन ते चिरादागमनं प्रियस्य क्षमस्व मत्संगमकालमात्रम् ॥५-३९-५४॥",
        "index": 54,
        "shloka_num": 54
    },
    {
        "text": "इत्यार्षे श्रीमद्रामायणे वाल्मीकीये आदिकाव्ये सुन्दरकाण्डे हनूमत्सन्देशः नाम एकोनचत्वारिंशः सर्गः ॥५-३९॥",
        "index": 55,
        "shloka_num": null
    }
]