[
    {
        "text": "अथ श्रीमद्वाल्मीकीयरामायणे सुन्दरकाण्डे प्रहस्तप्रश्नः नाम पञ्चाशः सर्गः ॥५-५०॥",
        "index": 0,
        "shloka_num": null
    },
    {
        "text": "तमुद्वीक्ष्य महाबाहुः पिङ्गाक्षं पुरतः स्थितम् ।\nरोषेण महताऽऽविष्टो रावणो लोकरावणः ॥५-५०-१॥",
        "index": 1,
        "shloka_num": 1
    },
    {
        "text": "शङ्काहतात्मा दध्यौ स कपीन्द्रं तेजसा वृतम् ।\nकिमेष भगवान् नन्दी भवेत् साक्षादिहागतः ॥५-५०-२॥",
        "index": 2,
        "shloka_num": 2
    },
    {
        "text": "येन शप्तोऽस्मि कैलासे मया प्रहसिते पुरा ।\nसोऽयं वानरमूर्तिः स्यात्किंस्विद् बाणोऽपि वासुरः ॥५-५०-३॥",
        "index": 3,
        "shloka_num": 3
    },
    {
        "text": "स राजा रोषताम्राक्षः प्रहस्तं मन्त्रिसत्तमम् ।\nकालयुक्तमुवाचेदं वचो विपुलमर्थवत् ॥५-५०-४॥",
        "index": 4,
        "shloka_num": 4
    },
    {
        "text": "दुरात्मा पृच्छ्यतामेष कुतः किं वास्य कारणम् ।\nवनभङ्गे च कोऽस्यार्थो राक्षसानां च तर्जने ॥५-५०-५॥",
        "index": 5,
        "shloka_num": 5
    },
    {
        "text": "मत्पुरीमप्रधृष्यां वै गमने किं प्रयोजनम् ।\nआयोधने वा कं कार्यं पृच्छ्यतामेष दुर्मतिः ॥५-५०-६॥",
        "index": 6,
        "shloka_num": 6
    },
    {
        "text": "रावणस्य वचः श्रुत्वा प्रहस्तो वाक्यमब्रवीत् ।\nसमाश्वसिहि भद्रं ते न भीः कार्या त्वया कपे ॥५-५०-७॥",
        "index": 7,
        "shloka_num": 7
    },
    {
        "text": "यदि तावत् त्वमिन्द्रेण प्रेषितो रावणालयम् ।\nतत्त्वमाख्याहि मा ते भूद् भयं वानर मोक्ष्यसे ॥५-५०-८॥",
        "index": 8,
        "shloka_num": 8
    },
    {
        "text": "यदि वैश्रवणस्य त्वं यमस्य वरुणस्य च ।\nचारुरूपमिदं कृत्वा प्रविष्टो नः पुरीमिमाम् ॥५-५०-९॥",
        "index": 9,
        "shloka_num": 9
    },
    {
        "text": "विष्णुना प्रेषितो वापि दूतो विजयकाङ्क्षिणा ।\nनहि ते वानरं तेजो रूपमात्रं तु वानरम् ॥५-५०-१०॥",
        "index": 10,
        "shloka_num": 10
    },
    {
        "text": "तत्त्वतः कथयस्वाद्य ततो वानर मोक्ष्यसे ।\nअनृतं वदतश्चापि दुर्लभं तव जीवितम् ॥५-५०-११॥",
        "index": 11,
        "shloka_num": 11
    },
    {
        "text": "अथवा यन्निमित्तस्ते प्रवेशो रावणालये ।\nएवमुक्तो हरिवरस्तदा रक्षोगणेश्वरम् ॥५-५०-१२॥",
        "index": 12,
        "shloka_num": 12
    },
    {
        "text": "अब्रवीन्नास्मि शक्रस्य यमस्य वरुणस्य च ।\nधनदेन न मे सख्यं विष्णुना नास्मि चोदितः ॥५-५०-१३॥",
        "index": 13,
        "shloka_num": 13
    },
    {
        "text": "जातिरेव मम त्वेषा वानरोऽहमिहागतः ।\nदर्शने राक्षसेन्द्रस्य तदिदं दुर्लभं मया ॥५-५०-१४॥",
        "index": 14,
        "shloka_num": 14
    },
    {
        "text": "वनं राक्षसराजस्य दर्शनार्थं विनाशितम् ।\nततस्ते राक्षसाः प्राप्ता बलिनो युद्धकाङ्क्षिणः ॥५-५०-१५॥",
        "index": 15,
        "shloka_num": 15
    },
    {
        "text": "रक्षणार्थं च देहस्य प्रतियुद्धा मया रणे ।\nअस्त्रपाशैर्न शक्योऽहं बद्धुं देवासुरैरपि ॥५-५०-१६॥",
        "index": 16,
        "shloka_num": 16
    },
    {
        "text": "पितामहादेष वरो ममापि हि समागतः ।\nराजानं द्रष्टुकामेन मयास्त्रमनुवर्तितम् ॥५-५०-१७॥",
        "index": 17,
        "shloka_num": 17
    },
    {
        "text": "विमुक्तोऽप्यहमस्त्रेण राक्षसैस्त्वभिवेदितः ।\nकेनचिद् रामकार्येण आगतोऽस्मि तवान्तिकम् ॥५-५०-१८॥",
        "index": 18,
        "shloka_num": 18
    },
    {
        "text": "दूतोऽहमिति विज्ञाय राघवस्यामितौजसः ।\nश्रूयतामेव वचनं मम पथ्यमिदं प्रभो ॥५-५०-१९॥",
        "index": 19,
        "shloka_num": 19
    },
    {
        "text": "इत्यार्षे श्रीमद्रामायणे वाल्मीकीये आदिकाव्ये सुन्दरकाण्डे प्रहस्तप्रश्नः नाम पञ्चाशः सर्गः ॥५-५०॥",
        "index": 20,
        "shloka_num": null
    }
]