[
    {
        "text": "अथ श्रीमद्वाल्मीकीयरामायणे सुन्दरकाण्डे हनूमत्प्रत्यागमनम् नाम सप्तपञ्चाशः सर्गः ॥५-५७॥",
        "index": 0,
        "shloka_num": null
    },
    {
        "text": "आप्लुत्य च महावेगः पक्षवानिव पर्वतः ।\nभुजङ्गयक्षगन्धर्वप्रबुद्धकमलोत्पलम् ॥५-५७-१॥",
        "index": 1,
        "shloka_num": 1
    },
    {
        "text": "स चन्द्रकुमुदं रम्यं सार्ककारण्डवं शुभम् ।\nतिष्यश्रवणकादम्बमभ्रशैवलशाद्वलम् ॥५-५७-२॥",
        "index": 2,
        "shloka_num": 2
    },
    {
        "text": "पुनर्वसुमहामीनं लोहिताङ्गमहाग्रहम् ।\nऐरावतमहाद्वीपं स्वातीहंसविलासितम् ॥५-५७-३॥",
        "index": 3,
        "shloka_num": 3
    },
    {
        "text": "वातसंघातजालोर्मिचन्द्रांशुशिशिराम्बुमत् ।\nहनूमानपरिश्रान्तः पुप्लुवे गगनार्णवम् ॥५-५७-४॥",
        "index": 4,
        "shloka_num": 4
    },
    {
        "text": "ग्रसमान इवाकाशं ताराधिपमिवोल्लिखन् ।\nहरन्निव सनक्षत्रं गगनं सार्कमण्डलम् ॥५-५७-५॥",
        "index": 5,
        "shloka_num": 5
    },
    {
        "text": "अपारमपरिश्रान्तश्चाम्बुधिं समगाहत ।\nहनूमान् मेघजालानि विकर्षन्निव गच्छति ॥५-५७-६॥",
        "index": 6,
        "shloka_num": 6
    },
    {
        "text": "पाण्डुरारुणवर्णानि नीलमाञ्जिष्ठकानि च ।\nहरितारुणवर्णानि महाभ्राणि चकाशिरे ॥५-५७-७॥",
        "index": 7,
        "shloka_num": 7
    },
    {
        "text": "प्रविशन्नभ्रजालानि निष्क्रमंश्च पुनः पुनः ।\nप्रकाशश्चाप्रकाशश्च चन्द्रमा इव दृश्यते ॥५-५७-८॥",
        "index": 8,
        "shloka_num": 8
    },
    {
        "text": "विविधाभ्रघनापन्नगोचरो धवलाम्बरः ।\nदृश्यादृश्यतनुर्वीरस्तथा चन्द्रायतेऽम्बरे ॥५-५७-९॥",
        "index": 9,
        "shloka_num": 9
    },
    {
        "text": "तार्क्ष््यायमाणो गगने स बभौ वायुनन्दनः ।\nदारयन् मेघवृन्दानि निष्पतंश्च पुनः पुनः ॥५-५७-१०॥",
        "index": 10,
        "shloka_num": 10
    },
    {
        "text": "नदन् नादेन महता मेघस्वनमहास्वनः ।\nप्रवरान् राक्षसान् हत्वा नाम विश्राव्य चात्मनः ॥५-५७-११॥",
        "index": 11,
        "shloka_num": 11
    },
    {
        "text": "आकुलां नगरीं कृत्वा व्यथयित्वा च रावणम् ।\nअर्दयित्वा महावीरान् वैदेहीमभिवाद्य च ॥५-५७-१२॥",
        "index": 12,
        "shloka_num": 12
    },
    {
        "text": "आजगाम महातेजाः पुनर्मध्येन सागरम् ।\nपर्वतेन्द्रं सुनाभं च समुपस्पृश्य वीर्यवान् ॥५-५७-१३॥",
        "index": 13,
        "shloka_num": 13
    },
    {
        "text": "ज्यामुक्त इव नाराचो महावेगोऽभ्युपागमत् ।\nस किंचिदारात् सम्प्राप्तः समालोक्य महागिरिम् ॥५-५७-१४॥",
        "index": 14,
        "shloka_num": 14
    },
    {
        "text": "महेन्द्रं मेघसंकाशं ननाद स महाकपिः ।\nस पूरयामास कपिर्दिशो दश समन्ततः ॥५-५७-१५॥",
        "index": 15,
        "shloka_num": 15
    },
    {
        "text": "नदन् नादेन महता मेघस्वनमहास्वनः ।\nस तं देशमनुप्राप्तः सुहृद्दर्शनलालसः ॥५-५७-१६॥",
        "index": 16,
        "shloka_num": 16
    },
    {
        "text": "ननाद सुमहानादं लाङ्गूलं चाप्यकम्पयत् ।\nतस्य नानद्यमानस्य सुपर्णाचरिते पथि ॥५-५७-१७॥",
        "index": 17,
        "shloka_num": 17
    },
    {
        "text": "फलतीवास्य घोषेण गगनं सार्कमण्डलम् ।\nये तु तत्रोत्तरे कूले समुद्रस्य महाबलाः ॥५-५७-१८॥",
        "index": 18,
        "shloka_num": 18
    },
    {
        "text": "पूर्वं संविष्ठिताः शूरा वायुपुत्रदिदृक्षवः ।\nमहतो वायुनुन्नस्य तोयदस्येव निःस्वनम् ।\nशुश्रुवुस्ते तदा घोषमूरुवेगं हनूमतः ॥५-५७-१९॥",
        "index": 19,
        "shloka_num": 19
    },
    {
        "text": "ते दीनमनसः सर्वे शुश्रुवुः काननौकसः ।\nवानरेन्द्रस्य निर्घोषं पर्जन्यनिनदोपमम् ॥५-५७-२०॥",
        "index": 20,
        "shloka_num": 20
    },
    {
        "text": "निशम्य नदतो नादं वानरास्ते समन्ततः ।\nबभूवुरुत्सुकाः सर्वे सुहृद्दर्शनकाङ्क्षिणः ॥५-५७-२१॥",
        "index": 21,
        "shloka_num": 21
    },
    {
        "text": "जाम्बवान् स हरिश्रेष्ठः प्रीतिसंहृष्टमानसः ।\nउपामन्त्र्य हरीन् सर्वानिदं वचनमब्रवीत् ॥५-५७-२२॥",
        "index": 22,
        "shloka_num": 22
    },
    {
        "text": "सर्वथा कृतकार्योऽसौ हनूमान् नात्र संशयः ।\nन ह्यस्याकृतकार्यस्य नाद एवंविधो भवेत् ॥५-५७-२३॥",
        "index": 23,
        "shloka_num": 23
    },
    {
        "text": "तस्य बाहूरुवेगं च निनादं च महात्मनः ।\nनिशम्य हरयो हृष्टाः समुत्पेतुर्यतस्ततः ॥५-५७-२४॥",
        "index": 24,
        "shloka_num": 24
    },
    {
        "text": "ते नगाग्रान्नगाग्राणि शिखराच्छिखराणि च ।\nप्रहृष्टाः समपद्यन्त हनूमन्तं दिदृक्षवः ॥५-५७-२५॥",
        "index": 25,
        "shloka_num": 25
    },
    {
        "text": "ते प्रीताः पादपाग्रेषु गृह्य शाखामवस्थिताः ।\nवासांसि च प्रकाशानि समाविध्यन्त वानराः ॥५-५७-२६॥",
        "index": 26,
        "shloka_num": 26
    },
    {
        "text": "गिरिगह्वरसंलीनो यथा गर्जति मारुतः ।\nएवं जगर्ज बलवान् हनूमान् मारुतात्मजः ॥५-५७-२७॥",
        "index": 27,
        "shloka_num": 27
    },
    {
        "text": "तमभ्रघनसंकाशमापतन्तं महाकपिम् ।\nदृष्ट्वा ते वानराः सर्वे तस्थुः प्राञ्जलयस्तदा ॥५-५७-२८॥",
        "index": 28,
        "shloka_num": 28
    },
    {
        "text": "ततस्तु वेगवान् वीरो गिरेर्गिरिनिभः कपिः ।\nनिपपात गिरेस्तस्य शिखरे पादपाकुले ॥५-५७-२९॥",
        "index": 29,
        "shloka_num": 29
    },
    {
        "text": "हर्षेणापूर्यमाणोऽसौ रम्ये पर्वतनिर्झरे ।\nछिन्नपक्ष इवाकाशात् पपात धरणीधरः ॥५-५७-३०॥",
        "index": 30,
        "shloka_num": 30
    },
    {
        "text": "ततस्ते प्रीतमनसः सर्वे वानरपुङ्गवाः ।\nहनूमन्तं महात्मानं परिवार्योपतस्थिरे ॥५-५७-३१॥",
        "index": 31,
        "shloka_num": 31
    },
    {
        "text": "परिवार्य च ते सर्वे परां प्रीतिमुपागताः ।\nप्रहृष्टवदनाः सर्वे तमागतमुपागमन् ॥५-५७-३२॥",
        "index": 32,
        "shloka_num": 32
    },
    {
        "text": "उपायनानि चादाय मूलानि च फलानि च ।\nप्रत्यर्चयन् हरिश्रेष्ठं हरयो मारुतात्मजम् ॥५-५७-३३॥",
        "index": 33,
        "shloka_num": 33
    },
    {
        "text": "विनेदुर्मुदिताः केचित् केचित् किलकिलां तथा ।\nहृष्टाः पादपशाखाश्च आनिन्युर्वानरर्षभाः ॥५-५७-३४॥",
        "index": 34,
        "shloka_num": 34
    },
    {
        "text": "हनूमांस्तु गुरून् वृद्धाञ्जाम्बवत्प्रमुखांस्तदा ।\nकुमारमङ्गदं चैव सोऽवन्दत महाकपिः ॥५-५७-३५॥",
        "index": 35,
        "shloka_num": 35
    },
    {
        "text": "स ताभ्यां पूजितः पूज्यः कपिभिश्च प्रसादितः ।\nदृष्टा देवीति विक्रान्तः संक्षेपेण न्यवेदयत् ॥५-५७-३६॥",
        "index": 36,
        "shloka_num": 36
    },
    {
        "text": "निषसाद च हस्तेन गृहीत्वा वालिनः सुतम् ।\nरमणीये वनोद्देशे महेन्द्रस्य गिरेस्तदा ॥५-५७-३७॥",
        "index": 37,
        "shloka_num": 37
    },
    {
        "text": "हनूमानब्रवीत् पृष्टस्तदा तान् वानरर्षभान् ।\nअशोकवनिकासंस्था दृष्टा सा जनकात्मजा ॥५-५७-३८॥",
        "index": 38,
        "shloka_num": 38
    },
    {
        "text": "रक्ष्यमाणा सुघोराभी राक्षसीभिरनिन्दिता ।\nएकवेणीधरा बाला रामदर्शनलालसा ॥५-५७-३९॥",
        "index": 39,
        "shloka_num": 39
    },
    {
        "text": "उपवासपरिश्रान्ता मलिना जटिला कृशा ।\nततो दृष्टेति वचनं महार्थममृतोपमम् ॥५-५७-४०॥",
        "index": 40,
        "shloka_num": 40
    },
    {
        "text": "निशम्य मारुतेः सर्वे मुदिता वानराभवन् ।\nक्ष्वेडन्त्यन्ये नदन्त्यन्ये गर्जन्त्यन्ये महाबलाः ॥५-५७-४१॥",
        "index": 41,
        "shloka_num": 41
    },
    {
        "text": "चक्रुः किलकिलामन्ये प्रतिगर्जन्ति चापरे ।\nकेचिदुच्छ्रितलाङ्गूलाः प्रहृष्टाः कपिकुञ्जराः ॥५-५७-४२॥",
        "index": 42,
        "shloka_num": 42
    },
    {
        "text": "आयताञ्चितदीर्घाणि लाङ्गूलानि प्रविव्यधुः ।\nअपरे तु हनूमन्तं श्रीमन्तं वानरोत्तमम् ॥५-५७-४३॥",
        "index": 43,
        "shloka_num": 43
    },
    {
        "text": "आप्लुत्य गिरिशृङ्गेषु संस्पृशन्ति स्म हर्षिताः ।\nउक्तवाक्यं हनूमन्तमङ्गदस्तु तदाब्रवीत् ॥५-५७-४४॥",
        "index": 44,
        "shloka_num": 44
    },
    {
        "text": "सर्वेषां हरिवीराणां मध्ये वाचमनुत्तमाम् ।\nसत्त्वे वीर्ये न ते कश्चित् समो वानर विद्यते ॥५-५७-४५॥",
        "index": 45,
        "shloka_num": 45
    },
    {
        "text": "यदवप्लुत्य विस्तीर्णं सागरं पुनरागतः ।\nजीवितस्य प्रदाता नस्त्वमेको वानरोत्तम ॥५-५७-४६॥",
        "index": 46,
        "shloka_num": 46
    },
    {
        "text": "त्वत्प्रसादात् समेष्यामः सिद्धार्था राघवेण ह ।\nअहो स्वामिनि ते भक्तिरहो वीर्यमहो धृतिः ॥५-५७-४७॥",
        "index": 47,
        "shloka_num": 47
    },
    {
        "text": "दिष्ट्या दृष्टा त्वया देवी रामपत्नी यशस्विनी ।\nदिष्ट्या त्यक्ष्यति काकुत्स्थः शोकं सीतावियोगजम् ॥५-५७-४८॥",
        "index": 48,
        "shloka_num": 48
    },
    {
        "text": "ततोऽङ्गदं हनूमन्तं जाम्बवन्तं च वानराः ।\nपरिवार्य प्रमुदिता भेजिरे विपुलाः शिलाः ॥५-५७-४९॥",
        "index": 49,
        "shloka_num": 49
    },
    {
        "text": "उपविष्टा गिरेस्तस्य शिलासु विपुलासु ते ।\nश्रोतुकामाः समुद्रस्य लङ्घनं वानरोत्तमाः ॥५-५७-५०॥",
        "index": 50,
        "shloka_num": 50
    },
    {
        "text": "दर्शनं चापि लङ्कायाः सीताया रावणस्य च ।\nतस्थुः प्राञ्जलयः सर्वे हनूमद्वदनोन्मुखाः ॥५-५७-५१॥",
        "index": 51,
        "shloka_num": 51
    },
    {
        "text": "तस्थौ तत्राङ्गदः श्रीमान् वानरैर्बहुभिर्वृतः ।\nउपास्यमानो विबुधैर्दिवि देवपतिर्यथा ॥५-५७-५२॥",
        "index": 52,
        "shloka_num": 52
    },
    {
        "text": "हनूमता कीर्तिमता यशस्विना तथाङ्गदेनाङ्गदनद्धबाहुना ।\nमुदा तदाध्यासितमुन्नतं महन्महीधराग्रं ज्वलितं श्रियाभवत् ॥५-५७-५३॥",
        "index": 53,
        "shloka_num": 53
    },
    {
        "text": "इत्यार्षे श्रीमद्रामायणे वाल्मीकीये आदिकाव्ये सुन्दरकाण्डे हनूमत्प्रत्यागमनम् नाम सप्तपञ्चाशः सर्गः ॥५-५७॥",
        "index": 54,
        "shloka_num": null
    }
]