[
    {
        "text": "अथ श्रीमद्वाल्मीकीयरामायणे सुन्दरकाण्डे चूडामणिप्रदानम् नाम पञ्चषष्ठितमः सर्गः ॥५-६५॥",
        "index": 0,
        "shloka_num": null
    },
    {
        "text": "ततः प्रस्रवणं शैलं ते गत्वा चित्रकाननम् ।\nप्रणम्य शिरसा रामं लक्ष्मणं च महाबलम् ॥५-६५-१॥",
        "index": 1,
        "shloka_num": 1
    },
    {
        "text": "युवराजं पुरस्कृत्य सुग्रीवमभिवाद्य च ।\nप्रवृत्तिमथ सीतायाः प्रवक्तुमुपचक्रमुः ॥५-६५-२॥",
        "index": 2,
        "shloka_num": 2
    },
    {
        "text": "रावणान्तःपुरे रोधं राक्षसीभिश्च तर्जनम् ।\nरामे समनुरागं च यथा च नियमः कृतः ॥५-६५-३॥",
        "index": 3,
        "shloka_num": 3
    },
    {
        "text": "एतदाख्याय ते सर्वं हरयो रामसंनिधौ ।\nवैदेहीमक्षतां श्रुत्वा रामस्तूत्तरमब्रवीत् ॥५-६५-४॥",
        "index": 4,
        "shloka_num": 4
    },
    {
        "text": "क्व सीता वर्तते देवी कथं च मयि वर्तते ।\nएतन्मे सर्वमाख्यात वैदेहीं प्रति वानराः ॥५-६५-५॥",
        "index": 5,
        "shloka_num": 5
    },
    {
        "text": "रामस्य गदितं श्रुत्वा हरयो रामसंनिधौ ।\nचोदयन्ति हनूमन्तं सीतावृत्तान्तकोविदम् ॥५-६५-६॥",
        "index": 6,
        "shloka_num": 6
    },
    {
        "text": "श्रुत्वा तु वचनं तेषां हनूमान् मारुतात्मजः ।\nप्रणम्य शिरसा देव्यै सीतायै तां दिशं प्रति ॥५-६५-७॥",
        "index": 7,
        "shloka_num": 7
    },
    {
        "text": "उवाच वाक्यं वाक्यज्ञः सीताया दर्शनं यथा ।\nतं मणिं काञ्चनं दिव्यं दीप्यमानं स्वतेजसा ॥५-६५-८॥",
        "index": 8,
        "shloka_num": 8
    },
    {
        "text": "दत्त्वा रामाय हनुमांस्ततः प्राञ्जलिरब्रवीत् ।\nसमुद्रं लङ्घयित्वाहं शतयोजनमायतम् ॥५-६५-९॥",
        "index": 9,
        "shloka_num": 9
    },
    {
        "text": "अगच्छं जानकीं सीतां मार्गमाणो दिदृक्षया ।\nतत्र लङ्केति नगरी रावणस्य दुरात्मनः ॥५-६५-१०॥",
        "index": 10,
        "shloka_num": 10
    },
    {
        "text": "दक्षिणस्य समुद्रस्य तीरे वसति दक्षिणे ।\nतत्र सीता मया दृष्टा रावणान्तःपुरे सती ॥५-६५-११॥",
        "index": 11,
        "shloka_num": 11
    },
    {
        "text": "त्वयि संन्यस्य जीवन्ती रामा राम मनोरथम् ।\nदृष्टा मे राक्षसीमध्ये तर्ज्यमाना मुहुर्मुहुः ॥५-६५-१२॥",
        "index": 12,
        "shloka_num": 12
    },
    {
        "text": "राक्षसीभिर्विरूपाभी रक्षिता प्रमदावने ।\nदुःखमापद्यते देवी त्वया वीर सुखोचिता ॥५-६५-१३॥",
        "index": 13,
        "shloka_num": 13
    },
    {
        "text": "रावणान्तःपुरे रुद्धा राक्षसीभिः सुरक्षिता ।\nएकवेणीधरा दीना त्वयि चिन्तापरायणा ॥५-६५-१४॥",
        "index": 14,
        "shloka_num": 14
    },
    {
        "text": "अधःशय्या विवर्णाङ्गी पद्मिनीव हिमागमे ।\nरावणाद् विनिवृत्तार्था मर्तव्यकृतनिश्चया ॥५-६५-१५॥",
        "index": 15,
        "shloka_num": 15
    },
    {
        "text": "देवी कथंचित् काकुत्स्थ त्वन्मना मार्गिता मया ।\nइक्ष्वाकुवंशविख्यातिं शनैः कीर्तयतानघ ॥५-६५-१६॥",
        "index": 16,
        "shloka_num": 16
    },
    {
        "text": "सा मया नरशार्दूल शनैर्विश्वासिता तदा ।\nततः सम्भाषिता देवी सर्वमर्थं च दर्शिता ॥५-६५-१७॥",
        "index": 17,
        "shloka_num": 17
    },
    {
        "text": "रामसुग्रीवसख्यं च श्रुत्वा हर्षमुपागता ।\nनियतः समुदाचारो भक्तिश्चास्याः सदा त्वयि ॥५-६५-१८॥",
        "index": 18,
        "shloka_num": 18
    },
    {
        "text": "एवं मया महाभाग दृष्टा जनकनन्दिनी ।\nउग्रेण तपसा युक्ता त्वद्भक्त्या पुरुषर्षभ ॥५-६५-१९॥",
        "index": 19,
        "shloka_num": 19
    },
    {
        "text": "अभिज्ञानं च मे दत्तं यथावृत्तं तवान्तिके ।\nचित्रकूटे महाप्राज्ञ वायसं प्रति राघव ॥५-६५-२०॥",
        "index": 20,
        "shloka_num": 20
    },
    {
        "text": "विज्ञाप्यः पुनरप्येष रामो वायुसुत त्वया ।\nअखिलेन यथा दृष्टमिति मामाह जानकी ॥५-६५-२१॥",
        "index": 21,
        "shloka_num": 21
    },
    {
        "text": "अयं चास्मै प्रदातव्यो यत्नात् सुपरिरक्षितः ।\nब्रुवता वचनान्येवं सुग्रीवस्योपशृण्वतः ॥५-६५-२२॥",
        "index": 22,
        "shloka_num": 22
    },
    {
        "text": "एष चूडामणिः श्रीमान् मया ते यत्नरक्षितः ।\nमनःशिलायास्तिलकं तत् स्मरस्वेति चाब्रवीत् ॥५-६५-२३॥",
        "index": 23,
        "shloka_num": 23
    },
    {
        "text": "एष निर्यातितः श्रीमान् मया ते वारिसम्भवः ।\nएनं दृष्ट्वा प्रमोदिष्ये व्यसने त्वामिवानघ ॥५-६५-२४॥",
        "index": 24,
        "shloka_num": 24
    },
    {
        "text": "जीवितं धारयिष्यामि मासं दशरथात्मज ।\nऊर्ध्वं मासान्न जीवेयं रक्षसां वशमागता ॥५-६५-२५॥",
        "index": 25,
        "shloka_num": 25
    },
    {
        "text": "इति मामब्रवीत् सीता कृशाङ्गी धर्मचारिणी ।\nरावणान्तःपुरे रुद्धा मृगीवोत्फुल्ललोचना ॥५-६५-२६॥",
        "index": 26,
        "shloka_num": 26
    },
    {
        "text": "एतदेव मयाऽऽख्यातं सर्वं राघव यद् यथा ।\nसर्वथा सागरजले संतारः प्रविधीयताम् ॥५-६५-२७॥",
        "index": 27,
        "shloka_num": 27
    },
    {
        "text": "तौ जाताश्वासौ राजपुत्रौ विदित्वा तच्चाभिज्ञानं राघवाय प्रदाय ।\nदेव्या चाख्यातं सर्वमेवानुपूर्व्याद् वाचा सम्पूर्णं वायुपुत्रः शशंस ॥५-६५-२८॥",
        "index": 28,
        "shloka_num": 28
    },
    {
        "text": "इत्यार्षे श्रीमद्रामायणे वाल्मीकीये आदिकाव्ये सुन्दरकाण्डे चूडामणिप्रदानम् नाम पञ्चषष्ठितमः सर्गः ॥५-६५॥",
        "index": 29,
        "shloka_num": null
    }
]