[
    {
        "text": "अथ श्रीमद्वाल्मीकीयरामायणे सुन्दरकाण्डे सीताभाषितप्रश्नः नाम षट्षष्ठितमः सर्गः ॥५-६६॥",
        "index": 0,
        "shloka_num": null
    },
    {
        "text": "एवमुक्तो हनुमता रामो दशरथात्मजः ।\nतं मणिं हृदये कृत्वा रुरोद सहलक्ष्मणः ॥५-६६-१॥",
        "index": 1,
        "shloka_num": 1
    },
    {
        "text": "तं तु दृष्ट्वा मणिश्रेष्ठं राघवः शोककर्शितः ।\nनेत्राभ्यामश्रुपूर्णाभ्यां सुग्रीवमिदमब्रवीत् ॥५-६६-२॥",
        "index": 2,
        "shloka_num": 2
    },
    {
        "text": "यथैव धेनुः स्रवति स्नेहाद् वत्सस्य वत्सला ।\nतथा ममापि हृदयं मणिश्रेष्ठस्य दर्शनात् ॥५-६६-३॥",
        "index": 3,
        "shloka_num": 3
    },
    {
        "text": "मणिरत्नमिदं दत्तं वैदेह्याः श्वशुरेण मे ।\nवधूकाले यथा बद्धमधिकं मूर्ध्नि शोभते ॥५-६६-४॥",
        "index": 4,
        "shloka_num": 4
    },
    {
        "text": "अयं हि जलसम्भूतो मणिः प्रवरपूजितः ।\nयज्ञे परमतुष्टेन दत्तः शक्रेण धीमता ॥५-६६-५॥",
        "index": 5,
        "shloka_num": 5
    },
    {
        "text": "इमं दृष्ट्वा मणिश्रेष्ठं तथा तातस्य दर्शनम् ।\nअद्यास्म्यवगतः सौम्य वैदेहस्य तथा विभोः ॥५-६६-६॥",
        "index": 6,
        "shloka_num": 6
    },
    {
        "text": "अयं हि शोभते तस्याः प्रियाया मूर्ध्नि मे मणिः ।\nअद्यास्य दर्शनेनाहं प्राप्तां तामिव चिन्तये ॥५-६६-७॥",
        "index": 7,
        "shloka_num": 7
    },
    {
        "text": "किमाह सीता वैदेही ब्रूहि सौम्य पुनः पुनः ।\nपरासुमिव तोयेन सिञ्चन्ती वाक्यवारिणा ॥५-६६-८॥",
        "index": 8,
        "shloka_num": 8
    },
    {
        "text": "इतस्तु किं दुःखतरं यदिमं वारिसम्भवम् ।\nमणिं पश्यामि सौमित्रे वैदेहीमागतां विना ॥५-६६-९॥",
        "index": 9,
        "shloka_num": 9
    },
    {
        "text": "चिरं जीवति वैदेही यदि मासं धरिष्यति ।\nक्षणं वीर न जीवेयं विना तामसितेक्षणाम् ॥५-६६-१०॥",
        "index": 10,
        "shloka_num": 10
    },
    {
        "text": "नय मामपि तं देशं यत्र दृष्टा मम प्रिया ।\nन तिष्ठेयं क्षणमपि प्रवृत्तिमुपलभ्य च ॥५-६६-११॥",
        "index": 11,
        "shloka_num": 11
    },
    {
        "text": "कथं सा मम सुश्रोणी भीरुभीरुः सती तदा ।\nभयावहानां घोराणां मध्ये तिष्ठति रक्षसाम् ॥५-६६-१२॥",
        "index": 12,
        "shloka_num": 12
    },
    {
        "text": "शारदस्तिमिरोन्मुक्तो नूनं चन्द्र इवाम्बुदैः ।\nआवृतो वदनं तस्या न विराजति साम्प्रतम् ॥५-६६-१३॥",
        "index": 13,
        "shloka_num": 13
    },
    {
        "text": "किमाह सीता हनुमंस्तत्त्वतः कथयस्व मे ।\nएतेन खलु जीविष्ये भेषजेनातुरो यथा ॥५-६६-१४॥",
        "index": 14,
        "shloka_num": 14
    },
    {
        "text": "मधुरा मधुरालापा किमाह मम भामिनी ।\nमद्विहीना वरारोहा हनुमन् कथयस्व मे ।\nदुःखाद् दुःखतरं प्राप्य कथं जीवति जानकी ॥५-६६-१५॥",
        "index": 15,
        "shloka_num": 15
    },
    {
        "text": "इत्यार्षे श्रीमद्रामायणे वाल्मीकीये आदिकाव्ये सुन्दरकाण्डे सीताभाषितप्रश्नः नाम षट्षष्ठितमः सर्गः ॥५-६६॥",
        "index": 16,
        "shloka_num": null
    }
]