[
    {
        "text": "अथ श्रीमद्वाल्मीकीयरामायणे युद्धकाण्डे ऐन्द्ररथकेतुपातनम् नाम त्र्यधिकशततमः सर्गः ॥६-१०३॥",
        "index": 0,
        "shloka_num": null
    },
    {
        "text": "लक्ष्मणेन तु तद् वाक्यमुक्तं श्रुत्वा स राघवः ।\nसंदधे परवीरघ्नो धनुरादाय वीर्यवान् ॥६-१०३-१॥",
        "index": 1,
        "shloka_num": 1
    },
    {
        "text": "रावणाय शरान् घोरान् विससर्ज चमूमुखे ।\nअथान्यं रथमास्थाय रावणो राक्षसाधिपः ॥६-१०३-२॥",
        "index": 2,
        "shloka_num": 2
    },
    {
        "text": "अभ्यधावत काकुत्स्थं स्वर्भानुरिव भास्करम् ।\nदशग्रीवो रथस्थस्तु रामं वज्रोपमैः शरैः ।\nआजघान महाशैलं धाराभिरिव तोयदः ॥६-१०३-३॥",
        "index": 3,
        "shloka_num": 3
    },
    {
        "text": "दीप्तपावकसंकाशैः शरैः काञ्चनभूषणैः ।\nअभ्यवर्षद् रणे रामो दशग्रीवं समाहितः ॥६-१०३-४॥",
        "index": 4,
        "shloka_num": 4
    },
    {
        "text": "भूमौ स्थितस्य रामस्य रथस्थस्य स रक्षसः ।\nन समं युद्धमित्याहुर्देवगन्धर्वकिंनराः ॥६-१०३-५॥",
        "index": 5,
        "shloka_num": 5
    },
    {
        "text": "ततो देववरः श्रीमान् श्रुत्वा तेषां वचोऽमृतम् ।\nआहूय मातलिं शक्रो वचनं चेदमब्रवीत् ॥६-१०३-६॥",
        "index": 6,
        "shloka_num": 6
    },
    {
        "text": "रथेन मम भूमिष्ठं शीघ्रं याहि रघूत्तमम् ।\nआहूय भूतलं यात कुरु देवहितं महत् ॥६-१०३-७॥",
        "index": 7,
        "shloka_num": 7
    },
    {
        "text": "इत्युक्तो देवराजेन मातलिर्देवसारथिः ।\nप्रणम्य शिरसा देवं ततो वचनमब्रवीत् ॥६-१०३-८॥",
        "index": 8,
        "shloka_num": 8
    },
    {
        "text": "शीघ्रं यास्यामि देवेन्द्र सारथ्यं च करोम्यहम् ।\nततो हयैश्च संयोज्य हरितैः स्यन्दनोत्तमम् ॥६-१०३-९॥",
        "index": 9,
        "shloka_num": 9
    },
    {
        "text": "ततः काञ्चनचित्राङ्गः किङ्किणीशतभूषितः ।\nतरुणादित्यसंकाशो वैदूर्यमयकूबरः ।\nसदश्वैः काञ्चनापीडैर्युक्तः श्वेतप्रकीर्णकैः ॥६-१०३-१०॥",
        "index": 10,
        "shloka_num": 10
    },
    {
        "text": "हरिभिः सूर्यसंकाशैर्हेमजालविभूषितैः ।\nरुक्मवेणुध्वजः श्रीमान् देवराजरथो वरः ॥६-१०३-११॥",
        "index": 11,
        "shloka_num": 11
    },
    {
        "text": "देवराजेन संदिष्टो रथमारुह्य मातलिः ।\nअभ्यवर्तत काकुत्स्थमवतीर्य त्रिविष्टपात् ॥६-१०३-१२॥",
        "index": 12,
        "shloka_num": 12
    },
    {
        "text": "अब्रवीच्च तदा रामं सप्रतोदो रथे स्थितः ।\nप्राञ्जलिर्मातलिर्वाक्यं सहस्राक्षस्य सारथिः ॥६-१०३-१३॥",
        "index": 13,
        "shloka_num": 13
    },
    {
        "text": "सहस्राक्षेण काकुत्स्थ रथोऽयं विजयाय ते ।\nदत्तस्तव महासत्त्व श्रीमन् शत्रुनिबर्हण ॥६-१०३-१४॥",
        "index": 14,
        "shloka_num": 14
    },
    {
        "text": "इदमैन्द्रं महच्चापं कवचं चाग्निसंनिभम् ।\nशराश्चादित्यसंकाशाः शक्तिश्च विमला शिवा ॥६-१०३-१५॥",
        "index": 15,
        "shloka_num": 15
    },
    {
        "text": "आरुह्येमं रथं वीर राक्षसं जहि रावणम् ।\nमया सारथिना देव महेन्द्र इव दानवान् ॥६-१०३-१६॥",
        "index": 16,
        "shloka_num": 16
    },
    {
        "text": "इत्युक्तः सम्परिक्रम्य रथं तमभिवाद्य च ।\nआरुरोह तदा रामो लोकाँल्लक्ष्म्या विराजयन् ॥६-१०३-१७॥",
        "index": 17,
        "shloka_num": 17
    },
    {
        "text": "तद् बभौ चाद्भुतं युद्धं द्वैरथं रोमहर्षणम् ।\nरामस्य च महाबाहो रावणस्य च रक्षसः ॥६-१०३-१८॥",
        "index": 18,
        "shloka_num": 18
    },
    {
        "text": "स गान्धर्वेण गान्धर्वं दैवं दैवेन राघवः ।\nअस्त्रं राक्षसराजस्य जघान परमास्त्रवित् ॥६-१०३-१९॥",
        "index": 19,
        "shloka_num": 19
    },
    {
        "text": "अस्त्रं तु परमं घोरं राक्षसं राक्षसाधिपः ।\nससर्ज परमक्रुद्धः पुनरेव निशाचरः ॥६-१०३-२०॥",
        "index": 20,
        "shloka_num": 20
    },
    {
        "text": "ते रावणधनुर्मुक्ताः शराः काञ्चनभूषणाः ।\nअभ्यवर्तन्त काकुत्स्थं सर्पा भूत्वा महाविषाः ॥६-१०३-२१॥",
        "index": 21,
        "shloka_num": 21
    },
    {
        "text": "ते दीप्तवदना दीप्तं वमन्तो ज्वलनं मुखैः ।\nराममेवाभ्यवर्तन्त व्यादितास्या भयानकाः ॥६-१०३-२२॥",
        "index": 22,
        "shloka_num": 22
    },
    {
        "text": "तैर्वासुकिसमस्पर्शैर्दीप्तभोगैर्महाविषैः ।\nदिशश्च संतताः सर्वा विदिशश्च समावृताः ॥६-१०३-२३॥",
        "index": 23,
        "shloka_num": 23
    },
    {
        "text": "तान् दृष्ट्वा पन्नगान् रामः समापतत आहवे ।\nअस्त्रं गारुत्मतं घोरं प्रादुश्चक्रे भयावहम् ॥६-१०३-२४॥",
        "index": 24,
        "shloka_num": 24
    },
    {
        "text": "ते राघवधनुर्मुक्ता रुक्मपुङ्खाः शिखिप्रभाः ।\nसुपर्णाः काञ्चना भूत्वा विचेरुः सर्पशत्रवः ॥६-१०३-२५॥",
        "index": 25,
        "shloka_num": 25
    },
    {
        "text": "ते तान् सर्वान् शराञ्जघ्नुः सर्परूपान् महाजवान् ।\nसुपर्णरूपा रामस्य विशिखाः कामरूपिणः ॥६-१०३-२६॥",
        "index": 26,
        "shloka_num": 26
    },
    {
        "text": "अस्त्रे प्रतिहते क्रुद्धो रावणो राक्षसाधिपः ।\nअभ्यवर्षत् तदा रामं घोराभिः शरवृष्टिभिः ॥६-१०३-२७॥",
        "index": 27,
        "shloka_num": 27
    },
    {
        "text": "ततः शरसहस्रेण राममक्लिष्टकारिणम् ।\nअर्दयित्वा शरौघेण मातलिं प्रत्यविध्यत ॥६-१०३-२८॥",
        "index": 28,
        "shloka_num": 28
    },
    {
        "text": "चिच्छेद केतुमुद्दिश्य शरेणैकेन रावणः ।\nपातयित्वा रथोपस्थे रथात् केतुं च काञ्चनम् ॥६-१०३-२९॥",
        "index": 29,
        "shloka_num": 29
    },
    {
        "text": "ऐन्द्रानपि जघानाश्वान् शरजालेन रावणः ।\nविषेदुर्देवगन्धर्वचारणा दानवैः सह ॥६-१०३-३०॥",
        "index": 30,
        "shloka_num": 30
    },
    {
        "text": "राममार्तं तदा दृष्ट्वा सिद्धाश्च परमर्षयः ।\nव्यथिता वानरेन्द्राश्च बभूवुः सविभीषणाः ॥६-१०३-३१॥",
        "index": 31,
        "shloka_num": 31
    },
    {
        "text": "रामचन्द्रमसं दृष्ट्वा ग्रस्तं रावणराहुणा ।\nप्राजापत्यं च नक्षत्रं रोहिणीं शशिनः प्रियाम् ॥६-१०३-३२॥",
        "index": 32,
        "shloka_num": 32
    },
    {
        "text": "समाक्रम्य बुधस्तस्थौ प्रजानामहितावहः ।\nसधूमपरिवृर्त्तोमिः प्रज्वलन्निव सागरः ॥६-१०३-३३॥",
        "index": 33,
        "shloka_num": 33
    },
    {
        "text": "उत्पपात तदा क्रुद्धः स्पृशन्निव दिवाकरम् ।\nशस्त्रवर्णः सुपरुषो मन्दरश्मिर्दिवाकरः ॥६-१०३-३४॥",
        "index": 34,
        "shloka_num": 34
    },
    {
        "text": "अदृश्यत कबन्धाङ्कः संसक्तो धूमकेतुना ।\nकोसलानां च नक्षत्रं व्यक्तमिन्द्राग्निदैवतम् ॥६-१०३-३५॥",
        "index": 35,
        "shloka_num": 35
    },
    {
        "text": "आहत्याङ्गारकस्तस्थौ विशाखमपि चाम्बरे ।\nदशास्यो विंशतिभुजः प्रगृहीतशरासनः ॥६-१०३-३६॥",
        "index": 36,
        "shloka_num": 36
    },
    {
        "text": "अदृश्यत दशग्रीवो मैनाक इव पर्वतः ।\nनिरस्यमानो रामस्तु दशग्रीवेण रक्षसा ॥६-१०३-३७॥",
        "index": 37,
        "shloka_num": 37
    },
    {
        "text": "नाशक्नोदभिसंधातुं सायकान् रणमूर्धनि ।\nस कृत्वा भ्रुकुटिं क्रुद्धः किंचित् संरक्तलोचनः ॥६-१०३-३८॥",
        "index": 38,
        "shloka_num": 38
    },
    {
        "text": "इत्यार्षे श्रीमद्रामायणे वाल्मीकीये आदिकाव्ये युद्धकाण्डे ऐन्द्ररथकेतुपातनम् नाम त्र्यधिकशततमः सर्गः ॥६-१०३॥",
        "index": 39,
        "shloka_num": null
    }
]