[
    {
        "text": "अथ श्रीमद्वाल्मीकीयरामायणे युद्धकाण्डे रावणशूलभङ्गः नाम चतुरधिकशततमः सर्गः ॥६-१०४॥",
        "index": 0,
        "shloka_num": null
    },
    {
        "text": "जगाम सुमहाक्रोधं निर्दहन्निव राक्षसान् ।\nतस्य क्रुद्धस्य वदनं दृष्ट्वा रामस्य धीमतः ।\nसर्वभूतानि वित्रेसुः प्राकम्पत च मेदिनी ॥६-१०४-१॥",
        "index": 1,
        "shloka_num": 1
    },
    {
        "text": "सिंहशार्दूलवाञ्छैलः संचचाल चलद् द्रुमः ।\nबभूव चापि क्षुभितः समुद्रः सरितां पतिः ॥६-१०४-२॥",
        "index": 2,
        "shloka_num": 2
    },
    {
        "text": "खराश्च खरनिर्घोषा गगने परुषा घनाः ।\nऔत्पातिकाश्च नर्दन्तः समन्तात् परिचक्रमुः ॥६-१०४-३॥",
        "index": 3,
        "shloka_num": 3
    },
    {
        "text": "रामं दृष्ट्वा सुसंक्रुद्धमुत्पातांश्चैव दारुणान् ।\nवित्रेसुः सर्वभूतानि रावणस्याभवद् भयम् ॥६-१०४-४॥",
        "index": 4,
        "shloka_num": 4
    },
    {
        "text": "विमानस्थास्तदा देवा गन्धर्वाश्च महोरगाः ।\nऋषिदानवदैत्याश्च गरुत्मन्तश्च खेचराः ॥६-१०४-५॥",
        "index": 5,
        "shloka_num": 5
    },
    {
        "text": "ददृशुस्ते तदा युद्धं लोकसंवर्तसंस्थितम् ।\nनानाप्रहरणैर्भीमैः शूरयोः सम्प्रयुध्यतोः ॥६-१०४-६॥",
        "index": 6,
        "shloka_num": 6
    },
    {
        "text": "ऊचुः सुरासुराः सर्वे तदा विग्रहमागताः ।\nप्रेक्षमाणा महायुद्धं वाक्यं भक्त्या प्रहृष्टवत् ॥६-१०४-७॥",
        "index": 7,
        "shloka_num": 7
    },
    {
        "text": "दशग्रीवं जयेत्याहुरसुराः समवस्थिताः ।\nदेवा राममथोचुस्ते त्वं जयेति पुनः पुनः ॥६-१०४-८॥",
        "index": 8,
        "shloka_num": 8
    },
    {
        "text": "एतस्मिन्नन्तरे क्रोधाद् राघवस्य च रावणः ।\nप्रहर्तुकामो दुष्टात्मा स्पृशन् प्रहरणं महत् ॥६-१०४-९॥",
        "index": 9,
        "shloka_num": 9
    },
    {
        "text": "वज्रसारं महानादं सर्वशत्रुनिबर्हणम् ।\nशैलशृङ्गनिभैः कूटैश्चित्तदृष्टिभयावहम् ॥६-१०४-१०॥",
        "index": 10,
        "shloka_num": 10
    },
    {
        "text": "सधूममिव तीक्ष्णाग्रं युगान्ताग्निचयोपमम् ।\nअतिरौद्रमनासाद्यं कालेनापि दुरासदम् ॥६-१०४-११॥",
        "index": 11,
        "shloka_num": 11
    },
    {
        "text": "त्रासनं सर्वभूतानां दारणं भेदनं तथा ।\nप्रदीप्त इव रोषेण शूलं जग्राह रावणः ॥६-१०४-१२॥",
        "index": 12,
        "shloka_num": 12
    },
    {
        "text": "तच्छूलं परमक्रुद्धो जग्राह युधि वीर्यवान् ।\nअनीकैः समरे शूरै राक्षसैः परिवारितः ॥६-१०४-१३॥",
        "index": 13,
        "shloka_num": 13
    },
    {
        "text": "समुद्यम्य महाकायो ननाद युधि भैरवम् ।\nसंरक्तनयनो रोषात् स्वसैन्यमभिहर्षयन् ॥६-१०४-१४॥",
        "index": 14,
        "shloka_num": 14
    },
    {
        "text": "पृथिवीं चान्तरिक्षं च दिशश्च प्रदिशस्तथा ।\nप्राकम्पयत् तदा शब्दो राक्षसेन्द्रस्य दारुणः ॥६-१०४-१५॥",
        "index": 15,
        "shloka_num": 15
    },
    {
        "text": "अतिकायस्य नादेन तेन तस्य दुरात्मनः ।\nसर्वभूतानि वित्रेसुः सागरश्च प्रचुक्षुभे ॥६-१०४-१६॥",
        "index": 16,
        "shloka_num": 16
    },
    {
        "text": "स गृहीत्वा महावीर्यः शूलं तद् रावणो महत् ।\nविनद्य सुमहानादं रामं परुषमब्रवीत् ॥६-१०४-१७॥",
        "index": 17,
        "shloka_num": 17
    },
    {
        "text": "शूलोऽयं वज्रसारस्ते राम रोषान्मयोद्यतः ।\nतव भ्रातृसहायस्य सद्यः प्राणान् हरिष्यति ॥६-१०४-१८॥",
        "index": 18,
        "shloka_num": 18
    },
    {
        "text": "रक्षसामद्य शूराणां निहतानां चमूमुखे ।\nत्वां निहत्य रणश्लाघिन् करोमि तरसा समम् ॥६-१०४-१९॥",
        "index": 19,
        "shloka_num": 19
    },
    {
        "text": "तिष्ठेदानीं निहन्मि त्वामेष शूलेन राघव ।\nएवमुक्त्वा स चिक्षेप तच्छूलं राक्षसाधिपः ॥६-१०४-२०॥",
        "index": 20,
        "shloka_num": 20
    },
    {
        "text": "तद् रावणकरान्मुक्तं विद्युन्मालासमावृतम् ।\nअष्टघण्टं महानादं वियद्गतमशोभत ॥६-१०४-२१॥",
        "index": 21,
        "shloka_num": 21
    },
    {
        "text": "तच्छूलं राघवो दृष्ट्वा ज्वलन्तं घोरदर्शनम् ।\nससर्ज विशिखान् रामश्चापमायम्य वीर्यवान् ॥६-१०४-२२॥",
        "index": 22,
        "shloka_num": 22
    },
    {
        "text": "आपतन्तं शरौघेण वारयामास राघवः ।\nउत्पतन्तं युगान्ताग्निं जलौघैरिव वासवः ॥६-१०४-२३॥",
        "index": 23,
        "shloka_num": 23
    },
    {
        "text": "निर्ददाह स तान् बाणान् रामकार्मुकनिःसृतान् ।\nरावणस्य महान् शूलः पतङ्गानिव पावकः ॥६-१०४-२४॥",
        "index": 24,
        "shloka_num": 24
    },
    {
        "text": "तान् दृष्ट्वा भस्मसाद्भूतान् शूलसंस्पर्शचूर्णितान् ।\nसायकानन्तरिक्षस्थान् राघवः क्रोधमाहरत् ॥६-१०४-२५॥",
        "index": 25,
        "shloka_num": 25
    },
    {
        "text": "स तां मातलिना नीतां शक्तिं वासवसम्मताम् ।\nजग्राह परमक्रुद्धो राघवो रघुनन्दनः ॥६-१०४-२६॥",
        "index": 26,
        "shloka_num": 26
    },
    {
        "text": "सा तोलिता बलवता शक्तिर्घण्टाकृतस्वना ।\nनभः प्रज्वालयामास युगान्तोल्केव सप्रभा ॥६-१०४-२७॥",
        "index": 27,
        "shloka_num": 27
    },
    {
        "text": "सा क्षिप्ता राक्षसेन्द्रस्य तस्मिञ्छूले पपात ह ।\nभिन्नः शक्त्या महान् शूलो निपपात गतद्युतिः ॥६-१०४-२८॥",
        "index": 28,
        "shloka_num": 28
    },
    {
        "text": "निर्बिभेद ततो बाणैर्हयानस्य महाजवान् ।\nरामस्तीक्ष्णैर्महावेगैर्वज्रकल्पैरजिह्मगैः ॥६-१०४-२९॥",
        "index": 29,
        "shloka_num": 29
    },
    {
        "text": "निर्बिभेदोरसि तदा रावणं निशितैः शरैः ।\nराघवः परमायत्तो ललाटे पत्त्रिभिस्त्रिभिः ॥६-१०४-३०॥",
        "index": 30,
        "shloka_num": 30
    },
    {
        "text": "स शरैर्भिन्नसर्वाङ्गो गात्रप्रस्रुतशोणितः ।\nराक्षसेन्द्रः समूहस्थः फुल्लाशोक इवाबभौ ॥६-१०४-३१॥",
        "index": 31,
        "shloka_num": 31
    },
    {
        "text": "स रामबाणैरतिविद्धगात्रो निशाचरेन्द्रः क्षतजार्द्रगात्रः ।\nजगाम खेदं च समाजमध्ये क्रोधं च चक्रे सुभृशं तदानीम् ॥६-१०४-३२॥",
        "index": 32,
        "shloka_num": 32
    },
    {
        "text": "इत्यार्षे श्रीमद्रामायणे वाल्मीकीये आदिकाव्ये युद्धकाण्डे रावणशूलभङ्गः नाम चतुरधिकशततमः सर्गः ॥६-१०४॥",
        "index": 33,
        "shloka_num": null
    }
]