[
    {
        "text": "अथ श्रीमद्वाल्मीकीयरामायणे युद्धकाण्डे आदित्यहृदयम् नाम सप्ताधिकशततमः सर्गः ॥६-१०७॥",
        "index": 0,
        "shloka_num": null
    },
    {
        "text": "ततो युद्धपरिश्रान्तं समरे चिन्तया स्थितम् ।\nरावणं चाग्रतो दृष्ट्वा युद्धाय समुपस्थितम् ॥६-१०७-१॥",
        "index": 1,
        "shloka_num": 1
    },
    {
        "text": "दैवतैश्च समागम्य द्रष्टुमभ्यागतो रणम् ।\nउपगम्याब्रवीद् राममगस्त्यो भगवांस्तदा ॥६-१०७-२॥",
        "index": 2,
        "shloka_num": 2
    },
    {
        "text": "राम राम महाबाहो शृणु गुह्यं सनातनम् ।\nयेन सर्वानरीन् वत्स समरे विजयिष्यसे ॥६-१०७-३॥",
        "index": 3,
        "shloka_num": 3
    },
    {
        "text": "आदित्यहृदयं पुण्यं सर्वशत्रुविनाशनम् ।\nजयावहं जपं नित्यमक्षयं परमं शिवम् ॥६-१०७-४॥",
        "index": 4,
        "shloka_num": 4
    },
    {
        "text": "सर्वमङ्गलमाङ्गल्यं सर्वपापप्रणाशनम् ।\nचिन्ताशोकप्रशमनमायुर्वर्धनमुत्तमम् ॥६-१०७-५॥",
        "index": 5,
        "shloka_num": 5
    },
    {
        "text": "रश्मिमन्तं समुद्यन्तं देवासुरनमस्कृतम् ।\nपूजयस्व विवस्वन्तं भास्करं भुवनेश्वरम् ॥६-१०७-६॥",
        "index": 6,
        "shloka_num": 6
    },
    {
        "text": "सर्वदेवात्मको ह्येष तेजस्वी रश्मिभावनः ।\nएष देवासुरगणाँल्लोकान् पाति गभस्तिभिः ॥६-१०७-७॥",
        "index": 7,
        "shloka_num": 7
    },
    {
        "text": "एष ब्रह्मा च विष्णुश्च शिवः स्कन्दः प्रजापतिः ।\nमहेन्द्रो धनदः कालो यमः सोमो ह्यपां पतिः ॥६-१०७-८॥",
        "index": 8,
        "shloka_num": 8
    },
    {
        "text": "पितरो वसवः साध्या अश्विनौ मरुतो मनुः ।\nवायुर्वह्निः प्रजाः प्राण ऋतुकर्ता प्रभाकरः ॥६-१०७-९॥",
        "index": 9,
        "shloka_num": 9
    },
    {
        "text": "आदित्यः सविता सूर्यः खगः पूषा गभस्तिमान् ।\nसुवर्णसदृशो भानुर्हिरण्यरेता दिवाकरः ॥६-१०७-१०॥",
        "index": 10,
        "shloka_num": 10
    },
    {
        "text": "हरिदश्वः सहस्रार्चिः सप्तसप्तिर्मरीचिमान् ।\nतिमिरोन्मथनः शम्भुस्त्वष्टा मार्तण्डकोंऽशुमान् ॥६-१०७-११॥",
        "index": 11,
        "shloka_num": 11
    },
    {
        "text": "हिरण्यगर्भः शिशिरस्तपनोऽहस्करो रविः ।\nअग्निगर्भोऽदितेः पुत्रः शङ्खः शिशिरनाशनः ॥६-१०७-१२॥",
        "index": 12,
        "shloka_num": 12
    },
    {
        "text": "व्योमनाथस्तमोभेदी ऋग्यजुःसामपारगः ।\nघनवृष्टिरपां मित्रो विन्ध्यवीथीप्लवंगमः ॥६-१०७-१३॥",
        "index": 13,
        "shloka_num": 13
    },
    {
        "text": "आतपी मण्डली मृत्युः पिङ्गलः सर्वतापनः ।\nकविर्विश्वो महातेजा रक्तः सर्वभवोद्भवः ॥६-१०७-१४॥",
        "index": 14,
        "shloka_num": 14
    },
    {
        "text": "नक्षत्रग्रहताराणामधिपो विश्वभावनः ।\nतेजसामपि तेजस्वी द्वादशात्मन् नमोऽस्तु ते ॥६-१०७-१५॥",
        "index": 15,
        "shloka_num": 15
    },
    {
        "text": "नमः पूर्वाय गिरये पश्चिमायाद्रये नमः ।\nज्योतिर्गणानां पतये दिनाधिपतये नमः ॥६-१०७-१६॥",
        "index": 16,
        "shloka_num": 16
    },
    {
        "text": "जयाय जयभद्राय हर्यश्वाय नमो नमः ।\nनमो नमः सहस्रांशो आदित्याय नमो नमः ॥६-१०७-१७॥",
        "index": 17,
        "shloka_num": 17
    },
    {
        "text": "नम उग्राय वीराय सारङ्गाय नमो नमः ।\nनमः पद्मप्रबोधाय प्रचण्डाय नमोऽस्तु ते ॥६-१०७-१८॥",
        "index": 18,
        "shloka_num": 18
    },
    {
        "text": "ब्रह्मेशानाच्युतेशाय सूरायादित्यवर्चसे ।\nभास्वते सर्वभक्षाय रौद्राय वपुषे नमः ॥६-१०७-१९॥",
        "index": 19,
        "shloka_num": 19
    },
    {
        "text": "तमोघ्नाय हिमघ्नाय शत्रुघ्नायामितात्मने ।\nकृतघ्नघ्नाय देवाय ज्योतिषां पतये नमः ॥६-१०७-२०॥",
        "index": 20,
        "shloka_num": 20
    },
    {
        "text": "तप्तचामीकराभाय हरये विश्वकर्मणे ।\nनमस्तमोऽभिनिघ्नाय रुचये लोकसाक्षिणे ॥६-१०७-२१॥",
        "index": 21,
        "shloka_num": 21
    },
    {
        "text": "नाशयत्येष वै भूतं तमेव सृजति प्रभुः ।\nपायत्येष तपत्येष वर्षत्येष गभस्तिभिः ॥६-१०७-२२॥",
        "index": 22,
        "shloka_num": 22
    },
    {
        "text": "एष सुप्तेषु जागर्ति भूतेषु परिनिष्ठितः ।\nएष चैवाग्निहोत्रं च फलं चैवाग्निहोत्रिणाम् ॥६-१०७-२३॥",
        "index": 23,
        "shloka_num": 23
    },
    {
        "text": "देवाश्च क्रतवश्चैव क्रतूनां फलमेव च ।\nयानि कृत्यानि लोकेषु सर्वेषु परमप्रभुः ॥६-१०७-२४॥",
        "index": 24,
        "shloka_num": 24
    },
    {
        "text": "एनमापत्सु कृच्छ्रेषु कान्तारेषु भयेषु च ।\nकीर्तयन् पुरुषः कश्चिन्नावसीदति राघव ॥६-१०७-२५॥",
        "index": 25,
        "shloka_num": 25
    },
    {
        "text": "पूजयस्वैनमेकाग्रो देवदेवं जगत्पतिम् ।\nएतत् त्रिगुणितं जप्त्वा युद्धेषु विजयिष्यति ॥६-१०७-२६॥",
        "index": 26,
        "shloka_num": 26
    },
    {
        "text": "अस्मिन् क्षणे महाबाहो रावणं त्वं जहिष्यसि ।\nएवमुक्त्वा ततोऽगस्त्यो जगाम स यथागतम् ॥६-१०७-२७॥",
        "index": 27,
        "shloka_num": 27
    },
    {
        "text": "एतच्छ्रुत्वा महातेजा नष्टशोकोऽभवत् तदा ।\nधारयामास सुप्रीतो राघवः प्रयतात्मवान् ॥६-१०७-२८॥",
        "index": 28,
        "shloka_num": 28
    },
    {
        "text": "आदित्यं प्रेक्ष्य जप्त्वेदं परं हर्षमवाप्तवान् ।\nत्रिराचम्य शुचिर्भूत्वा धनुरादाय वीर्यवान् ॥६-१०७-२९॥",
        "index": 29,
        "shloka_num": 29
    },
    {
        "text": "रावणं प्रेक्ष्य हृष्टात्मा जयार्थं समुपागमत् ।\nसर्वयत्नेन महता वृतस्तस्य वधेऽभवत् ॥६-१०७-३०॥",
        "index": 30,
        "shloka_num": 30
    },
    {
        "text": "अथ रविरवदन्निरीक्ष्य रामं मुदितमनाः परमं प्रहृष्यमाणः ।\nनिशिचरपतिसंक्षयं विदित्वा सुरगणमध्यगतो वचस्त्वरेति ॥६-१०७-३१॥",
        "index": 31,
        "shloka_num": 31
    },
    {
        "text": "इत्यार्षे श्रीमद्रामायणे वाल्मीकीये आदिकाव्ये युद्धकाण्डे आदित्यहृदयम् नाम सप्ताधिकशततमः सर्गः ॥६-१०७॥",
        "index": 32,
        "shloka_num": null
    }
]