[
    {
        "text": "अथ श्रीमद्वाल्मीकीयरामायणे युद्धकाण्डे शुभाशुभनिमित्तदर्शनम् नाम अष्टाधिकशततमः सर्गः ॥६-१०८॥",
        "index": 0,
        "shloka_num": null
    },
    {
        "text": "सारथिः स रथं हृष्टः परसैन्यप्रधर्षणम् ।\nगन्धर्वनगराकारं समुच्छ्रितपताकिनम् ॥६-१०८-१॥",
        "index": 1,
        "shloka_num": 1
    },
    {
        "text": "युक्तं परमसम्पन्नैर्वाजिभिर्हेममालिभिः ।\nयुद्धोपकरणैः पूर्णं पताकाध्वजमालिनम् ॥६-१०८-२॥",
        "index": 2,
        "shloka_num": 2
    },
    {
        "text": "ग्रसन्तमिव चाकाशं नादयन्तं वसुंधराम् ।\nप्रणाशं परसैन्यानां स्वसैन्यस्य प्रहर्षणम् ॥६-१०८-३॥",
        "index": 3,
        "shloka_num": 3
    },
    {
        "text": "रावणस्य रथं क्षिप्रं चोदयामास सारथिः ।\nतमापतन्तं सहसा स्वनवन्तं महाध्वजम् ॥६-१०८-४॥",
        "index": 4,
        "shloka_num": 4
    },
    {
        "text": "रथं राक्षसराजस्य नरराजो ददर्श ह ।\nकृष्णवाजिसमायुक्तं युक्तं रौद्रेण वर्चसा ॥६-१०८-५॥",
        "index": 5,
        "shloka_num": 5
    },
    {
        "text": "दीप्यमानमिवाकाशे विमानं सूर्यवर्चसम् ।\nतडित्पताकागहनं दर्शितेन्द्रायुधप्रभम् ॥६-१०८-६॥",
        "index": 6,
        "shloka_num": 6
    },
    {
        "text": "शरधारा विमुञ्चन्तं धाराधरमिवाम्बुदम् ।\nस दृष्ट्वा मेघसंकाशमापतन्तं रथं रिपोः ॥६-१०८-७॥",
        "index": 7,
        "shloka_num": 7
    },
    {
        "text": "गिरेर्वज्राभिमृष्टस्य दीर्यतः सदृशस्वनम् ।\nविस्फारयन् वै वेगेन बालचन्द्रानतं धनुः ॥६-१०८-८॥",
        "index": 8,
        "shloka_num": 8
    },
    {
        "text": "उवाच मातलिं रामः सहस्राक्षस्य सारथिम् ।\nमातले पश्य संरब्धमापतन्तं रथं रिपोः ॥६-१०८-९॥",
        "index": 9,
        "shloka_num": 9
    },
    {
        "text": "यथापसव्यं पतता वेगेन महता पुनः ।\nसमरे हन्तुमात्मानं तथानेन कृता मतिः ॥६-१०८-१०॥",
        "index": 10,
        "shloka_num": 10
    },
    {
        "text": "तदप्रमादमातिष्ठ प्रत्युद्गच्छ रथं रिपोः ।\nविध्वंसयितुमिच्छामि वायुर्मेघमिवोत्थितम् ॥६-१०८-११॥",
        "index": 11,
        "shloka_num": 11
    },
    {
        "text": "अविक्लवमसम्भ्रान्तमव्यग्रहृदयेक्षणम् ।\nरश्मिसंचारनियतं प्रचोदय रथं द्रुतम् ॥६-१०८-१२॥",
        "index": 12,
        "shloka_num": 12
    },
    {
        "text": "कामं न त्वं समाधेयः पुरंदररथोचितः ।\nयुयुत्सुरहमेकाग्रः स्मारये त्वां न शिक्षये ॥६-१०८-१३॥",
        "index": 13,
        "shloka_num": 13
    },
    {
        "text": "परितुष्टः स रामस्य तेन वाक्येन मातलिः ।\nप्रचोदयामास रथं सुरसारथिरुत्तमः ॥६-१०८-१४॥",
        "index": 14,
        "shloka_num": 14
    },
    {
        "text": "अपसव्यं ततः कुर्वन् रावणस्य महारथम् ।\nचक्रसम्भूतरजसा रावणं व्यवधूनयत् ॥६-१०८-१५॥",
        "index": 15,
        "shloka_num": 15
    },
    {
        "text": "ततः क्रुद्धो दशग्रीवस्ताम्रविस्फारितेक्षणः ।\nरथप्रतिमुखं रामं सायकैरवधूनयत् ॥६-१०८-१६॥",
        "index": 16,
        "shloka_num": 16
    },
    {
        "text": "धर्षणामर्षितो रामो धैर्यं रोषेण लम्भयन् ।\nजग्राह सुमहावेगमैन्द्रं युधि शरासनम् ॥६-१०८-१७॥",
        "index": 17,
        "shloka_num": 17
    },
    {
        "text": "शरांश्च सुमहावेगान् सूर्यरश्मिसमप्रभान् ।\nतदुपोढं महद् युद्धमन्योन्यवधकांक्षिणोः ।\nपरस्पराभिमुखयोर्दृप्तयोरिव सिंहयोः ॥६-१०८-१८॥",
        "index": 18,
        "shloka_num": 18
    },
    {
        "text": "ततो देवाः सगन्धर्वाः सिद्धाश्च परमर्षयः ।\nसमीयुर्द्वैरथं द्रष्टुं रावणक्षयकांक्षिणः ॥६-१०८-१९॥",
        "index": 19,
        "shloka_num": 19
    },
    {
        "text": "समुत्पेतुरथोत्पाता दारुणा रोमहर्षणाः ।\nरावणस्य विनाशाय राघवस्योदयाय च ॥६-१०८-२०॥",
        "index": 20,
        "shloka_num": 20
    },
    {
        "text": "ववर्ष रुधिरं देवो रावणस्य रथोपरि ।\nवाता मण्डलिनस्तीव्रा व्यपसव्यं प्रचक्रमुः ॥६-१०८-२१॥",
        "index": 21,
        "shloka_num": 21
    },
    {
        "text": "महद्गृध्रकुलं चास्य भ्रममाणं नभस्थले ।\nयेन येन रथो याति तेन तेन प्रधावति ॥६-१०८-२२॥",
        "index": 22,
        "shloka_num": 22
    },
    {
        "text": "संध्यया चावृता लङ्का जपापुष्पनिकाशया ।\nदृश्यते सम्प्रदीप्तेव दिवसेऽपि वसुंधरा ॥६-१०८-२३॥",
        "index": 23,
        "shloka_num": 23
    },
    {
        "text": "सनिर्घाता महोल्काश्च सम्प्रपेतुर्महास्वनाः ।\nविषादयंस्ते रक्षांसि रावणस्य तदाहिताः ॥६-१०८-२४॥",
        "index": 24,
        "shloka_num": 24
    },
    {
        "text": "रावणश्च यतस्तत्र प्रचचाल वसुंधरा ।\nरक्षसां च प्रहरतां गृहीता इव बाहवः ॥६-१०८-२५॥",
        "index": 25,
        "shloka_num": 25
    },
    {
        "text": "ताम्राः पीताः सिताः श्वेताः पतिताः सूर्यरश्मयः ।\nदृश्यन्ते रावणस्याग्रे पर्वतस्येव धातवः ॥६-१०८-२६॥",
        "index": 26,
        "shloka_num": 26
    },
    {
        "text": "गृध्रैरनुगताश्चास्य वमन्त्यो ज्वलनं मुखैः ।\nप्रणेदुर्मुखमीक्षन्त्यः संरब्धमशिवं शिवाः ॥६-१०८-२७॥",
        "index": 27,
        "shloka_num": 27
    },
    {
        "text": "प्रतिकूलं ववौ वायू रणे पांसून् समुत्किरन् ।\nतस्य राक्षसराजस्य कुर्वन् दृष्टिविलोपनम् ॥६-१०८-२८॥",
        "index": 28,
        "shloka_num": 28
    },
    {
        "text": "निपेतुरिन्द्राशनयः सैन्ये चास्य समन्ततः ।\nदुर्विषह्यस्वरा घोरा विना जलधरोदयम् ॥६-१०८-२९॥",
        "index": 29,
        "shloka_num": 29
    },
    {
        "text": "दिशश्च प्रदिशः सर्वा बभूवुस्तिमिरावृताः ।\nपांसुवर्षेण महता दुर्दर्शं च नभोऽभवत् ॥६-१०८-३०॥",
        "index": 30,
        "shloka_num": 30
    },
    {
        "text": "कुर्वन्त्यः कलहं घोरं सारिकास्तद्रथं प्रति ।\nनिपेतुः शतशस्तत्र दारुणा दारुणारुताः ॥६-१०८-३१॥",
        "index": 31,
        "shloka_num": 31
    },
    {
        "text": "जघनेभ्यः स्फुलिङ्गाश्च नेत्रेभ्योऽश्रूणि संततम् ।\nमुमुचुस्तस्य तुरगास्तुल्यमग्निं च वारि च ॥६-१०८-३२॥",
        "index": 32,
        "shloka_num": 32
    },
    {
        "text": "एवंप्रकारा बहवः समुत्पाता भयावहाः ।\nरावणस्य विनाशाय दारुणाः सम्प्रजज्ञिरे ॥६-१०८-३३॥",
        "index": 33,
        "shloka_num": 33
    },
    {
        "text": "रामस्यापि निमित्तानि सौम्यानि च शिवानि च ।\nबभूवुर्जयशंसीनि प्रादुर्भूतानि सर्वशः ॥६-१०८-३४॥",
        "index": 34,
        "shloka_num": 34
    },
    {
        "text": "निमित्तानीह सौम्यानि राघवः स्वजयाय वै ।\nदृष्ट्वा परमसंहृष्टो हतं मेने च रावणम् ॥६-१०८-३५॥",
        "index": 35,
        "shloka_num": 35
    },
    {
        "text": "ततो निरीक्ष्यात्मगतानि राघवो रणे निमित्तानि निमित्तकोविदः ।\nजगाम हर्षं च परां च निर्वृतिं चकार युद्धे ह्यधिकं च विक्रमम् ॥६-१०८-३६॥",
        "index": 36,
        "shloka_num": 36
    },
    {
        "text": "इत्यार्षे श्रीमद्रामायणे वाल्मीकीये आदिकाव्ये युद्धकाण्डे शुभाशुभनिमित्तदर्शनम् नाम अष्टाधिकशततमः सर्गः ॥६-१०८॥",
        "index": 37,
        "shloka_num": null
    }
]