[
    {
        "text": "अथ श्रीमद्वाल्मीकीयरामायणे युद्धकाण्डे रावणध्वजोन्मथनम् नाम नवाधिकशततमः सर्गः ॥६-१०९॥",
        "index": 0,
        "shloka_num": null
    },
    {
        "text": "ततः प्रवृत्तं सुक्रूरं रामरावणयोस्तदा ।\nसुमहद् द्वैरथं युद्धं सर्वलोकभयावहम् ॥६-१०९-१॥",
        "index": 1,
        "shloka_num": 1
    },
    {
        "text": "ततो राक्षससैन्यं च हरीणां च महद्बलम् ।\nप्रगृहीतप्रहरणं निश्चेष्टं समवर्तत ॥६-१०९-२॥",
        "index": 2,
        "shloka_num": 2
    },
    {
        "text": "सम्प्रयुद्धौ तु तौ दृष्ट्वा बलवन्नरराक्षसौ ।\nव्याक्षिप्तहृदयाः सर्वे परं विस्मयमागताः ॥६-१०९-३॥",
        "index": 3,
        "shloka_num": 3
    },
    {
        "text": "नानाप्रहरणैर्व्यग्रैर्भुजैर्विस्मितबुद्धयः ।\nतस्थुः प्रेक्ष्य च संग्रामं नाभिजग्मुः परस्परम् ॥६-१०९-४॥",
        "index": 4,
        "shloka_num": 4
    },
    {
        "text": "रक्षसां रावणं चापि वानराणां च राघवम् ।\nपश्यतां विस्मिताक्षाणां सैन्यं चित्रमिवाबभौ ॥६-१०९-५॥",
        "index": 5,
        "shloka_num": 5
    },
    {
        "text": "तौ तु तत्र निमित्तानि दृष्ट्वा राघवरावणौ ।\nकृतबुद्धी स्थिरामर्षौ युयुधाते ह्यभीतवत् ॥६-१०९-६॥",
        "index": 6,
        "shloka_num": 6
    },
    {
        "text": "जेतव्यमिति काकुत्स्थो मर्तव्यमिति रावणः ।\nधृतौ स्ववीर्यसर्वस्वं युद्धेऽदर्शयतां तदा ॥६-१०९-७॥",
        "index": 7,
        "shloka_num": 7
    },
    {
        "text": "ततः क्रोधाद् दशग्रीवः शरान् संधाय वीर्यवान् ।\nमुमोच ध्वजमुद्दिश्य राघवस्य रथे स्थितम् ॥६-१०९-८॥",
        "index": 8,
        "shloka_num": 8
    },
    {
        "text": "ते शरास्तमनासाद्य पुरंदररथध्वजम् ।\nरथशक्तिं परामृश्य निपेतुर्धरणीतले ॥६-१०९-९॥",
        "index": 9,
        "shloka_num": 9
    },
    {
        "text": "ततो रामोऽपि संक्रुद्धश्चापमाकृष्य वीर्यवान् ।\nकृतप्रतिकृतं कर्तुं मनसा सम्प्रचक्रमे ॥६-१०९-१०॥",
        "index": 10,
        "shloka_num": 10
    },
    {
        "text": "रावणध्वजमुद्दिश्य मुमोच निशितं शरम् ।\nमहासर्पमिवासह्यं ज्वलन्तं स्वेन तेजसा ॥६-१०९-११॥",
        "index": 11,
        "shloka_num": 11
    },
    {
        "text": "रामश्चिक्षेप तेजस्वी केतुमुद्दिश्य सायकम् ।\nजगाम स महीं छित्त्वा दशग्रीवध्वजं शरः ॥६-१०९-१२॥",
        "index": 12,
        "shloka_num": 12
    },
    {
        "text": "स निकृत्तोऽपतद् भूमौ रावणस्यन्दनध्वजः ।\nध्वजस्योन्मथनं दृष्ट्वा रावणः स महाबलः ॥६-१०९-१३॥",
        "index": 13,
        "shloka_num": 13
    },
    {
        "text": "सम्प्रदीप्तोऽभवत् क्रोधादमर्षात् प्रदहन्निव ।\nस रोषवशमापन्नः शरवर्षं ववर्ष ह ॥६-१०९-१४॥",
        "index": 14,
        "shloka_num": 14
    },
    {
        "text": "रामस्य तुरगान् दीप्तैः शरैर्विव्याध रावणः ।\nते दिव्या हरयस्तत्र नास्खलन्नापि बभ्रमुः ॥६-१०९-१५॥",
        "index": 15,
        "shloka_num": 15
    },
    {
        "text": "बभूवुः स्वस्थहृदयाः पद्मनालैरिवाहताः ।\nतेषामसम्भ्रमं दृष्ट्वा वाजिनां रावणस्तदा ॥६-१०९-१६॥",
        "index": 16,
        "shloka_num": 16
    },
    {
        "text": "भूय एव सुसंक्रुद्धः शरवर्षं मुमोच ह ।\nगदाश्च परिघांश्चैव चक्राणि मुसलानि च ॥६-१०९-१७॥",
        "index": 17,
        "shloka_num": 17
    },
    {
        "text": "गिरिशृङ्गाणि वृक्षांश्च तथा शूलपरश्वधान् ।\nमायाविहितमेतत् तु शस्त्रवर्षमपातयत् ।\nसहस्रशस्तदा बाणानश्रान्तहृदयोद्यमः ॥६-१०९-१८॥",
        "index": 18,
        "shloka_num": 18
    },
    {
        "text": "तुमुलं त्रासजननं भीमं भीमप्रतिस्वनम् ।\nतद् वर्षमभवद् युद्धे नैकशस्त्रमयं महत् ॥६-१०९-१९॥",
        "index": 19,
        "shloka_num": 19
    },
    {
        "text": "विमुच्य राघवरथं समन्ताद् वानरे बले ।\nसायकैरन्तरिक्षं च चकार सुनिरन्तरम् ॥६-१०९-२०॥",
        "index": 20,
        "shloka_num": 20
    },
    {
        "text": "मुमोच च दशग्रीवो निःसङ्गेनान्तरात्मना ।\nव्यायच्छमानं तं दृष्ट्वा तत्परं रावणं रणे ॥६-१०९-२१॥",
        "index": 21,
        "shloka_num": 21
    },
    {
        "text": "प्रहसन्निव काकुत्स्थः संदधे निशितान् शरान् ।\nस मुमोच ततो बाणान् शतशोऽथ सहस्रशः ॥६-१०९-२२॥",
        "index": 22,
        "shloka_num": 22
    },
    {
        "text": "तान् दृष्ट्वा रावणश्चक्रे स्वशरैः खं निरन्तरम् ।\nताभ्यां नियुक्तेन तदा शरवर्षेण भास्वता ॥६-१०९-२३॥",
        "index": 23,
        "shloka_num": 23
    },
    {
        "text": "शरबद्धमिवाभाति द्वितीयं भास्वदम्बरम् ।\nनानिमित्तोऽभवद् बाणो नानिर्भेत्ता न निष्फलः ॥६-१०९-२४॥",
        "index": 24,
        "shloka_num": 24
    },
    {
        "text": "अन्योन्यमभिसंहत्य निपेतुर्धरणीतले ।\nतथा विसृजतोर्बाणान् रामरावणयोर्मृधे ॥६-१०९-२५॥",
        "index": 25,
        "shloka_num": 25
    },
    {
        "text": "प्रायुध्येतामविच्छिन्नमस्यन्तौ सव्यदक्षिणम् ।\nचक्रतुश्च शरैर्घोरैर्निरुच्छ्वासमिवाम्बरम् ॥६-१०९-२६॥",
        "index": 26,
        "shloka_num": 26
    },
    {
        "text": "रावणस्य हयान् रामो हयान् रामस्य रावणः ।\nजघ्नतुस्तौ तदान्योन्यं कृतानुकृतकारिणौ ॥६-१०९-२७॥",
        "index": 27,
        "shloka_num": 27
    },
    {
        "text": "एवं तु तौ सुसंक्रुद्धौ चक्रतुर्युद्धमुत्तमम् ।\nमुहूर्तमभवद् युद्धं तुमुलं रोमहर्षणम् ॥६-१०९-२८॥",
        "index": 28,
        "shloka_num": 28
    },
    {
        "text": "इत्यार्षे श्रीमद्रामायणे वाल्मीकीये आदिकाव्ये युद्धकाण्डे रावणध्वजोन्मथनम् नाम नवाधिकशततमः सर्गः ॥६-१०९॥",
        "index": 29,
        "shloka_num": null
    }
]