[
    {
        "text": "अथ श्रीमद्वाल्मीकीयरामायणे युद्धकाण्डे हुताशनप्रवेशः नाम एकोनविंशत्यधिकशततमः सर्गः ॥६-११९॥",
        "index": 0,
        "shloka_num": null
    },
    {
        "text": "एवमुक्ता तु वैदेही परुषं रोमहर्षणम् ।\nराघवेण सरोषेण श्रुत्वा प्रव्यथिताभवत् ॥६-११९-१॥",
        "index": 1,
        "shloka_num": 1
    },
    {
        "text": "सा तदाश्रुतपूर्वं हि जने महति मैथिली ।\nश्रुत्वा भर्तुर्वचो घोरं लज्जयावनताभवत् ॥६-११९-२॥",
        "index": 2,
        "shloka_num": 2
    },
    {
        "text": "प्रविशन्तीव गात्राणि स्वानि सा जनकात्मजा ।\nवाक्शरैस्तैः सशल्येव भृशमश्रूण्यवर्तयत् ॥६-११९-३॥",
        "index": 3,
        "shloka_num": 3
    },
    {
        "text": "ततो बाष्पपरिक्लिन्नं प्रमार्जन्ती स्वमाननम् ।\nशनैर्गद्गदया वाचा भर्तारमिदमब्रवीत् ॥६-११९-४॥",
        "index": 4,
        "shloka_num": 4
    },
    {
        "text": "किं मामसदृशं वाक्यमीदृशं श्रोत्रदारुणम् ।\nरूक्षं श्रावयसे वीर प्राकृतः प्राकृतामिव ॥६-११९-५॥",
        "index": 5,
        "shloka_num": 5
    },
    {
        "text": "न तथास्मि महाबाहो यथा मामवगच्छसि ।\nप्रत्ययं गच्छ मे स्वेन चारित्रेणैव ते शपे ॥६-११९-६॥",
        "index": 6,
        "shloka_num": 6
    },
    {
        "text": "पृथक्स्त्रीणां प्रचारेण जातिं त्वं परिशङ्कसे ।\nपरित्यजैनां शङ्कां तु यदि तेऽहं परीक्षिता ॥६-११९-७॥",
        "index": 7,
        "shloka_num": 7
    },
    {
        "text": "यदहं गात्रसंस्पर्शं गतास्मि विवशा प्रभो ।\nकामकारो न मे तत्र दैवं तत्रापराध्यति ॥६-११९-८॥",
        "index": 8,
        "shloka_num": 8
    },
    {
        "text": "मदधीनं तु यत् तन्मे हृदयं त्वयि वर्तते ।\nपराधीनेषु गात्रेषु किं करिष्याम्यनीश्वरी ॥६-११९-९॥",
        "index": 9,
        "shloka_num": 9
    },
    {
        "text": "सह संवृद्धभावेन संसर्गेण च मानद ।\nयदि तेऽहं न विज्ञाता हता तेनास्मि शाश्वतम् ॥६-११९-१०॥",
        "index": 10,
        "shloka_num": 10
    },
    {
        "text": "प्रेषितस्ते महावीरो हनुमानवलोककः ।\nलङ्कास्थाहं त्वया राजन् किं तदा न विसर्जिता ॥६-११९-११॥",
        "index": 11,
        "shloka_num": 11
    },
    {
        "text": "प्रत्यक्षं वानरस्यास्य तद्वाक्यसमनन्तरम् ।\nत्वया संत्यक्तया वीर त्यक्तं स्याज्जीवितं मया ॥६-११९-१२॥",
        "index": 12,
        "shloka_num": 12
    },
    {
        "text": "न वृथा ते श्रमोऽयं स्यात् संशये न्यस्य जीवितम् ।\nसुहृज्जनपरिक्लेशो न चायं विफलस्तव ॥६-११९-१३॥",
        "index": 13,
        "shloka_num": 13
    },
    {
        "text": "त्वया तु नृपशार्दूल रोषमेवानुवर्तता ।\nलघुनेव मनुष्येण स्त्रीत्वमेव पुरस्कृतम् ॥६-११९-१४॥",
        "index": 14,
        "shloka_num": 14
    },
    {
        "text": "अपदेशेन जनकान्नोत्पत्तिर्वसुधातलात् ।\nमम वृत्तं च वृत्तज्ञ बहु ते न पुरस्कृतम् ॥६-११९-१५॥",
        "index": 15,
        "shloka_num": 15
    },
    {
        "text": "न प्रमाणीकृतः पाणिर्बाल्ये मम निपीडितः ।\nमम भक्तिश्च शीलं च सर्वं ते पृष्ठतः कृतम् ॥६-११९-१६॥",
        "index": 16,
        "shloka_num": 16
    },
    {
        "text": "इति ब्रुवन्ती रुदती बाष्पगद्गदभाषिणी ।\nउवाच लक्ष्मणं सीता दीनं ध्यानपरायणम् ॥६-११९-१७॥",
        "index": 17,
        "shloka_num": 17
    },
    {
        "text": "चितां मे कुरु सौमित्रे व्यसनस्यास्य भेषजम् ।\nमिथ्यापवादोपहता नाहं जीवितुमुत्सहे ॥६-११९-१८॥",
        "index": 18,
        "shloka_num": 18
    },
    {
        "text": "अप्रीतेन गुणैर्भर्त्रा त्यक्ताया जनसंसदि ।\nया क्षमा मे गतिर्गन्तुं प्रवेक्ष्ये हव्यवाहनम् ॥६-११९-१९॥",
        "index": 19,
        "shloka_num": 19
    },
    {
        "text": "एवमुक्तस्तु वैदेह्या लक्ष्मणः परवीरहा ।\nअमर्षवशमापन्नो राघवं समुदैक्षत ॥६-११९-२०॥",
        "index": 20,
        "shloka_num": 20
    },
    {
        "text": "स विज्ञाय मनश्छन्दं रामस्याकारसूचितम् ।\nचितां चकार सौमित्रिर्मते रामस्य वीर्यवान् ॥६-११९-२१॥",
        "index": 21,
        "shloka_num": 21
    },
    {
        "text": "नहि रामं तदा कश्चित् कालान्तकयमोपमम् ।\nअनुनेतुमथो वक्तुं द्रष्टुं वाप्यशकत् सुहृत् ॥६-११९-२२॥",
        "index": 22,
        "shloka_num": 22
    },
    {
        "text": "अधोमुखं स्थितं रामं ततः कृत्वा प्रदक्षिणम् ।\nउपावर्तत वैदेही दीप्यमानं हुताशनम् ॥६-११९-२३॥",
        "index": 23,
        "shloka_num": 23
    },
    {
        "text": "प्रणम्य दैवतेभ्यश्च ब्राह्मणेभ्यश्च मैथिली ।\nबद्धाञ्जलिपुटा चेदमुवाचाग्निसमीपतः ॥६-११९-२४॥",
        "index": 24,
        "shloka_num": 24
    },
    {
        "text": "यथा मे हृदयं नित्यं नापसर्पति राघवात् ।\nतथा लोकस्य साक्षी मां सर्वतः पातु पावकः ॥६-११९-२५॥",
        "index": 25,
        "shloka_num": 25
    },
    {
        "text": "यथा मां शुद्धचारित्रां दुष्टां जानाति राघवः ।\nतथा लोकस्य साक्षी मां सर्वतः पातु पावकः ॥६-११९-२६॥",
        "index": 26,
        "shloka_num": 26
    },
    {
        "text": "कर्मणा मनसा वाचा यथा नातिचराम्यहम् ।\nराघवं सर्वधर्मज्ञं तथा मां पातु पावकः ॥६-११९-२७॥",
        "index": 27,
        "shloka_num": 27
    },
    {
        "text": "आदित्यो भगवान् वायुर्दिशश्चन्द्रस्तथैव च ।\nअहश्चापि तथा संध्ये रात्रिश्च पृथिवी तथा ।\nयथान्येऽपि विजानन्ति तथा चारित्रसंयुताम् ॥६-११९-२८॥",
        "index": 28,
        "shloka_num": 28
    },
    {
        "text": "एवमुक्त्वा तु वैदेही परिक्रम्य हुताशनम् ।\nविवेश ज्वलनं दीप्तं निःशङ्केनान्तरात्मना ॥६-११९-२९॥",
        "index": 29,
        "shloka_num": 29
    },
    {
        "text": "जनश्च सुमहांस्तत्र बालवृद्धसमाकुलः ।\nददर्श मैथिलीं दीप्तां प्रविशन्तीं हुताशनम् ॥६-११९-३०॥",
        "index": 30,
        "shloka_num": 30
    },
    {
        "text": "सा तप्तनवहेमाभा तप्तकाञ्चनभूषणा ।\nपपात ज्वलनं दीप्तं सर्वलोकस्य संनिधौ ॥६-११९-३१॥",
        "index": 31,
        "shloka_num": 31
    },
    {
        "text": "ददृशुस्तां विशालाक्षीं पतन्तीं हव्यवाहनम् ।\nसीतां सर्वाणि रूपाणि रुक्मवेदिनिभां तदा ॥६-११९-३२॥",
        "index": 32,
        "shloka_num": 32
    },
    {
        "text": "ददृशुस्तां महाभागां प्रविशन्तीं हुताशनम् ।\nऋषयो देवगन्धर्वा यज्ञे पूर्णाहुतीमिव ॥६-११९-३३॥",
        "index": 33,
        "shloka_num": 33
    },
    {
        "text": "प्रचुक्रुशुः स्त्रियः सर्वास्तां दृष्ट्वा हव्यवाहने ।\nपतन्तीं संस्कृतां मन्त्रैर्वसोर्धारामिवाध्वरे ॥६-११९-३४॥",
        "index": 34,
        "shloka_num": 34
    },
    {
        "text": "ददृशुस्तां त्रयो लोका देवगन्धर्वदानवाः ।\nशप्तां पतन्तीं निरये त्रिदिवाद् देवतामिव ॥६-११९-३५॥",
        "index": 35,
        "shloka_num": 35
    },
    {
        "text": "तस्यामग्निं विशन्त्यां तु हाहेति विपुलः स्वनः ।\nरक्षसां वानराणां च सम्बभूवाद्भुतोपमः ॥६-११९-३६॥",
        "index": 36,
        "shloka_num": 36
    },
    {
        "text": "इत्यार्षे श्रीमद्रामायणे वाल्मीकीये आदिकाव्ये युद्धकाण्डे हुताशनप्रवेशः नाम एकोनविंशत्यधिकशततमः सर्गः ॥६-११९॥",
        "index": 37,
        "shloka_num": null
    }
]