[
    {
        "text": "अथ श्रीमद्वाल्मीकीयरामायणे युद्धकाण्डे सीताप्रतिग्रहः नाम एकविंशत्यधिकशततमः सर्गः ॥६-१२१॥",
        "index": 0,
        "shloka_num": null
    },
    {
        "text": "एतच्छ्रुत्वा शुभं वाक्यं पितामहसमीरितम् ।\nअङ्केनादाय वैदेहीमुत्पपात विभावसुः ॥६-१२१-१॥",
        "index": 1,
        "shloka_num": 1
    },
    {
        "text": "विधूयाथ चितां तां तु वैदेहीं हव्यवाहनः ।\nउत्तस्थौ मूर्तिमानाशु गृहीत्वा जनकात्मजाम् ॥६-१२१-२॥",
        "index": 2,
        "shloka_num": 2
    },
    {
        "text": "तरुणादित्यसंकाशां तप्तकाञ्चनभूषणाम् ।\nरक्ताम्बरधरां बालां नीलकुञ्चितमूर्धजाम् ॥६-१२१-३॥",
        "index": 3,
        "shloka_num": 3
    },
    {
        "text": "अक्लिष्टमाल्याभरणां तथारूपामनिन्दिताम् ।\nददौ रामाय वैदेहीमङ्के कृत्वा विभावसुः ॥६-१२१-४॥",
        "index": 4,
        "shloka_num": 4
    },
    {
        "text": "अब्रवीत् तु तदा रामं साक्षी लोकस्य पावकः ।\nएषा ते राम वैदेही पापमस्यां न विद्यते ॥६-१२१-५॥",
        "index": 5,
        "shloka_num": 5
    },
    {
        "text": "नैव वाचा न मनसा नैव बुद्ध्या न चक्षुषा ।\nसुवृत्ता वृत्तशौटीर्यं न त्वामत्यचरच्छुभा ॥६-१२१-६॥",
        "index": 6,
        "shloka_num": 6
    },
    {
        "text": "रावणेनापनीतैषा वीर्योत्सिक्तेन रक्षसा ।\nत्वया विरहिता दीना विवशा निर्जने सती ॥६-१२१-७॥",
        "index": 7,
        "shloka_num": 7
    },
    {
        "text": "रुद्धा चान्तःपुरे गुप्ता त्वच्चित्ता त्वत्परायणा ।\nरक्षिता राक्षसीभिश्च घोराभिर्घोरबुद्धिभिः ॥६-१२१-८॥",
        "index": 8,
        "shloka_num": 8
    },
    {
        "text": "प्रलोभ्यमाना विविधं तर्ज्यमाना च मैथिली ।\nनाचिन्तयत तद्रक्षस्त्वद्गतेनान्तरात्मना ॥६-१२१-९॥",
        "index": 9,
        "shloka_num": 9
    },
    {
        "text": "विशुद्धभावां निष्पापां प्रतिगृह्णीष्व मैथिलीम् ।\nन किंचिदभिधातव्या अहमाज्ञापयामि ते ॥६-१२१-१०॥",
        "index": 10,
        "shloka_num": 10
    },
    {
        "text": "ततः प्रीतमना रामः श्रुत्वैवं वदतां वरः ।\nदध्यौ मुहूर्तं धर्मात्मा हर्षव्याकुललोचनः ॥६-१२१-११॥",
        "index": 11,
        "shloka_num": 11
    },
    {
        "text": "एवमुक्तो महातेजा धृतिमानुरुविक्रमः ।\nउवाच त्रिदशश्रेष्ठं रामो धर्मभृतां वरः ॥६-१२१-१२॥",
        "index": 12,
        "shloka_num": 12
    },
    {
        "text": "अवश्यं चापि लोकेषु सीता पावनमर्हति ।\nदीर्घकालोषिता हीयं रावणान्तःपुरे शुभा ॥६-१२१-१३॥",
        "index": 13,
        "shloka_num": 13
    },
    {
        "text": "बालिशो बत कामात्मा रामो दशरथात्मजः ।\nइति वक्ष्यति मां लोको जानकीमविशोध्य हि ॥६-१२१-१४॥",
        "index": 14,
        "shloka_num": 14
    },
    {
        "text": "अनन्यहृदयां सीतां मच्चित्तपरिरक्षिणीम् ।\nअहमप्यवगच्छामि मैथिलीं जनकात्मजाम् ॥६-१२१-१५॥",
        "index": 15,
        "shloka_num": 15
    },
    {
        "text": "इमामपि विशालाक्षीं रक्षितां स्वेन तेजसा ।\nरावणो नातिवर्तेत वेलामिव महोदधिः ॥६-१२१-१६॥",
        "index": 16,
        "shloka_num": 16
    },
    {
        "text": "प्रत्ययार्थं तु लोकानां त्रयाणां सत्यसंश्रयः ।\nउपेक्षे चापि वैदेहीं प्रविशन्तीं हुताशनम् ॥६-१२१-१७॥",
        "index": 17,
        "shloka_num": 17
    },
    {
        "text": "न हि शक्तः सुदुष्टात्मा मनसापि हि मैथिलीम् ।\nप्रधर्षयितुमप्राप्यां दीप्तामग्निशिखामिव ॥६-१२१-१८॥",
        "index": 18,
        "shloka_num": 18
    },
    {
        "text": "नेयमर्हति वैक्लव्यं रावणान्तःपुरे सती ।\nअनन्या हि मया सीता भास्करस्य प्रभा यथा ॥६-१२१-१९॥",
        "index": 19,
        "shloka_num": 19
    },
    {
        "text": "विशुद्धा त्रिषु लोकेषु मैथिली जनकात्मजा ।\nन विहातुं मया शक्या कीर्तिरात्मवता यथा ॥६-१२१-२०॥",
        "index": 20,
        "shloka_num": 20
    },
    {
        "text": "अवश्यं च मया कार्यं सर्वेषां वो वचो हितम् ।\nस्निग्धानां लोकनाथानामेवं च वदतां हितम् ॥६-१२१-२१॥",
        "index": 21,
        "shloka_num": 21
    },
    {
        "text": "इत्येवमुक्त्वा विजयी महाबलः प्रशस्यमानः स्वकृतेन कर्मणा ।\nसमेत्य रामः प्रियया महायशाः सुखं सुखार्होऽनुबभूव राघवः ॥६-१२१-२२॥",
        "index": 22,
        "shloka_num": 22
    },
    {
        "text": "इत्यार्षे श्रीमद्रामायणे वाल्मीकीये आदिकाव्ये युद्धकाण्डे सीताप्रतिग्रहः नाम एकविंशत्यधिकशततमः सर्गः ॥६-१२१॥",
        "index": 23,
        "shloka_num": null
    }
]