[
    {
        "text": "अथ श्रीमद्वाल्मीकीयरामायणे युद्धकाण्डे पुष्पकोपस्थापनम् नाम चतुर्विंशत्यधिकशततमः सर्गः ॥६-१२४॥",
        "index": 0,
        "shloka_num": null
    },
    {
        "text": "तां रात्रिमुषितं रामं सुखोदितमरिंदमम् ।\nअब्रवीत् प्राञ्जलिर्वाक्यं जयं पृष्ट्वा विभीषणः ॥६-१२४-१॥",
        "index": 1,
        "shloka_num": 1
    },
    {
        "text": "स्नानानि चाङ्गरागाणि वस्त्राण्याभरणानि च ।\nचन्दनानि च माल्यानि दिव्यानि विविधानि च ॥६-१२४-२॥",
        "index": 2,
        "shloka_num": 2
    },
    {
        "text": "अलंकारविदश्चैता नार्यः पद्मनिभेक्षणाः ।\nउपस्थितास्त्वां विधिवत् स्नापयिष्यन्ति राघव ॥६-१२४-३॥",
        "index": 3,
        "shloka_num": 3
    },
    {
        "text": "एवमुक्तस्तु काकुत्स्थः प्रत्युवाच विभीषणम् ।\nहरीन् सुग्रीवमुख्यांस्त्वं स्नानेनोपनिमन्त्रय ॥६-१२४-४॥",
        "index": 4,
        "shloka_num": 4
    },
    {
        "text": "स तु ताम्यति धर्मात्मा मम हेतोः सुखोचितः ।\nसुकुमारो महाबाहुर्भरतः सत्यसंश्रयः ॥६-१२४-५॥",
        "index": 5,
        "shloka_num": 5
    },
    {
        "text": "तं विना कैकयीपुत्रं भरतं धर्मचारिणम् ।\nन मे स्नानं बहु मतं वस्त्राण्याभरणानि च ॥६-१२४-६॥",
        "index": 6,
        "shloka_num": 6
    },
    {
        "text": "एतत् पश्य यथा क्षिप्रं प्रतिगच्छाम तां पुरीम् ।\nअयोध्यां गच्छतो ह्येष पन्थाः परमदुर्गमः ॥६-१२४-७॥",
        "index": 7,
        "shloka_num": 7
    },
    {
        "text": "एवमुक्तस्तु काकुत्स्थं प्रत्युवाच विभीषणः ।\nअह्ना त्वां प्रापयिष्यामि तां पुरीं पार्थिवात्मज ॥६-१२४-८॥",
        "index": 8,
        "shloka_num": 8
    },
    {
        "text": "पुष्पकं नाम भद्रं ते विमानं सूर्यसंनिभम् ।\nमम भ्रातुः कुबेरस्य रावणेन बलीयसा ॥६-१२४-९॥",
        "index": 9,
        "shloka_num": 9
    },
    {
        "text": "हृतं निर्जित्य संग्रामे कामगं दिव्यमुत्तमम् ।\nत्वदर्थं पालितं चेदं तिष्ठत्यतुलविक्रम ॥६-१२४-१०॥",
        "index": 10,
        "shloka_num": 10
    },
    {
        "text": "तदिदं मेघसंकाशं विमानमिह तिष्ठति ।\nयेन यास्यसि यानेन त्वमयोध्यां गतज्वरः ॥६-१२४-११॥",
        "index": 11,
        "shloka_num": 11
    },
    {
        "text": "अहं ते यद्यनुग्राह्यो यदि स्मरसि मे गुणान् ।\nवस तावदिह प्राज्ञ यद्यस्ति मयि सौहृदम् ॥६-१२४-१२॥",
        "index": 12,
        "shloka_num": 12
    },
    {
        "text": "लक्ष्मणेन सह भ्रात्रा वैदेह्या भार्यया सह ।\nअर्चितः सर्वकामैस्त्वं ततो राम गमिष्यसि ॥६-१२४-१३॥",
        "index": 13,
        "shloka_num": 13
    },
    {
        "text": "प्रीतियुक्तस्य विहितां ससैन्यः ससुहृद्गणः ।\nसत्क्रियां राम मे तावद् गृहाण त्वं मयोद्यताम् ॥६-१२४-१४॥",
        "index": 14,
        "shloka_num": 14
    },
    {
        "text": "प्रणयाद् बहुमानाच्च सौहार्देन च राघव ।\nप्रसादयामि प्रेष्योऽहं न खल्वाज्ञापयामि ते ॥६-१२४-१५॥",
        "index": 15,
        "shloka_num": 15
    },
    {
        "text": "एवमुक्तस्ततो रामः प्रत्युवाच विभीषणम् ।\nरक्षसां वानराणां च सर्वेषामेव शृण्वताम् ॥६-१२४-१६॥",
        "index": 16,
        "shloka_num": 16
    },
    {
        "text": "पूजितोऽस्मि त्वया वीर साचिव्येन परेण च ।\nसर्वात्मना च चेष्टाभिः सौहार्देन परेण च ॥६-१२४-१७॥",
        "index": 17,
        "shloka_num": 17
    },
    {
        "text": "न खल्वेतन्न कुर्यां ते वचनं राक्षसेश्वर ।\nतं तु मे भ्रातरं द्रष्टुं भरतं त्वरते मनः ॥६-१२४-१८॥",
        "index": 18,
        "shloka_num": 18
    },
    {
        "text": "मां निवर्तयितुं योऽसौ चित्रकूटमुपागतः ।\nशिरसा याचतो यस्य वचनं न कृतं मया ॥६-१२४-१९॥",
        "index": 19,
        "shloka_num": 19
    },
    {
        "text": "कौसल्यां च सुमित्रां च कैकेयीं च यशस्विनीम् ।\nगुहं च सुहृदं चैव पौराञ्जानपदैः सह ॥६-१२४-२०॥",
        "index": 20,
        "shloka_num": 20
    },
    {
        "text": "अनुजानीहि मां सौम्य पूजितोऽस्मि विभीषण ।\nमन्युर्न खलु कर्तव्यः सखे त्वां चानुमानये ॥६-१२४-२१॥",
        "index": 21,
        "shloka_num": 21
    },
    {
        "text": "उपस्थापय मे शीघ्रं विमानं राक्षसेश्वर ।\nकृतकार्यस्य मे वासः कथं स्यादिह सम्मतः ॥६-१२४-२२॥",
        "index": 22,
        "shloka_num": 22
    },
    {
        "text": "एवमुक्तस्तु रामेण राक्षसेन्द्रो विभीषणः ।\nविमानं सूर्यसंकाशमाजुहाव त्वरान्वितः ॥६-१२४-२३॥",
        "index": 23,
        "shloka_num": 23
    },
    {
        "text": "ततः काञ्चनचित्राङ्गं वैदूर्यमणिवेदिकम् ।\nकूटागारैः परिक्षिप्तं सर्वतो रजतप्रभम् ॥६-१२४-२४॥",
        "index": 24,
        "shloka_num": 24
    },
    {
        "text": "पाण्डुराभिः पताकाभिर्ध्वजैश्च समलंकृतम् ।\nशोभितं काञ्चनैर्हर्म्यैर्हेमपद्मविभूषितैः ॥६-१२४-२५॥",
        "index": 25,
        "shloka_num": 25
    },
    {
        "text": "प्रकीर्णं किङ्किणीजालैर्मुक्तामणिगवाक्षकम् ।\nघण्टाजालैः परिक्षिप्तं सर्वतो मधुरस्वनम् ॥६-१२४-२६॥",
        "index": 26,
        "shloka_num": 26
    },
    {
        "text": "तं मेरुशिखराकारं निर्मितं विश्वकर्मणा ।\nबृहद्भिर्भूषितं हर्म्यैर्मुक्तारजतशोभितैः ॥६-१२४-२७॥",
        "index": 27,
        "shloka_num": 27
    },
    {
        "text": "तलैः स्फटिकचित्राङ्गैर्वैदूर्यैश्च वरासनैः ।\nमहार्हास्तरणोपेतैरुपपन्नं महाधनैः ॥६-१२४-२८॥",
        "index": 28,
        "shloka_num": 28
    },
    {
        "text": "उपस्थितमनाधृष्यं तद् विमानं मनोजवम् ।\nनिवेदयित्वा रामाय तस्थौ तत्र विभीषणः ॥६-१२४-२९॥",
        "index": 29,
        "shloka_num": 29
    },
    {
        "text": "तत् पुष्पकं कामगमं विमानमुपस्थितं भूधरसंनिकाशम् ।\nदृष्ट्वा तदा विस्मयमाजगाम रामः ससौमित्रिरुदारसत्त्वः ॥६-१२४-३०॥",
        "index": 30,
        "shloka_num": 30
    },
    {
        "text": "इत्यार्षे श्रीमद्रामायणे वाल्मीकीये आदिकाव्ये युद्धकाण्डे पुष्पकोपस्थापनम् नाम चतुर्विंशत्यधिकशततमः सर्गः ॥६-१२४॥",
        "index": 31,
        "shloka_num": null
    }
]