[
    {
        "text": "अथ श्रीमद्वाल्मीकीयरामायणे युद्धकाण्डे प्रत्यवृत्तिपथवर्णनम् नाम षड्विंशत्यधिकशततमः सर्गः ॥६-१२६॥",
        "index": 0,
        "shloka_num": null
    },
    {
        "text": "अनुज्ञातं तु रामेण तद् विमानमनुत्तमम् ।\nहंसयुक्तं महानादमुत्पपात विहायसम् ॥६-१२६-१॥",
        "index": 1,
        "shloka_num": 1
    },
    {
        "text": "पातयित्वा ततश्चक्षुः सर्वतो रघुनन्दनः ।\nअब्रवीन्मैथिलीं सीतां रामः शशिनिभाननाम् ॥६-१२६-२॥",
        "index": 2,
        "shloka_num": 2
    },
    {
        "text": "कैलासशिखराकारे त्रिकूटशिखरे स्थिताम् ।\nलङ्कामीक्षस्व वैदेहि निर्मितां विश्वकर्मणा ॥६-१२६-३॥",
        "index": 3,
        "shloka_num": 3
    },
    {
        "text": "एतदायोधनं पश्य मांसशोणितकर्दमम् ।\nहरीणां राक्षसानां च सीते विशसनं महत् ॥६-१२६-४॥",
        "index": 4,
        "shloka_num": 4
    },
    {
        "text": "एष दत्तवरः शेते प्रमाथी राक्षसेश्वरः ।\nतव हेतोर्विशालाक्षि निहतो रावणो मया ॥६-१२६-५॥",
        "index": 5,
        "shloka_num": 5
    },
    {
        "text": "कुम्भकर्णोऽत्र निहतः प्रहस्तश्च निशाचरः ।\nधूम्राक्षश्चात्र निहतो वानरेण हनूमता ॥६-१२६-६॥",
        "index": 6,
        "shloka_num": 6
    },
    {
        "text": "विद्युन्माली हतश्चात्र सुषेणेन महात्मना ।\nलक्ष्मणेनेन्द्रजिच्चात्र रावणिर्निहतो रणे ॥६-१२६-७॥",
        "index": 7,
        "shloka_num": 7
    },
    {
        "text": "अङ्गदेनात्र निहतो विकटो नाम राक्षसः ।\nविरूपाक्षश्च दुष्प्रेक्षो महापार्श्वमहोदरौ ॥६-१२६-८॥",
        "index": 8,
        "shloka_num": 8
    },
    {
        "text": "अकम्पनश्च निहतो बलिनोऽन्ये च राक्षसाः ।\nत्रिशिराश्चातिकायश्च देवान्तकनरान्तकौ ॥६-१२६-९॥",
        "index": 9,
        "shloka_num": 9
    },
    {
        "text": "युद्धोन्मत्तश्च मत्तश्च राक्षसप्रवरावुभौ ।\nनिकुम्भश्चैव कुम्भश्च कुम्भकर्णात्मजौ बली ॥६-१२६-१०॥",
        "index": 10,
        "shloka_num": 10
    },
    {
        "text": "वज्रदंष्ट्रश्च दंष्ट्रश्च बहवो राक्षसा हताः ।\nमकराक्षश्च दुर्धर्षो मया युधि निपातितः ॥६-१२६-११॥",
        "index": 11,
        "shloka_num": 11
    },
    {
        "text": "अकम्पनश्च निहतः शोणिताक्षश्च वीर्यवान् ।\nयूपाक्षश्च प्रजङ्घश्च निहतौ तु महाहवे ॥६-१२६-१२॥",
        "index": 12,
        "shloka_num": 12
    },
    {
        "text": "विद्युज्जिह्वोऽत्र निहतो राक्षसो भीमदर्शनः ।\nयज्ञशत्रुश्च निहतः सुप्तघ्नश्च महाबलः ॥६-१२६-१३॥",
        "index": 13,
        "shloka_num": 13
    },
    {
        "text": "सूर्यशत्रुश्च निहतो ब्रह्मशत्रुस्तथापरः ।\nअत्र मन्दोदरी नाम भार्या तं पर्यदेवयत् ॥६-१२६-१४॥",
        "index": 14,
        "shloka_num": 14
    },
    {
        "text": "सपत्नीनां सहस्रेण साग्रेण परिवारिता ।\nएतत् तु दृश्यते तीर्थं समुद्रस्य वरानने ॥६-१२६-१५॥",
        "index": 15,
        "shloka_num": 15
    },
    {
        "text": "यत्र सागरमुत्तीर्य तां रात्रिमुषिता वयम् ।\nएष सेतुर्मया बद्धः सागरे लवणार्णवे ॥६-१२६-१६॥",
        "index": 16,
        "shloka_num": 16
    },
    {
        "text": "तव हेतोर्विशालाक्षि नलसेतुः सुदुष्करः ।\nपश्य सागरमक्षोभ्यं वैदेहि वरुणालयम् ॥६-१२६-१७॥",
        "index": 17,
        "shloka_num": 17
    },
    {
        "text": "अपारमिव गर्जन्तं शङ्खशुक्तिसमाकुलम् ।\nहिरण्यनाभं शैलेन्द्रं काञ्चनं पश्य मैथिलि ॥६-१२६-१८॥",
        "index": 18,
        "shloka_num": 18
    },
    {
        "text": "विश्रमार्थं हनुमतो भित्त्वा सागरमुत्थितम् ।\nएतत् कुक्षौ समुद्रस्य स्कन्धावारनिवेशनम् ॥६-१२६-१९॥",
        "index": 19,
        "shloka_num": 19
    },
    {
        "text": "अत्र पूर्वं महादेवः प्रसादमकरोद् विभुः ।\nएतत् तु दृश्यते तीर्थं सागरस्य महात्मनः ॥६-१२६-२०॥",
        "index": 20,
        "shloka_num": 20
    },
    {
        "text": "सेतुबन्ध इति ख्यातं त्रैलोक्येन च पूजितम् ।\nएतत् पवित्रं परमं महापातकनाशनम् ॥६-१२६-२१॥",
        "index": 21,
        "shloka_num": 21
    },
    {
        "text": "अत्र राक्षसराजोऽयमाजगाम विभीषणः ।\nएषा सा दृश्यते सीते किष्किन्धा चित्रकानना ॥६-१२६-२२॥",
        "index": 22,
        "shloka_num": 22
    },
    {
        "text": "सुग्रीवस्य पुरी रम्या यत्र वाली मया हतः ।\nअथ दृष्ट्वा पुरीं सीता किष्किन्धां वालिपालिताम् ॥६-१२६-२३॥",
        "index": 23,
        "shloka_num": 23
    },
    {
        "text": "अब्रवीत् प्रश्रितं वाक्यं रामं प्रणयसाध्वसा ।\nसुग्रीवप्रियभार्याभिस्ताराप्रमुखतो नृप ॥६-१२६-२४॥",
        "index": 24,
        "shloka_num": 24
    },
    {
        "text": "अन्येषां वानरेन्द्राणां स्त्रीभिः परिवृता ह्यहम् ।\nगन्तुमिच्छे सहायोध्यां राजधानीं त्वया सह ॥६-१२६-२५॥",
        "index": 25,
        "shloka_num": 25
    },
    {
        "text": "एवमुक्तोऽथ वैदेह्या राघवः प्रत्युवाच ताम् ।\nएवमस्त्विति किष्किन्धां प्राप्य संस्थाप्य राघवः ॥६-१२६-२६॥",
        "index": 26,
        "shloka_num": 26
    },
    {
        "text": "विमानं प्रेक्ष्य सुग्रीवं वाक्यमेतदुवाच ह ।\nब्रूहि वानरशार्दूल सर्वान् वानरपुङ्गवान् ॥६-१२६-२७॥",
        "index": 27,
        "shloka_num": 27
    },
    {
        "text": "स्त्रीभिः परिवृताः सर्वे ह्ययोध्यां यान्तु सीतया ।\nतथा त्वमपि सर्वाभिः स्त्रीभिः सह महाबल ॥६-१२६-२८॥",
        "index": 28,
        "shloka_num": 28
    },
    {
        "text": "अभित्वरय सुग्रीव गच्छामः प्लवगाधिप ।\nएवमुक्तस्तु सुग्रीवो रामेणामिततेजसा ॥६-१२६-२९॥",
        "index": 29,
        "shloka_num": 29
    },
    {
        "text": "वानराधिपतिः श्रीमांस्तैश्च सर्वैः समावृतः ।\nप्रविश्यान्तःपुरं शीघ्रं तारामुद्वीक्ष्य सोऽब्रवीत् ॥६-१२६-३०॥",
        "index": 30,
        "shloka_num": 30
    },
    {
        "text": "प्रिये त्वं सह नारीभिर्वानराणां महात्मनाम् ।\nराघवेणाभ्यनुज्ञाता मैथिलीप्रियकाम्यया ॥६-१२६-३१॥",
        "index": 31,
        "shloka_num": 31
    },
    {
        "text": "त्वर त्वमभिगच्छामो गृह्य वानरयोषितः ।\nअयोध्यां दर्शयिष्यामः सर्वा दशरथस्त्रियः ॥६-१२६-३२॥",
        "index": 32,
        "shloka_num": 32
    },
    {
        "text": "सुग्रीवस्य वचः श्रुत्वा तारा सर्वाङ्गशोभना ।\nआहूय चाब्रवीत् सर्वा वानराणां तु योषितः ॥६-१२६-३३॥",
        "index": 33,
        "shloka_num": 33
    },
    {
        "text": "सुग्रीवेणाभ्यनुज्ञाता गन्तुं सर्वैश्च वानरैः ।\nमम चापि प्रियं कार्यमयोध्यादर्शनेन च ॥६-१२६-३४॥",
        "index": 34,
        "shloka_num": 34
    },
    {
        "text": "प्रवेशं चैव रामस्य पौरजानपदैः सह ।\nविभूतिं चैव सर्वासां स्त्रीणां दशरथस्य च ॥६-१२६-३५॥",
        "index": 35,
        "shloka_num": 35
    },
    {
        "text": "तारया चाभ्यनुज्ञाताः सर्वा वानरयोषितः ।\nनेपथ्यविधिपूर्वं तु कृत्वा चापि प्रदक्षिणम् ॥६-१२६-३६॥",
        "index": 36,
        "shloka_num": 36
    },
    {
        "text": "अध्यारोहन् विमानं तत् सीतादर्शनकाङ्क्षया ।\nताभिः सहोत्थितं शीघ्रं विमानं प्रेक्ष्य राघवः ॥६-१२६-३७॥",
        "index": 37,
        "shloka_num": 37
    },
    {
        "text": "ऋष्यमूकसमीपे तु वैदेहीं पुनरब्रवीत् ।\nदृश्यतेऽसौ महान् सीते सविद्युदिव तोयदः ॥६-१२६-३८॥",
        "index": 38,
        "shloka_num": 38
    },
    {
        "text": "ऋष्यमूको गिरिवरः काञ्चनैर्धातुभिर्वृतः ।\nअत्राहं वानरेन्द्रेण सुग्रीवेण समागतः ॥६-१२६-३९॥",
        "index": 39,
        "shloka_num": 39
    },
    {
        "text": "समयश्च कृतः सीते वधार्थं वालिनो मया ।\nएषा सा दृश्यते पम्पा नलिनी चित्रकानना ॥६-१२६-४०॥",
        "index": 40,
        "shloka_num": 40
    },
    {
        "text": "त्वया विहीनो यत्राहं विललाप सुदुःखितः ।\nअस्यास्तीरे मया दृष्टा शबरी धर्मचारिणी ॥६-१२६-४१॥",
        "index": 41,
        "shloka_num": 41
    },
    {
        "text": "अत्र योजनबाहुश्च कबन्धो निहतो मया ।\nदृश्यतेऽसौ जनस्थाने श्रीमान् सीते वनस्पतिः ॥६-१२६-४२॥",
        "index": 42,
        "shloka_num": 42
    },
    {
        "text": "जटायुश्च महातेजास्तव हेतोर्विलासिनि ।\nरावणेन हतो यत्र पक्षिणां प्रवरो बली ॥६-१२६-४३॥",
        "index": 43,
        "shloka_num": 43
    },
    {
        "text": "खरश्च निहतो यत्र दूषणश्च निपातितः ।\nत्रिशिराश्च महावीर्यो मया बाणैरजिह्मगैः ॥६-१२६-४४॥",
        "index": 44,
        "shloka_num": 44
    },
    {
        "text": "एतत् तदाश्रमपदमस्माकं वरवर्णिनि ।\nपर्णशाला तथा चित्रा दृश्यते शुभदर्शने ॥६-१२६-४५॥",
        "index": 45,
        "shloka_num": 45
    },
    {
        "text": "यत्र त्वं राक्षसेन्द्रेण रावणेन हृता बलात् ।\nएषा गोदावरी रम्या प्रसन्नसलिला शुभा ॥६-१२६-४६॥",
        "index": 46,
        "shloka_num": 46
    },
    {
        "text": "अगस्त्यस्याश्रमश्चैव दृश्यते कदलीवृतः ।\nदीप्तश्चैवाश्रमे ह्येष सुतीक्ष्णस्य महात्मनः ॥६-१२६-४७॥",
        "index": 47,
        "shloka_num": 47
    },
    {
        "text": "दृश्यते चैव वैदेहि शरभङ्गाश्रमो महान् ।\nउपयातः सहस्राक्षो यत्र शक्रः पुरंदरः ॥६-१२६-४८॥",
        "index": 48,
        "shloka_num": 48
    },
    {
        "text": "अस्मिन् देशे महाकायो विराधो निहतो मया ।\nएते ते तापसा देवि दृश्यन्ते तनुमध्यमे ॥६-१२६-४९॥",
        "index": 49,
        "shloka_num": 49
    },
    {
        "text": "अत्रिः कुलपतिर्यत्र सूर्यवैश्वानरोपमः ।\nअत्र सीते त्वया दृष्टा तापसी धर्मचारिणी ॥६-१२६-५०॥",
        "index": 50,
        "shloka_num": 50
    },
    {
        "text": "असौ सुतनु शैलेन्द्रश्चित्रकूटः प्रकाशते ।\nअत्र मां कैकयीपुत्रः प्रसादयितुमागतः ॥६-१२६-५१॥",
        "index": 51,
        "shloka_num": 51
    },
    {
        "text": "एषा सा यमुना रम्या दृश्यते चित्रकानना ।\nभरद्वाजाश्रमः श्रीमान् दृश्यते चैष मैथिलि ॥६-१२६-५२॥",
        "index": 52,
        "shloka_num": 52
    },
    {
        "text": "इयं च दृश्यते गङ्गा पुण्या त्रिपथगा नदी ।\nनानाद्विजगणाकीर्णा सम्प्रपुष्पितकानना ॥६-१२६-५३॥",
        "index": 53,
        "shloka_num": 53
    },
    {
        "text": "शृङ्गवेरपुरं चैतद् गुहो यत्र सखा मम ।\nएषा सा दृश्यते सीते सरयूर्यूपमालिनी ॥६-१२६-५४॥",
        "index": 54,
        "shloka_num": 54
    },
    {
        "text": "एषा सा दृश्यते सीते राजधानी पितुर्मम ।\nअयोध्यां कुरु वैदेहि प्रणामं पुनरागता ॥६-१२६-५५॥",
        "index": 55,
        "shloka_num": 55
    },
    {
        "text": "ततस्ते वानराः सर्वे राक्षसाः सविभीषणाः ।\nउत्पत्योत्पत्य संहृष्टास्तां पुरीं ददृशुस्तदा ॥६-१२६-५६॥",
        "index": 56,
        "shloka_num": 56
    },
    {
        "text": "ततस्तु तां पाण्डुरहर्म्यमालिनीं विशालकक्ष्यां गजवाजिभिर्वृताम् ।\nपुरीमपश्यन् प्लवगाः सराक्षसाः पुरीं महेन्द्रस्य यथामरावतीम् ॥६-१२६-५७॥",
        "index": 57,
        "shloka_num": 57
    },
    {
        "text": "इत्यार्षे श्रीमद्रामायणे वाल्मीकीये आदिकाव्ये युद्धकाण्डे प्रत्यवृत्तिपथवर्णनम् नाम षड्विंशत्यधिकशततमः सर्गः ॥६-१२६॥",
        "index": 58,
        "shloka_num": null
    }
]