[
    {
        "text": "अथ श्रीमद्वाल्मीकीयरामायणे युद्धकाण्डे भरतप्रियाख्यानम् नाम अष्टाविंशत्यधिकशततमः सर्गः ॥६-१२८॥",
        "index": 0,
        "shloka_num": null
    },
    {
        "text": "अयोध्यां तु समालोक्य चिन्तयामास राघवः ।\nप्रियकामः प्रियं रामस्ततस्त्वरितविक्रमः ॥६-१२८-१॥",
        "index": 1,
        "shloka_num": 1
    },
    {
        "text": "चिन्तयित्वा ततो दृष्टिं वानरेषु न्यपातयत् ।\nउवाच धीमांस्तेजस्वी हनूमन्तं प्लवंगमम् ॥६-१२८-२॥",
        "index": 2,
        "shloka_num": 2
    },
    {
        "text": "अयोध्यां त्वरितो गत्वा शीघ्रं प्लवगसत्तम ।\nजानीहि कच्चित् कुशली जनो नृपतिमन्दिरे ॥६-१२८-३॥",
        "index": 3,
        "shloka_num": 3
    },
    {
        "text": "शृङ्गवेरपुरं प्राप्य गुहं गहनगोचरम् ।\nनिषादाधिपतिं ब्रूहि कुशलं वचनान्मम ॥६-१२८-४॥",
        "index": 4,
        "shloka_num": 4
    },
    {
        "text": "श्रुत्वा तु मां कुशलिनमरोगं विगतज्वरम् ।\nभविष्यति गुहः प्रीतः स ममात्मसमः सखा ॥६-१२८-५॥",
        "index": 5,
        "shloka_num": 5
    },
    {
        "text": "अयोध्यायाश्च ते मार्गं प्रवृत्तिं भरतस्य च ।\nनिवेदयिष्यति प्रीतो निषादाधिपतिर्गुहः ॥६-१२८-६॥",
        "index": 6,
        "shloka_num": 6
    },
    {
        "text": "भरतस्तु त्वया वाच्यः कुशलं वचनान्मम ।\nसिद्धार्थं शंस मां तस्मै सभार्यं सहलक्ष्मणम् ॥६-१२८-७॥",
        "index": 7,
        "shloka_num": 7
    },
    {
        "text": "हरणं चापि वैदेह्या रावणेन बलीयसा ।\nसुग्रीवेण च संवादं वालिनश्च वधं रणे ॥६-१२८-८॥",
        "index": 8,
        "shloka_num": 8
    },
    {
        "text": "मैथिल्यन्वेषणं चैव यथा चाधिगता त्वया ।\nलङ्घयित्वा महातोयमापगापतिमव्ययम् ॥६-१२८-९॥",
        "index": 9,
        "shloka_num": 9
    },
    {
        "text": "उपयानं समुद्रस्य सागरस्य च दर्शनम् ।\nयथा च कारितः सेतू रावणश्च यथा हतः ॥६-१२८-१०॥",
        "index": 10,
        "shloka_num": 10
    },
    {
        "text": "वरदानं महेन्द्रेण ब्रह्मणा वरुणेन च ।\nमहादेवप्रसादाच्च पित्रा मम समागमम् ॥६-१२८-११॥",
        "index": 11,
        "shloka_num": 11
    },
    {
        "text": "उपयातं च मां सौम्य भरताय निवेदय ।\nसह राक्षसराजेन हरीणामीश्वरेण च ॥६-१२८-१२॥",
        "index": 12,
        "shloka_num": 12
    },
    {
        "text": "जित्वा शत्रुगणान् रामः प्राप्य चानुत्तमं यशः ।\nउपायाति समृद्धार्थः सह मित्रैर्महाबलैः ॥६-१२८-१३॥",
        "index": 13,
        "shloka_num": 13
    },
    {
        "text": "एतच्छ्रुत्वा यमाकारं भजते भरतस्ततः ।\nस च ते वेदितव्यः स्यात् सर्वं यच्चापि मां प्रति ॥६-१२८-१४॥",
        "index": 14,
        "shloka_num": 14
    },
    {
        "text": "ज्ञेयाः सर्वे च वृत्तान्ता भरतस्येङ्गितानि च ।\nतत्त्वेन मुखवर्णेन दृष्ट्या व्याभाषितेन च ॥६-१२८-१५॥",
        "index": 15,
        "shloka_num": 15
    },
    {
        "text": "सर्वकामसमृद्धं हि हस्त्यश्वरथसंकुलम् ।\nपितृपैतामहं राज्यं कस्य नावर्तयेन्मनः ॥६-१२८-१६॥",
        "index": 16,
        "shloka_num": 16
    },
    {
        "text": "संगत्या भरतः श्रीमान् राज्येनार्थी स्वयं भवेत् ।\nप्रशास्तु वसुधां सर्वामखिलां रघुनन्दनः ॥६-१२८-१७॥",
        "index": 17,
        "shloka_num": 17
    },
    {
        "text": "तस्य बुद्धिं च विज्ञाय व्यवसायं च वानर ।\nयावन्न दूरं याताः स्मः क्षिप्रमागन्तुमर्हसि ॥६-१२८-१८॥",
        "index": 18,
        "shloka_num": 18
    },
    {
        "text": "इति प्रतिसमादिष्टो हनूमान् मारुतात्मजः ।\nमानुषं धारयन् रूपमयोध्यां त्वरितो ययौ ॥६-१२८-१९॥",
        "index": 19,
        "shloka_num": 19
    },
    {
        "text": "अथोत्पपात वेगेन हनूमान् मारुतात्मजः ।\nगरुत्मानिव वेगेन जिघृक्षन्नुरगोत्तमम् ॥६-१२८-२०॥",
        "index": 20,
        "shloka_num": 20
    },
    {
        "text": "लङ्घयित्वा पितृपथं विहगेन्द्रालयं शुभम् ।\nगङ्गायमुनयोर्भीमं समतीत्य समागमम् ॥६-१२८-२१॥",
        "index": 21,
        "shloka_num": 21
    },
    {
        "text": "शृङ्गवेरपुरं प्राप्य गुहमासाद्य वीर्यवान् ।\nस वाचा शुभया हृष्टो हनूमानिदमब्रवीत् ॥६-१२८-२२॥",
        "index": 22,
        "shloka_num": 22
    },
    {
        "text": "सखा तु तव काकुत्स्थो रामः सत्यपराक्रमः ।\nससीतः सह सौमित्रिः स त्वां कुशलमब्रवीत् ॥६-१२८-२३॥",
        "index": 23,
        "shloka_num": 23
    },
    {
        "text": "पञ्चमीमद्य रजनीमुषित्वा वचनान्मुनेः ।\nभरद्वाजाभ्यनुज्ञातं द्रक्ष्यस्यत्रैव राघवम् ॥६-१२८-२४॥",
        "index": 24,
        "shloka_num": 24
    },
    {
        "text": "एवमुक्त्वा महातेजाः सम्प्रहृष्टतनूरुहः ।\nउत्पपात महावेगाद् वेगवानविचारयन् ॥६-१२८-२५॥",
        "index": 25,
        "shloka_num": 25
    },
    {
        "text": "सोऽपश्यद् रामतीर्थं च नदीं वालुकिनीं तथा ।\nवरूथीं गोमतीं चैव भीमं शालवनं तथा ॥६-१२८-२६॥",
        "index": 26,
        "shloka_num": 26
    },
    {
        "text": "प्रजाश्च बहुसाहस्रीः स्फीताञ्जनपदानपि ।\nस गत्वा दूरमध्वानं त्वरितः कपिकुञ्जरः ॥६-१२८-२७॥",
        "index": 27,
        "shloka_num": 27
    },
    {
        "text": "आससाद द्रुमान् फुल्लान् नन्दिग्रामसमीपगान् ।\nसुराधिपस्योपवने यथा चैत्ररथे द्रुमान् ॥६-१२८-२८॥",
        "index": 28,
        "shloka_num": 28
    },
    {
        "text": "स्त्रीभिः सपुत्रैः पौत्रैश्च रममाणैः स्वलंकृतैः ।\nक्रोशमात्रे त्वयोध्यायाश्चीरकृष्णाजिनाम्बरम् ॥६-१२८-२९॥",
        "index": 29,
        "shloka_num": 29
    },
    {
        "text": "ददर्श भरतं दीनं कृशमाश्रमवासिनम् ।\nजटिलं मलदिग्धाङ्गं भ्रातृव्यसनकर्शितम् ॥६-१२८-३०॥",
        "index": 30,
        "shloka_num": 30
    },
    {
        "text": "फलमूलाशिनं दान्तं तापसं धर्मचारिणम् ।\nसमुन्नतजटाभारं वल्कलाजिनवाससम् ॥६-१२८-३१॥",
        "index": 31,
        "shloka_num": 31
    },
    {
        "text": "नियतं भावितात्मानं ब्रह्मर्षिसमतेजसम् ।\nपादुके ते पुरस्कृत्य प्रशासन्तं वसुंधराम् ॥६-१२८-३२॥",
        "index": 32,
        "shloka_num": 32
    },
    {
        "text": "चातुर्वर्ण्यस्य लोकस्य त्रातारं सर्वतो भयात् ।\nउपस्थितममात्यैश्च शुचिभिश्च पुरोहितैः ॥६-१२८-३३॥",
        "index": 33,
        "shloka_num": 33
    },
    {
        "text": "बलमुख्यैश्च युक्तैश्च काषायाम्बरधारिभिः ।\nनहि ते राजपुत्रं तं चीरकृष्णाजिनाम्बरम् ॥६-१२८-३४॥",
        "index": 34,
        "shloka_num": 34
    },
    {
        "text": "परिभोक्तुं व्यवस्यन्ति पौरा वै धर्मवत्सलाः ।\nतं धर्ममिव धर्मज्ञं देहबन्धमिवापरम् ॥६-१२८-३५॥",
        "index": 35,
        "shloka_num": 35
    },
    {
        "text": "उवाच प्राञ्जलिर्वाक्यं हनूमान् मारुतात्मजः ।\nवसन्तं दण्डकारण्ये यं त्वं चीरजटाधरम् ॥६-१२८-३६॥",
        "index": 36,
        "shloka_num": 36
    },
    {
        "text": "अनुशोचसि काकुत्स्थं स त्वां कौशलमब्रवीत् ।\nप्रियमाख्यामि ते देव शोकं त्यज सुदारुणम् ॥६-१२८-३७॥",
        "index": 37,
        "shloka_num": 37
    },
    {
        "text": "अस्मिन् मुहूर्ते भ्रात्रा त्वं रामेण सह संगतः ।\nनिहत्य रावणं रामः प्रतिलभ्य च मैथिलीम् ॥६-१२८-३८॥",
        "index": 38,
        "shloka_num": 38
    },
    {
        "text": "उपयाति समृद्धार्थः सह मित्रैर्महाबलैः ।\nलक्ष्मणश्च महातेजा वैदेही च यशस्विनी ।\nसीता समग्रा रामेण महेन्द्रेण शची यथा ॥६-१२८-३९॥",
        "index": 39,
        "shloka_num": 39
    },
    {
        "text": "एवमुक्तो हनुमता भरतः कैकयीसुतः ।\nपपात सहसा हृष्टो हर्षान्मोहमुपागमत् ॥६-१२८-४०॥",
        "index": 40,
        "shloka_num": 40
    },
    {
        "text": "ततो मुहूर्तादुत्थाय प्रत्याश्वस्य च राघवः ।\nहनूमन्तमुवाचेदं भरतः प्रियवादिनम् ॥६-१२८-४१॥",
        "index": 41,
        "shloka_num": 41
    },
    {
        "text": "अशोकजैः प्रीतिमयैः कपिमालिङ्ग्य सम्भ्रमात् ।\nसिषेच भरतः श्रीमान् विपुलैरश्रुबिन्दुभिः ॥६-१२८-४२॥",
        "index": 42,
        "shloka_num": 42
    },
    {
        "text": "देवो वा मानुषो वा त्वमनुक्रोशादिहागतः ।\nप्रियाख्यानस्य ते सौम्य ददामि ब्रुवतः प्रियम् ॥६-१२८-४३॥",
        "index": 43,
        "shloka_num": 43
    },
    {
        "text": "गवां शतसहस्रं च ग्रामाणां च शतं परम् ।\nसकुण्डलाः शुभाचारा भार्याः कन्यास्तु षोडश ॥६-१२८-४४॥",
        "index": 44,
        "shloka_num": 44
    },
    {
        "text": "हेमवर्णाः सुनासोरूः शशिसौम्याननाः स्त्रियः ।\nसर्वाभरणसम्पन्नाः सम्पन्नाः कुलजातिभिः ॥६-१२८-४५॥",
        "index": 45,
        "shloka_num": 45
    },
    {
        "text": "निशम्य रामागमनं नृपात्मजः कपिप्रवीरस्य तदाद्भुतोपमम् ।\nप्रहर्षितो रामदिदृक्षयाभवत् पुनश्च हर्षादिदमब्रवीद् वचः ॥६-१२८-४६॥",
        "index": 46,
        "shloka_num": 46
    },
    {
        "text": "इत्यार्षे श्रीमद्रामायणे वाल्मीकीये आदिकाव्ये युद्धकाण्डे भरतप्रियाख्यानम् नाम अष्टाविंशत्यधिकशततमः सर्गः ॥६-१२८॥",
        "index": 47,
        "shloka_num": null
    }
]