[
    {
        "text": "अथ श्रीमद्वाल्मीकीयरामायणे युद्धकाण्डे सेतुबन्धः नाम द्वाविंशः सर्गः ॥६-२२॥",
        "index": 0,
        "shloka_num": null
    },
    {
        "text": "अथोवाच रघुश्रेष्ठः सागरं दारुणं वचः ।\nअद्य त्वां शोषयिष्यामि सपातालं महार्णव ॥६-२२-१॥",
        "index": 1,
        "shloka_num": 1
    },
    {
        "text": "शरनिर्दग्धतोयस्य परिशुष्कस्य सागर ।\nमया निहतसत्त्वस्य पांसुरुत्पद्यते महान् ॥६-२२-२॥",
        "index": 2,
        "shloka_num": 2
    },
    {
        "text": "मत्कार्मुकविसृष्टेन शरवर्षेण सागर ।\nपरं तीरं गमिष्यन्ति पद्भिरेव प्लवंगमाः ॥६-२२-३॥",
        "index": 3,
        "shloka_num": 3
    },
    {
        "text": "विचिन्वन्नाभिजानासि पौरुषं नापि विक्रमम् ।\nदानवालय संतापं मत्तो नाम गमिष्यसि ॥६-२२-४॥",
        "index": 4,
        "shloka_num": 4
    },
    {
        "text": "ब्राह्मेणास्त्रेण संयोज्य ब्रह्मदण्डनिभं शरम् ।\nसंयोज्य धनुषि श्रेष्ठे विचकर्ष महाबलः ॥६-२२-५॥",
        "index": 5,
        "shloka_num": 5
    },
    {
        "text": "तस्मिन् विकृष्टे सहसा राघवेण शरासने ।\nरोदसी सम्पफालेव पर्वताश्च चकम्पिरे ॥६-२२-६॥",
        "index": 6,
        "shloka_num": 6
    },
    {
        "text": "तमश्च लोकमावव्रे दिशश्च न चकाशिरे ।\nप्रतिचुक्षुभिरे चाशु सरांसि सरितस्तथा ॥६-२२-७॥",
        "index": 7,
        "shloka_num": 7
    },
    {
        "text": "तिर्यक् च सह नक्षत्रैः संगतौ चन्द्रभास्करौ ।\nभास्करांशुभिरादीप्तं तमसा च समावृतम् ॥६-२२-८॥",
        "index": 8,
        "shloka_num": 8
    },
    {
        "text": "प्रचकाशे तदाऽऽकाशमुल्काशतविदीपितम् ।\nअन्तरिक्षाच्च निर्घाता निर्जग्मुरतुलस्वनाः ॥६-२२-९॥",
        "index": 9,
        "shloka_num": 9
    },
    {
        "text": "वपुःप्रकर्षेण ववुर्दिव्यमारुतपङ्क्तयः ।\nबभञ्ज च तदा वृक्षाञ्जलदानुद्वहन्मुहुः ॥६-२२-१०॥",
        "index": 10,
        "shloka_num": 10
    },
    {
        "text": "आरुजंश्चैव शैलाग्रान् शिखराणि बभञ्ज च ।\nदिवि च स्म महामेघाः संहताः समहास्वनाः ॥६-२२-११॥",
        "index": 11,
        "shloka_num": 11
    },
    {
        "text": "मुमुचुर्वैद्युतानग्नींस्ते महाशनयस्तदा ।\nयानि भूतानि दृश्यानि चुक्रुशुश्चाशनेः समम् ॥६-२२-१२॥",
        "index": 12,
        "shloka_num": 12
    },
    {
        "text": "अदृश्यानि च भूतानि मुमुचुर्भैरवस्वनम् ।\nशिश्यिरे चाभिभूतानि संत्रस्तान्युद्विजन्ति च ॥६-२२-१३॥",
        "index": 13,
        "shloka_num": 13
    },
    {
        "text": "सम्प्रविव्यथिरे चापि न च पस्पन्दिरे भयात् ।\nसह भूतैः सतोयोर्मिः सनागः सहराक्षसः ॥६-२२-१४॥",
        "index": 14,
        "shloka_num": 14
    },
    {
        "text": "सहसाभूत् ततो वेगाद् भीमवेगो महोदधिः ।\nयोजनं व्यतिचक्राम वेलामन्यत्र सम्प्लवात् ॥६-२२-१५॥",
        "index": 15,
        "shloka_num": 15
    },
    {
        "text": "तं तथा समतिक्रान्तं नातिचक्राम राघवः ।\nसमुद्धतममित्रघ्नो रामो नदनदीपतिम् ॥६-२२-१६॥",
        "index": 16,
        "shloka_num": 16
    },
    {
        "text": "ततो मध्यात् समुद्रस्य सागरः स्वयमुत्थितः ।\nउदयाद्रिमहाशैलान्मेरोरिव दिवाकरः ॥६-२२-१७॥",
        "index": 17,
        "shloka_num": 17
    },
    {
        "text": "पन्नगैः सह दीप्तास्यैः समुद्रः प्रत्यदृश्यत ।\nस्निग्धवैदूर्यसंकाशो जाम्बूनदविभूषणः ॥६-२२-१८॥",
        "index": 18,
        "shloka_num": 18
    },
    {
        "text": "रक्तमाल्याम्बरधरः पद्मपत्रनिभेक्षणः ।\nसर्वपुष्पमयीं दिव्यां शिरसा धारयन् स्रजम् ॥६-२२-१९॥",
        "index": 19,
        "shloka_num": 19
    },
    {
        "text": "जातरूपमयैश्चैव तपनीयविभूषणैः ।\nआत्मजानां च रत्नानां भूषितो भूषणोत्तमैः ॥६-२२-२०॥",
        "index": 20,
        "shloka_num": 20
    },
    {
        "text": "धातुभिर्मण्डितः शैलो विविधैर्हिमवानिव ।\nएकावलीमध्यगतं तरलं पाण्डरप्रभम् ॥६-२२-२१॥",
        "index": 21,
        "shloka_num": 21
    },
    {
        "text": "विपुलेनोरसा बिभ्रत्कौस्तुभस्य सहोदरम् ।\nआघूर्णिततरङ्गौघः कालिकानिलसंकुलः ॥६-२२-२२॥",
        "index": 22,
        "shloka_num": 22
    },
    {
        "text": "गङ्गासिन्धुप्रधानाभिरापगाभिः समावृतः ।\nउद्वर्तितमहाग्राहः सम्भ्रान्तोरगराक्षसः ॥६-२२-२३॥",
        "index": 23,
        "shloka_num": 23
    },
    {
        "text": "देवतानां सुरूपाभिर्नानारूपाभिरीश्वरः ।\nसागरः समुपक्रम्य पूर्वमामन्त्र्य वीर्यवान् ॥६-२२-२४॥",
        "index": 24,
        "shloka_num": 24
    },
    {
        "text": "अब्रवीत् प्राञ्जलिर्वाक्यं राघवं शरपाणिनम् ॥६-२२-२५॥",
        "index": 25,
        "shloka_num": 25
    },
    {
        "text": "पृथिवी वायुराकाशमापो ज्योतिश्च राघव ।\nस्वभावे सौम्य तिष्ठन्ति शाश्वतं मार्गमाश्रिताः ॥६-२२-२६॥",
        "index": 26,
        "shloka_num": 26
    },
    {
        "text": "तत्स्वभावो ममाप्येष यदगाधोऽहमप्लवः ।\nविकारस्तु भवेद् गाध एतत् ते प्रवदाम्यहम् ॥६-२२-२७॥",
        "index": 27,
        "shloka_num": 27
    },
    {
        "text": "न कामान्न च लोभाद् वा न भयात् पार्थिवात्मज ।\nग्राहनक्राकुलजलं स्तम्भयेयं कथंचन ॥६-२२-२८॥",
        "index": 28,
        "shloka_num": 28
    },
    {
        "text": "विधास्ये येन गन्तासि विषहिष्येऽप्यहं तथा ।\nन ग्राहा विधमिष्यन्ति यावत्सेना तरिष्यति ।\nहरीणां तरणे राम करिष्यामि यथा स्थलम् ॥६-२२-२९॥",
        "index": 29,
        "shloka_num": 29
    },
    {
        "text": "तमब्रवीत् तदा रामः शृणु मे वरुणालय ।\nअमोघोऽयं महाबाणः कस्मिन् देशे निपात्यताम् ॥६-२२-३०॥",
        "index": 30,
        "shloka_num": 30
    },
    {
        "text": "रामस्य वचनं श्रुत्वा तं च दृष्ट्वा महाशरम् ।\nमहोदधिर्महातेजा राघवं वाक्यमब्रवीत् ॥६-२२-३१॥",
        "index": 31,
        "shloka_num": 31
    },
    {
        "text": "उत्तरेणावकाशोऽस्ति कश्चित् पुण्यतरो मम ।\nद्रुमकुल्य इति ख्यातो लोके ख्यातो यथा भवान् ॥६-२२-३२॥",
        "index": 32,
        "shloka_num": 32
    },
    {
        "text": "उग्रदर्शनकर्माणो बहवस्तत्र दस्यवः ।\nआभीरप्रमुखाः पापाः पिबन्ति सलिलं मम ॥६-२२-३३॥",
        "index": 33,
        "shloka_num": 33
    },
    {
        "text": "तैर्न तत्स्पर्शनं पापं सहेयं पापकर्मभिः ।\nअमोघः क्रियतां राम अयं तत्र शरोत्तमः ॥६-२२-३४॥",
        "index": 34,
        "shloka_num": 34
    },
    {
        "text": "तस्य तद् वचनं श्रुत्वा सागरस्य महात्मनः ।\nमुमोच तं शरं दीप्तं परं सागरदर्शनात् ॥६-२२-३५॥",
        "index": 35,
        "shloka_num": 35
    },
    {
        "text": "तेन तन्मरुकान्तारं पृथिव्यां किल विश्रुतम् ।\nनिपातितः शरो यत्र वज्राशनिसमप्रभः ॥६-२२-३६॥",
        "index": 36,
        "shloka_num": 36
    },
    {
        "text": "ननाद च तदा तत्र वसुधा शल्यपीडिता ।\nतस्माद् व्रणमुखात् तोयमुत्पपात रसातलात् ॥६-२२-३७॥",
        "index": 37,
        "shloka_num": 37
    },
    {
        "text": "स बभूव तदा कूपो व्रण इत्येव विश्रुतः ।\nसततं चोत्थितं तोयं समुद्रस्येव दृश्यते ॥६-२२-३८॥",
        "index": 38,
        "shloka_num": 38
    },
    {
        "text": "अवदारणशब्दश्च दारुणः समपद्यत ।\nतस्मात् तद् बाणपातेन अपः कुक्षिष्वशोषयत् ॥६-२२-३९॥",
        "index": 39,
        "shloka_num": 39
    },
    {
        "text": "विख्यातं त्रिषु लोकेषु मरुकान्तारमेव च ।\nशोषयित्वा तु तं कुक्षिं रामो दशरथात्मजः ॥६-२२-४०॥",
        "index": 40,
        "shloka_num": 40
    },
    {
        "text": "वरं तस्मै ददौ विद्वान् मरवेऽमरविक्रमः ॥६-२२-४१॥",
        "index": 41,
        "shloka_num": 41
    },
    {
        "text": "पशव्यश्चाल्परोगश्च फलमूलरसायुतः ।\nबहुस्नेहो बहुक्षीरः सुगन्धिर्विविधौषधिः ॥६-२२-४२॥",
        "index": 42,
        "shloka_num": 42
    },
    {
        "text": "एवमेतैश्च संयुक्तो बहुभिः संयुतो मरुः ।\nरामस्य वरदानाच्च शिवः पन्था बभूव ह ॥६-२२-४३॥",
        "index": 43,
        "shloka_num": 43
    },
    {
        "text": "तस्मिन् दग्धे तदा कुक्षौ समुद्रः सरितां पतिः ।\nराघवं सर्वशास्त्रज्ञमिदं वचनमब्रवीत् ॥६-२२-४४॥",
        "index": 44,
        "shloka_num": 44
    },
    {
        "text": "अयं सौम्य नलो नाम तनयो विश्वकर्मणः ।\nपित्रा दत्तवरः श्रीमान् प्रीतिमान् विश्वकर्मणः ॥६-२२-४५॥",
        "index": 45,
        "shloka_num": 45
    },
    {
        "text": "एष सेतुं महोत्साहः करोतु मयि वानरः ।\nतमहं धारयिष्यामि यथा ह्येष पिता तथा ॥६-२२-४६॥",
        "index": 46,
        "shloka_num": 46
    },
    {
        "text": "एवमुक्त्वोदधिर्नष्टः समुत्थाय नलस्ततः ।\nअब्रवीद् वानरश्रेष्ठो वाक्यं रामं महाबलम् ॥६-२२-४७॥",
        "index": 47,
        "shloka_num": 47
    },
    {
        "text": "अहं सेतुं करिष्यामि विस्तीर्णे मकरालये ।\nपितुः सामर्थ्यमासाद्य तत्त्वमाह महोदधिः ॥६-२२-४८॥",
        "index": 48,
        "shloka_num": 48
    },
    {
        "text": "दण्ड एव वरो लोके पुरुषस्येति मे मतिः ।\nधिक् क्षमामकृतज्ञेषु सान्त्वं दानमथापि वा ॥६-२२-४९॥",
        "index": 49,
        "shloka_num": 49
    },
    {
        "text": "अयं हि सागरो भीमः सेतुकर्मदिदृक्षया ।\nददौ दण्डभयाद् गाधं राघवाय महोदधिः ॥६-२२-५०॥",
        "index": 50,
        "shloka_num": 50
    },
    {
        "text": "मम मातुर्वरो दत्तो मन्दरे विश्वकर्मणा ।\nमया तु सदृशः पुत्रस्तव देवि भविष्यति ॥६-२२-५१॥",
        "index": 51,
        "shloka_num": 51
    },
    {
        "text": "औरसस्तस्य पुत्रोऽहं सदृशो विश्वकर्मणा ।\nस्मारितोऽस्म्यहमेतेन तत्त्वमाह महोदधिः ।\nन चाप्यहमनुक्तो वः प्रब्रूयामात्मनो गुणान् ॥६-२२-५२॥",
        "index": 52,
        "shloka_num": 52
    },
    {
        "text": "समर्थश्चाप्यहं सेतुं कर्तुं वै वरुणालये ।\nतस्मादद्यैव बध्नन्तु सेतुं वानरपुङ्गवाः ॥६-२२-५३॥",
        "index": 53,
        "shloka_num": 53
    },
    {
        "text": "ततो विसृष्टा रामेण सर्वतो हरिपुङ्गवाः ।\nउत्पेततुर्महारण्यं हृष्टाः शतसहस्रशः ॥६-२२-५४॥",
        "index": 54,
        "shloka_num": 54
    },
    {
        "text": "ते नगान् नगसंकाशाः शाखामृगगणर्षभाः ।\nबभञ्जुः पादपांस्तत्र प्रचकर्षुश्च सागरम् ॥६-२२-५५॥",
        "index": 55,
        "shloka_num": 55
    },
    {
        "text": "ते सालैश्चाश्वकर्णैश्च धवैर्वंशैश्च वानराः ।\nकुटजैरर्जुनैस्तालैस्तिलकैस्तिनिशैरपि ॥६-२२-५६॥",
        "index": 56,
        "shloka_num": 56
    },
    {
        "text": "बिल्वकैः सप्तपर्णैश्च कर्णिकारैश्च पुष्पितैः ।\nचूतैश्चाशोकवृक्षैश्च सागरं समपूरयन् ॥६-२२-५७॥",
        "index": 57,
        "shloka_num": 57
    },
    {
        "text": "समूलांश्च विमूलांश्च पादपान् हरिसत्तमाः ।\nइन्द्रकेतूनिवोद्यम्य प्रजह्रुर्वानरास्तरून् ॥६-२२-५८॥",
        "index": 58,
        "shloka_num": 58
    },
    {
        "text": "तालान् दाडिमगुल्मांश्च नारिकेलविभीतकान् ।\nकरीरान् बकुलान् निम्बान् समाजह्रुरितस्ततः ॥६-२२-५९॥",
        "index": 59,
        "shloka_num": 59
    },
    {
        "text": "हस्तिमात्रान् महाकायाः पाषाणांश्च महाबलाः ।\nपर्वतांश्च समुत्पाट्य यन्त्रैः परिवहन्ति च ॥६-२२-६०॥",
        "index": 60,
        "shloka_num": 60
    },
    {
        "text": "प्रक्षिप्यमाणैरचलैः सहसा जलमुद्धृतम् ।\nसमुत्ससर्प चाकाशमवासर्पत् ततः पुनः ॥६-२२-६१॥",
        "index": 61,
        "shloka_num": 61
    },
    {
        "text": "समुद्रं क्षोभयामासुर्निपतन्तः समन्ततः ।\nसूत्राण्यन्ये प्रगृह्णन्ति ह्यायतं शतयोजनम् ॥६-२२-६२॥",
        "index": 62,
        "shloka_num": 62
    },
    {
        "text": "नलश्चक्रे महासेतुं मध्ये नदनदीपतेः ।\nस तदा क्रियते सेतुर्वानरैर्घोरकर्मभिः ॥६-२२-६३॥",
        "index": 63,
        "shloka_num": 63
    },
    {
        "text": "दण्डानन्ये प्रगृह्णन्ति विचिन्वन्ति तथापरे ।\nवानरैः शतशस्तत्र रामस्याज्ञापुरःसरैः ॥६-२२-६४॥",
        "index": 64,
        "shloka_num": 64
    },
    {
        "text": "मेघाभैः पर्वताभैश्च तृणैः काष्ठैर्बबन्धिरे ।\nपुष्पिताग्रैश्च तरुभिः सेतुं बघ्नन्ति वानराः ॥६-२२-६५॥",
        "index": 65,
        "shloka_num": 65
    },
    {
        "text": "पाषाणांश्च गिरिप्रख्यान् गिरीणां शिखराणि च ।\nदृश्यन्ते परिधावन्तो गृह्य दानवसंनिभाः ॥६-२२-६६॥",
        "index": 66,
        "shloka_num": 66
    },
    {
        "text": "शिलानां क्षिप्यमाणानां शैलानां तत्र पात्यताम् ।\nबभूव तुमुलः शब्दस्तदा तस्मिन् महोदधौ ॥६-२२-६७॥",
        "index": 67,
        "shloka_num": 67
    },
    {
        "text": "कृतानि प्रथमेनाह्ना योजनानि चतुर्दश ।\nप्रहृष्टैर्गजसंकाशैस्त्वरमाणैः प्लवङ्गमैः ॥६-२२-६८॥",
        "index": 68,
        "shloka_num": 68
    },
    {
        "text": "द्वितीयेन तथैवाह्ना योजनानि तु विंशतिः ।\nकृतानि प्लवगैस्तूर्णं भीमकायैर्महाबलैः ॥६-२२-६९॥",
        "index": 69,
        "shloka_num": 69
    },
    {
        "text": "अह्ना तृतीयेन तथा योजनानि तु सागरे ।\nत्वरमाणैर्महाकायैरेकविंशतिरेव च ॥६-२२-७०॥",
        "index": 70,
        "shloka_num": 70
    },
    {
        "text": "चतुर्थेन तथा चाह्ना द्वाविंशतिरथापि वा ।\nयोजनानि महावेगैः कृतानि त्वरितैस्ततः ॥६-२२-७१॥",
        "index": 71,
        "shloka_num": 71
    },
    {
        "text": "पञ्चमेन तथा चाह्ना प्लवगैः क्षिप्रकारिभिः ।\nयोजनानि त्रयोविंशत् सुवेलमधिकृत्य वै ॥६-२२-७२॥",
        "index": 72,
        "shloka_num": 72
    },
    {
        "text": "स वानरवरः श्रीमान् विश्वकर्मात्मजो बली ।\nबबन्ध सागरे सेतुं यथा चास्य पिता तथा ॥६-२२-७३॥",
        "index": 73,
        "shloka_num": 73
    },
    {
        "text": "स नलेन कृतः सेतुः सागरे मकरालये ।\nशुशुभे सुभगः श्रीमान् स्वातीपथ इवाम्बरे ॥६-२२-७४॥",
        "index": 74,
        "shloka_num": 74
    },
    {
        "text": "ततो देवाः सगन्धर्वाः सिद्धाश्च परमर्षयः ।\nआगम्य गगने तस्थुर्द्रष्टुकामास्तदद्भुतम् ॥६-२२-७५॥",
        "index": 75,
        "shloka_num": 75
    },
    {
        "text": "दशयोजनविस्तीर्णं शतयोजनमायतम् ।\nददृशुर्देवगन्धर्वा नलसेतुं सुदुष्करम् ॥६-२२-७६॥",
        "index": 76,
        "shloka_num": 76
    },
    {
        "text": "आप्लवन्तः प्लवन्तश्च गर्जन्तश्च प्लवंगमाः ।\nतमचिन्त्यमसह्यं च ह्यद्भुतं लोमहर्षणम् ॥६-२२-७७॥",
        "index": 77,
        "shloka_num": 77
    },
    {
        "text": "ददृशुः सर्वभूतानि सागरे सेतुबन्धनम् ।\nतानि कोटिसहस्राणि वानराणां महौजसाम् ॥६-२२-७८॥",
        "index": 78,
        "shloka_num": 78
    },
    {
        "text": "बध्नन्तः सागरे सेतुं जग्मुः पारं महोदधेः ।\nविशालः सुकृतः श्रीमान् सुभूमिः सुसमाहितः ॥६-२२-७९॥",
        "index": 79,
        "shloka_num": 79
    },
    {
        "text": "अशोभत महान् सेतुः सीमन्त इव सागरे ।\nततः पारे समुद्रस्य गदापाणिर्विभीषणः ॥६-२२-८०॥",
        "index": 80,
        "shloka_num": 80
    },
    {
        "text": "परेषामभिघातार्थमतिष्ठत् सचिवैः सह ।\nसुग्रीवस्तु ततः प्राह रामं सत्यपराक्रमम् ॥६-२२-८१॥",
        "index": 81,
        "shloka_num": 81
    },
    {
        "text": "हनूमन्तं त्वमारोह अङ्गदं त्वथ लक्ष्मणः ।\nअयं हि विपुलो वीर सागरो मकरालयः ॥६-२२-८२॥",
        "index": 82,
        "shloka_num": 82
    },
    {
        "text": "वैहायसौ युवामेतौ वानरौ धारयिष्यतः ।\nअग्रतस्तस्य सैन्यस्य श्रीमान् रामः सलक्ष्मणः ॥६-२२-८३॥",
        "index": 83,
        "shloka_num": 83
    },
    {
        "text": "जगाम धन्वी धर्मात्मा सुग्रीवेण समन्वितः ।\nअन्ये मध्येन गच्छन्ति पार्श्वतोऽन्ये प्लवंगमाः ॥६-२२-८४॥",
        "index": 84,
        "shloka_num": 84
    },
    {
        "text": "सलिलं प्रपतन्त्यन्ये मार्गमन्ये प्रपेदिरे ।\nकेचिद् वैहायसगताः सुपर्णा इव पुप्लुवुः ॥६-२२-८५॥",
        "index": 85,
        "shloka_num": 85
    },
    {
        "text": "घोषेण महता घोषं सागरस्य समुच्छ्रितम् ।\nभीममन्तर्दधे भीमा तरन्ती हरिवाहिनी ॥६-२२-८६॥",
        "index": 86,
        "shloka_num": 86
    },
    {
        "text": "वानराणां हि सा तीर्णा वाहिनी नलसेतुना ।\nतीरे निविविशे राज्ञो बहुमूलफलोदके ॥६-२२-८७॥",
        "index": 87,
        "shloka_num": 87
    },
    {
        "text": "तदद्भुतं राघवकर्म दुष्करं समीक्ष्य देवाः सह सिद्धचारणैः ।\nउपेत्य रामं सहसा महर्षिभिस्तमभ्यषिञ्चन् सुशुभैर्जलैः पृथक् ॥६-२२-८८॥",
        "index": 88,
        "shloka_num": 88
    },
    {
        "text": "जयस्व शत्रून् नरदेव मेदिनीं ससागरां पालय शाश्वतीः समाः ।\nइतीव रामं नरदेवसत्कृतं शुभैर्वचोभिर्विविधैरपूजयन् ॥६-२२-८९॥",
        "index": 89,
        "shloka_num": 89
    },
    {
        "text": "इत्यार्षे श्रीमद्रामायणे वाल्मीकीये आदिकाव्ये युद्धकाण्डे सेतुबन्धः नाम द्वाविंशः सर्गः ॥६-२२॥",
        "index": 90,
        "shloka_num": null
    }
]