[
    {
        "text": "अथ श्रीमद्वाल्मीकीयरामायणे युद्धकाण्डे मैन्दादिपराक्रमाख्यानम् नाम अष्टाविंशः सर्गः ॥६-२८॥",
        "index": 0,
        "shloka_num": null
    },
    {
        "text": "सारणस्य वचः श्रुत्वा रावणं राक्षसाधिपम् ।\nबलमादिश्य तत् सर्वं शुको वाक्यमथाब्रवीत् ॥६-२८-१॥",
        "index": 1,
        "shloka_num": 1
    },
    {
        "text": "स्थितान् पश्यसि यानेतान् मत्तानिव महाद्विपान् ।\nन्यग्रोधानिव गाङ्गेयान् सालान् हैमवतानिव ॥६-२८-२॥",
        "index": 2,
        "shloka_num": 2
    },
    {
        "text": "एते दुष्प्रसहा राजन् बलिनः कामरूपिणः ।\nदैत्यदानवसंकाशा युद्धे देवपराक्रमाः ॥६-२८-३॥",
        "index": 3,
        "shloka_num": 3
    },
    {
        "text": "एषां कोटिसहस्राणि नव पञ्च च सप्त च ।\nतथा शङ्कुसहस्राणि तथा वृन्दशतानि च ॥६-२८-४॥",
        "index": 4,
        "shloka_num": 4
    },
    {
        "text": "एते सुग्रीवसचिवाः किष्किन्धानिलयाः सदा ।\nहरयो देवगन्धर्वैरुत्पन्नाः कामरूपिणः ॥६-२८-५॥",
        "index": 5,
        "shloka_num": 5
    },
    {
        "text": "यौ तौ पश्यसि तिष्ठन्तौ कुमारौ देवरूपिणौ ।\nमैन्दश्च द्विविदश्चैव ताभ्यां नास्ति समो युधि ॥६-२८-६॥",
        "index": 6,
        "shloka_num": 6
    },
    {
        "text": "ब्रह्मणा समनुज्ञातावमृतप्राशिनावुभौ ।\nआशंसेते यथा लङ्कामेतौ मर्दितुमोजसा ॥६-२८-७॥",
        "index": 7,
        "shloka_num": 7
    },
    {
        "text": "यं तु पश्यसि तिष्ठन्तं प्रभिन्नमिव कुञ्जरम् ।\nयो बलात् क्षोभयेत् क्रुद्धः समुद्रमपि वानरः ॥६-२८-८॥",
        "index": 8,
        "shloka_num": 8
    },
    {
        "text": "एषोऽभिगन्ता लङ्कायां वैदेह्यास्तव च प्रभो ।\nएनं पश्य पुरा दृष्टं वानरं पुनरागतम् ॥६-२८-९॥",
        "index": 9,
        "shloka_num": 9
    },
    {
        "text": "ज्येष्ठः केसरिणः पुत्रो वातात्मज इति श्रुतः ।\nहनूमानिति विख्यातो लङ्घितो येन सागरः ॥६-२८-१०॥",
        "index": 10,
        "shloka_num": 10
    },
    {
        "text": "कामरूपो हरिश्रेष्ठो बलरूपसमन्वितः ।\nअनिवार्यगतिश्चैव यथा सततगः प्रभुः ॥६-२८-११॥",
        "index": 11,
        "shloka_num": 11
    },
    {
        "text": "उद्यन्तं भास्करं दृष्ट्वा बालः किल बुभुक्षितः ।\nत्रियोजनसहस्रं तु अध्वानमवतीर्य हि ॥६-२८-१२॥",
        "index": 12,
        "shloka_num": 12
    },
    {
        "text": "आदित्यमाहरिष्यामि न मे क्षुत् प्रतियास्यति ।\nइति निश्चित्य मनसा पुप्लुवे बलदर्पितः ॥६-२८-१३॥",
        "index": 13,
        "shloka_num": 13
    },
    {
        "text": "अनाधृष्यतमं देवमपि देवर्षिराक्षसैः ।\nअनासाद्यैव पतितो भास्करोदयने गिरौ ॥६-२८-१४॥",
        "index": 14,
        "shloka_num": 14
    },
    {
        "text": "पतितस्य कपेरस्य हनुरेका शिलातले ।\nकिंचिद् भिन्ना दृढहनुर्हनूमानेष तेन वै ॥६-२८-१५॥",
        "index": 15,
        "shloka_num": 15
    },
    {
        "text": "सत्यमागमयोगेन ममैष विदितो हरिः ।\nनास्य शक्यं बलं रूपं प्रभावो वानुभाषितुम् ॥६-२८-१६॥",
        "index": 16,
        "shloka_num": 16
    },
    {
        "text": "एष आशंसते लङ्कामेको मथितुमोजसा ।\nयेन जाज्वल्यतेऽसौ वै धूमकेतुस्तवाद्य वै ।\nलङ्कायां निहितश्चापि कथं विस्मरसे कपिम् ॥६-२८-१७॥",
        "index": 17,
        "shloka_num": 17
    },
    {
        "text": "यश्चैषोऽनन्तरः शूरः श्यामः पद्मनिभेक्षणः ।\nइक्ष्वाकूणामतिरथो लोके विश्रुतपौरुषः ॥६-२८-१८॥",
        "index": 18,
        "shloka_num": 18
    },
    {
        "text": "यस्मिन् न चलते धर्मो यो धर्मं नातिवर्तते ।\nयो ब्राह्ममस्त्रं वेदांश्च वेद वेदविदां वरः ॥६-२८-१९॥",
        "index": 19,
        "shloka_num": 19
    },
    {
        "text": "यो भिन्द्याद् गगनं बाणैर्मेदिनीं वापि दारयेत् ।\nयस्य मृत्योरिव क्रोधः शक्रस्येव पराक्रमः ॥६-२८-२०॥",
        "index": 20,
        "shloka_num": 20
    },
    {
        "text": "यस्य भार्या जनस्थानात् सीता चापि हृता त्वया ।\nस एष रामस्त्वां राजन् योद्धुं समभिवर्तते ॥६-२८-२१॥",
        "index": 21,
        "shloka_num": 21
    },
    {
        "text": "यस्यैष दक्षिणे पार्श्वे शुद्धजाम्बूनदप्रभः ।\nविशालवक्षास्ताम्राक्षो नीलकुञ्चितमूर्धजः ॥६-२८-२२॥",
        "index": 22,
        "shloka_num": 22
    },
    {
        "text": "एषो हि लक्ष्मणो नाम भ्रातुः प्रियहिते रतः ।\nनये युद्धे च कुशलः सर्वशस्त्रभृतां वरः ॥६-२८-२३॥",
        "index": 23,
        "shloka_num": 23
    },
    {
        "text": "अमर्षी दुर्जयो जेता विक्रान्तश्च जयी बली ।\nरामस्य दक्षिणो बाहुर्नित्यं प्राणो बहिश्चरः ॥६-२८-२४॥",
        "index": 24,
        "shloka_num": 24
    },
    {
        "text": "नह्येष राघवस्यार्थे जीवितं परिरक्षति ।\nएषैवाशंसते युद्धे निहन्तुं सर्वराक्षसान् ॥६-२८-२५॥",
        "index": 25,
        "shloka_num": 25
    },
    {
        "text": "यस्तु सव्यमसौ पक्षं रामस्याश्रित्य तिष्ठति ।\nरक्षोगणपरिक्षिप्तो राजा ह्येष विभीषणः ॥६-२८-२६॥",
        "index": 26,
        "shloka_num": 26
    },
    {
        "text": "श्रीमता राजराजेन लङ्कायामभिषेचितः ।\nत्वामसौ प्रतिसंरब्धो युद्धायैषोऽभिवर्तते ॥६-२८-२७॥",
        "index": 27,
        "shloka_num": 27
    },
    {
        "text": "यं तु पश्यसि तिष्ठन्तं मध्ये गिरिमिवाचलम् ।\nसर्वशाखामृगेन्द्राणां भर्तारममितौजसम् ॥६-२८-२८॥",
        "index": 28,
        "shloka_num": 28
    },
    {
        "text": "तेजसा यशसा बुद्ध्या बलेनाभिजनेन च ।\nयः कपीनतिबभ्राज हिमवानिव पर्वतः ॥६-२८-२९॥",
        "index": 29,
        "shloka_num": 29
    },
    {
        "text": "किष्किन्धां यः समध्यास्ते गुहां सगहनद्रुमाम् ।\nदुर्गां पर्वतदुर्गम्यां प्रधानैः सह यूथपैः ॥६-२८-३०॥",
        "index": 30,
        "shloka_num": 30
    },
    {
        "text": "यस्यैषा काञ्चनी माला शोभते शतपुष्करा ।\nकान्ता देवमनुष्याणां यस्यां लक्ष्मीः प्रतिष्ठिता ॥६-२८-३१॥",
        "index": 31,
        "shloka_num": 31
    },
    {
        "text": "एतां मालां च तारां च कपिराज्यं च शाश्वतम् ।\nसुग्रीवो वालिनं हत्वा रामेण प्रतिपादितः ॥६-२८-३२॥",
        "index": 32,
        "shloka_num": 32
    },
    {
        "text": "शतं शतसहस्राणां कोटिमाहुर्मनीषिणः ।\nशतं कोटिसहस्राणां शङ्कुरित्यभिधीयते ॥६-२८-३३॥",
        "index": 33,
        "shloka_num": 33
    },
    {
        "text": "शतं शङ्कुसहस्राणां महाशङ्कुरिति स्मृतः ।\nमहाशङ्कुसहस्राणां शतं वृन्दमिहोच्यते ॥६-२८-३४॥",
        "index": 34,
        "shloka_num": 34
    },
    {
        "text": "शतं वृन्दसहस्राणां महावृन्दमिति स्मृतम् ।\nमहावृन्दसहस्राणां शतं पद्ममिहोच्यते ॥६-२८-३५॥",
        "index": 35,
        "shloka_num": 35
    },
    {
        "text": "शतं पद्मसहस्राणां महापद्ममिति स्मृतम् ।\nमहापद्मसहस्राणां शतं खर्वमिहोच्यते ॥६-२८-३६॥",
        "index": 36,
        "shloka_num": 36
    },
    {
        "text": "शतं खर्वसहस्राणां महाखर्वमिति स्मृतम् ।\nमहाखर्वसहस्राणां समुद्रमभिधीयते ।\nशतं समुद्रसाहस्रमोघ इत्यभिधीयते ॥६-२८-३७॥",
        "index": 37,
        "shloka_num": 37
    },
    {
        "text": "शतमोघसहस्राणां महौघा इति विश्रुतः ।\nएवं कोटिसहस्रेण शङ्कूनां च शतेन च ।\nमहाशङ्कुसहस्रेण तथा वृन्दशतेन च ॥६-२८-३८॥",
        "index": 38,
        "shloka_num": 38
    },
    {
        "text": "महावृन्दसहस्रेण तथा पद्मशतेन च ।\nमहापद्मसहस्रेण तथा खर्वशतेन च ॥६-२८-३९॥",
        "index": 39,
        "shloka_num": 39
    },
    {
        "text": "समुद्रेण च तेनैव महौघेन तथैव च एष कोटिमहौघेन समुद्रसदृशेन च ॥६-२८-४०॥",
        "index": 40,
        "shloka_num": 40
    },
    {
        "text": "विभीषणेन वीरेण सचिवैः परिवारितः ।\nसुग्रीवो वानरेन्द्रस्त्वां युद्धार्थमनुवर्तते ।\nमहाबलवृतो नित्यं महाबलपराक्रमः ॥६-२८-४१॥",
        "index": 41,
        "shloka_num": 41
    },
    {
        "text": "इमां महाराज समीक्ष्य वाहिनीमुपस्थितां प्रज्वलितग्रहोपमाम् ।\nततः प्रयत्नः परमो विधीयतां यथा जयः स्यान्न परैः पराभवः ॥६-२८-४२॥",
        "index": 42,
        "shloka_num": 42
    },
    {
        "text": "इत्यार्षे श्रीमद्रामायणे वाल्मीकीये आदिकाव्ये युद्धकाण्डे मैन्दादिपराक्रमाख्यानम् नाम अष्टाविंशः सर्गः ॥६-२८॥",
        "index": 43,
        "shloka_num": null
    }
]