[
    {
        "text": "अथ श्रीमद्वाल्मीकीयरामायणे युद्धकाण्डे सुवेलारोहणम् नाम अष्टात्रिंशः सर्गः ॥६-३८॥",
        "index": 0,
        "shloka_num": null
    },
    {
        "text": "स तु कृत्वा सुवेलस्य मतिमारोहणं प्रति ।\nलक्ष्मणानुगतो रामः सुग्रीवमिदमब्रवीत् ॥६-३८-१॥",
        "index": 1,
        "shloka_num": 1
    },
    {
        "text": "विभीषणं च धर्मज्ञमनुरक्तं निशाचरम् ।\nमन्त्रज्ञं च विधिज्ञं च श्लक्ष्णया परया गिरा ॥६-३८-२॥",
        "index": 2,
        "shloka_num": 2
    },
    {
        "text": "सुवेलं साधु शैलेन्द्रमिमं धातुशतैश्चितम् ।\nअध्यारोहामहे सर्वे वत्स्यामोऽत्र निशामिमाम् ॥६-३८-३॥",
        "index": 3,
        "shloka_num": 3
    },
    {
        "text": "लङ्कां चालोकयिष्यामो निलयं तस्य रक्षसः ।\nयेन मे मरणान्ताय हृता भार्या दुरात्मना ॥६-३८-४॥",
        "index": 4,
        "shloka_num": 4
    },
    {
        "text": "येन धर्मो न विज्ञातो न वृत्तं न कुलं तथा ।\nराक्षस्या नीचया बुद्ध्या येन तद् गर्हितं कृतम् ॥६-३८-५॥",
        "index": 5,
        "shloka_num": 5
    },
    {
        "text": "तस्मिन् मे वर्तते रोषः कीर्तिते राक्षसाधमे ।\nयस्यापराधान्नीचस्य वधं द्रक्ष्यामि रक्षसाम् ॥६-३८-६॥",
        "index": 6,
        "shloka_num": 6
    },
    {
        "text": "एको हि कुरुते पापं कालपाशवशं गतः ।\nनीचेनात्मापचारेण कुलं तेन विनश्यति ॥६-३८-७॥",
        "index": 7,
        "shloka_num": 7
    },
    {
        "text": "एवं सम्मन्त्रयन् नेव सक्रोधो रावणं प्रति ।\nरामः सुवेलं वासाय चित्रसानुमुपारुहत् ॥६-३८-८॥",
        "index": 8,
        "shloka_num": 8
    },
    {
        "text": "पृष्ठतो लक्ष्मणश्चैनमन्वगच्छत् समाहितः ।\nसशरं चापमुद्यम्य सुमहद्विक्रमे रतः ॥६-३८-९॥",
        "index": 9,
        "shloka_num": 9
    },
    {
        "text": "तमन्वारोहत् सुग्रीवः सामात्यः सविभीषणः ।\nहनुमानङ्गदो नीलो मैन्दो द्विविद एव च ॥६-३८-१०॥",
        "index": 10,
        "shloka_num": 10
    },
    {
        "text": "गजो गवाक्षो गवयः शरभो गन्धमादनः ।\nपनसः कुमुदश्चैव हरो रम्भश्च यूथपः ॥६-३८-११॥",
        "index": 11,
        "shloka_num": 11
    },
    {
        "text": "जाम्बवांश्च सुषेणश्च ऋषभश्च महामतिः ।\nदुर्मुखश्च महातेजास्तथा शतवलिः कपिः ॥६-३८-१२॥",
        "index": 12,
        "shloka_num": 12
    },
    {
        "text": "एते चान्ये च बहवो वानराः शीघ्रगामिनः ।\nते वायुवेगप्रवणास्तं गिरिं गिरिचारिणः ॥६-३८-१३॥",
        "index": 13,
        "shloka_num": 13
    },
    {
        "text": "अध्यारोहन्त शतशः सुवेलं यत्र राघवः ।\nते त्वदीर्घेण कालेन गिरिमारुह्य सर्वतः ॥६-३८-१४॥",
        "index": 14,
        "shloka_num": 14
    },
    {
        "text": "ददृशुः शिखरे तस्य विषक्तामिव खे पुरीम् ।\nतां शुभां प्रवरद्वारां प्राकारवरशोभिताम् ॥६-३८-१५॥",
        "index": 15,
        "shloka_num": 15
    },
    {
        "text": "लङ्कां राक्षससम्पूर्णां ददृशुर्हरियूथपाः ।\nप्राकारवरसंस्थैश्च तथा नीलैश्च राक्षसैः ॥६-३८-१६॥",
        "index": 16,
        "shloka_num": 16
    },
    {
        "text": "ददृशुस्ते हरिश्रेष्ठाः प्राकारमपरं कृतम् ॥६-३८-१७॥",
        "index": 17,
        "shloka_num": 17
    },
    {
        "text": "ते दृष्ट्वा वानराः सर्वे राक्षसान् युद्धकाङ्क्षिणः ।\nमुमुचुर्विविधान् नादांस्तस्य रामस्य पश्यतः ॥६-३८-१८॥",
        "index": 18,
        "shloka_num": 18
    },
    {
        "text": "ततोऽस्तमगमत् सूर्यः संध्यया प्रतिरञ्जितः ।\nपूर्णचन्द्रप्रदीप्ता च क्षपा समतिवर्तत ॥६-३८-१९॥",
        "index": 19,
        "shloka_num": 19
    },
    {
        "text": "ततः स रामो हरिवाहिनीपतिर्विभीषणेन प्रतिनन्द्य सत्कृतः ।\nसलक्ष्मणो यूथपयूथसंयुतः सुवेलपृष्ठे न्यवसद् यथासुखम् ॥६-३८-२०॥",
        "index": 20,
        "shloka_num": 20
    },
    {
        "text": "इत्यार्षे श्रीमद्रामायणे वाल्मीकीये आदिकाव्ये युद्धकाण्डे सुवेलारोहणम् नाम अष्टात्रिंशः सर्गः ॥६-३८॥",
        "index": 21,
        "shloka_num": null
    }
]