[
    {
        "text": "अथ श्रीमद्वाल्मीकीयरामायणे युद्धकाण्डे सुग्रीवाद्यनुशोकः नाम षड्चत्वारिंशः सर्गः ॥६-४६॥",
        "index": 0,
        "shloka_num": null
    },
    {
        "text": "ततो द्यां पृथिवीं चैव वीक्षमाणा वनौकसः ।\nददृशुः संततौ बाणैर्भ्रातरौ रामलक्ष्मणौ ॥६-४६-१॥",
        "index": 1,
        "shloka_num": 1
    },
    {
        "text": "वृष्ट्वेवोपरते देवे कृतकर्मणि राक्षसे ।\nआजगामाथ तं देशं ससुग्रीवो विभीषणः ॥६-४६-२॥",
        "index": 2,
        "shloka_num": 2
    },
    {
        "text": "नीलश्च द्विविदो मैन्दः सुषेणः कुमुदोऽङ्गदः ।\nतूर्णं हनुमता सार्धमन्वशोचन्त राघवौ ॥६-४६-३॥",
        "index": 3,
        "shloka_num": 3
    },
    {
        "text": "अचेष्टौ मन्दनिःश्वासौ शोणितेन परिप्लुतौ ।\nशरजालाचितौ स्तब्धौ शयानौ शरतल्पगौ ॥६-४६-४॥",
        "index": 4,
        "shloka_num": 4
    },
    {
        "text": "निःश्वसन्तौ यथा सर्पौ निश्चेष्टौ मन्दविक्रमौ ।\nरुधिरस्रावदिग्धाङ्गौ तपनीयाविव ध्वजौ ॥६-४६-५॥",
        "index": 5,
        "shloka_num": 5
    },
    {
        "text": "तौ वीरशयने वीरौ शयानौ मन्दचेष्टितौ ।\nयूथपैः स्वैः परिवृतौ बाष्पव्याकुललोचनैः ॥६-४६-६॥",
        "index": 6,
        "shloka_num": 6
    },
    {
        "text": "राघवौ पतितौ दृष्ट्वा शरजालसमन्वितौ ।\nबभूवुर्व्यथिताः सर्वे वानराः सविभीषणाः ॥६-४६-७॥",
        "index": 7,
        "shloka_num": 7
    },
    {
        "text": "अन्तरिक्षं निरीक्षन्तो दिशः सर्वाश्च वानराः ।\nन चैनं मायया छन्नं ददृशू रावणिं रणे ॥६-४६-८॥",
        "index": 8,
        "shloka_num": 8
    },
    {
        "text": "तं तु मायाप्रतिच्छन्नं माययैव विभीषणः ।\nवीक्षमाणो ददर्शाग्रे भ्रातुः पुत्रमवस्थितम् ।\nतमप्रतिमकर्माणमप्रतिद्वन्द्वमाहवे ॥६-४६-९॥",
        "index": 9,
        "shloka_num": 9
    },
    {
        "text": "ददर्शान्तर्हितं वीरं वरदानाद् विभीषणः ।\nतेजसा यशसा चैव विक्रमेण च संयुतः ॥६-४६-१०॥",
        "index": 10,
        "shloka_num": 10
    },
    {
        "text": "इन्द्रजित् त्वात्मनः कर्म तौ शयानौ समीक्ष्य च ।\nउवाच परमप्रीतो हर्षयन् सर्वराक्षसान् ॥६-४६-११॥",
        "index": 11,
        "shloka_num": 11
    },
    {
        "text": "दूषणस्य च हन्तारौ खरस्य च महाबलौ ।\nसादितौ मामकैर्बाणैर्भ्रातरौ रामलक्ष्मणौ ॥६-४६-१२॥",
        "index": 12,
        "shloka_num": 12
    },
    {
        "text": "नेमौ मोक्षयितुं शक्यावेतस्मादिषुबन्धनात् ।\nसर्वैरपि समागम्य सर्षिसङ्घैः सुरासुरैः ॥६-४६-१३॥",
        "index": 13,
        "shloka_num": 13
    },
    {
        "text": "यत्कृते चिन्तयानस्य शोकार्तस्य पितुर्मम ।\nअस्पृष्ट्वा शयनं गात्रैस्त्रियामा याति शर्वरी ॥६-४६-१४॥",
        "index": 14,
        "shloka_num": 14
    },
    {
        "text": "कृत्स्नेयं यत्कृते लङ्का नदी वर्षास्विवाकुला ।\nसोऽयं मूलहरोऽनर्थः सर्वेषां शमितो मया ॥६-४६-१५॥",
        "index": 15,
        "shloka_num": 15
    },
    {
        "text": "रामस्य लक्ष्मणस्यैव सर्वेषां च वनौकसाम् ।\nविक्रमा निष्फलाः सर्वे यथा शरदि तोयदाः ॥६-४६-१६॥",
        "index": 16,
        "shloka_num": 16
    },
    {
        "text": "एवमुक्त्वा तु तान् सर्वान् राक्षसान् परिपश्यतः ।\nयूथपानपि तान् सर्वांस्ताडयत् स च रावणिः ॥६-४६-१७॥",
        "index": 17,
        "shloka_num": 17
    },
    {
        "text": "नीलं नवभिराहत्य मैन्दं सद्विविदं तथा ।\nत्रिभिस्त्रिभिरमित्रघ्नस्तताप परमेषुभिः ॥६-४६-१८॥",
        "index": 18,
        "shloka_num": 18
    },
    {
        "text": "जाम्बवन्तं महेष्वासो विद्ध्वा बाणेन वक्षसि ।\nहनूमतो वेगवतो विससर्ज शरान् दश ॥६-४६-१९॥",
        "index": 19,
        "shloka_num": 19
    },
    {
        "text": "गवाक्षं शरभं चैव तावप्यमितविक्रमौ ।\nद्वाभ्यां द्वाभ्यां महावेगो विव्याध युधि रावणिः ॥६-४६-२०॥",
        "index": 20,
        "shloka_num": 20
    },
    {
        "text": "गोलाङ्गूलेश्वरं चैव वालिपुत्रमथाङ्गदम् ।\nविव्याध बहुभिर्बाणैस्त्वरमाणोऽथ रावणिः ॥६-४६-२१॥",
        "index": 21,
        "shloka_num": 21
    },
    {
        "text": "तान् वानरवरान् भित्त्वा शरैरग्निशिखोपमैः ।\nननाद बलवांस्तत्र महासत्त्वः स रावणिः ॥६-४६-२२॥",
        "index": 22,
        "shloka_num": 22
    },
    {
        "text": "तानर्दयित्वा बाणौघैस्त्रसयित्वा च वानरान् ।\nप्रजहास महाबाहुर्वचनं चेदमब्रवीत् ॥६-४६-२३॥",
        "index": 23,
        "shloka_num": 23
    },
    {
        "text": "शरबन्धेन घोरेण मया बद्धौ चमूमुखे ।\nसहितौ भ्रातरावेतौ निशामयत राक्षसाः ॥६-४६-२४॥",
        "index": 24,
        "shloka_num": 24
    },
    {
        "text": "एवमुक्तास्तु ते सर्वे राक्षसाः कूटयोधिनः ।\nपरं विस्मयमापन्नाः कर्मणा तेन हर्षिताः ॥६-४६-२५॥",
        "index": 25,
        "shloka_num": 25
    },
    {
        "text": "विनेदुश्च महानादान् सर्वे ते जलदोपमाः ।\nहतो राम इति ज्ञात्वा रावणिं समपूजयन् ॥६-४६-२६॥",
        "index": 26,
        "shloka_num": 26
    },
    {
        "text": "निष्पन्दौ तु तदा दृष्ट्वा भ्रातरौ रामलक्ष्मणौ ।\nवसुधायां निरुच्छ्वासौ हतावित्यन्वमन्यत ॥६-४६-२७॥",
        "index": 27,
        "shloka_num": 27
    },
    {
        "text": "हर्षेण तु समाविष्ट इन्द्रजित् समितिञ्जयः ।\nप्रविवेश पुरीं लङ्कां हर्षयन् सर्वनैर्ऋतान् ॥६-४६-२८॥",
        "index": 28,
        "shloka_num": 28
    },
    {
        "text": "रामलक्ष्मणयोर्दृष्ट्वा शरीरे सायकैश्चिते ।\nसर्वाणि चाङ्गोपाङ्गानि सुग्रीवं भयमाविशत् ॥६-४६-२९॥",
        "index": 29,
        "shloka_num": 29
    },
    {
        "text": "तमुवाच परित्रस्तं वानरेन्द्रं विभीषणः ।\nसबाष्पवदनं दीनं शोकव्याकुललोचनम् ॥६-४६-३०॥",
        "index": 30,
        "shloka_num": 30
    },
    {
        "text": "अलं त्रासेन सुग्रीव बाष्पवेगो निगृह्यताम् ।\nएवंप्रायाणि युद्धानि विजयो नास्ति नैष्ठिकः ॥६-४६-३१॥",
        "index": 31,
        "shloka_num": 31
    },
    {
        "text": "सभाग्यशेषतास्माकं यदि वीर भविष्यति ।\nमोहमेतौ प्रहास्येते महात्मानौ महाबलौ ॥६-४६-३२॥",
        "index": 32,
        "shloka_num": 32
    },
    {
        "text": "पर्यवस्थापयात्मानमनाथं मां च वानर ।\nसत्यधर्माभिरक्तानां नास्ति मृत्युकृतं भयम् ॥६-४६-३३॥",
        "index": 33,
        "shloka_num": 33
    },
    {
        "text": "एवमुक्त्वा ततस्तस्य जलक्लिन्नेन पाणिना ।\nसुग्रीवस्य शुभे नेत्रे प्रममार्ज विभीषणः ॥६-४६-३४॥",
        "index": 34,
        "shloka_num": 34
    },
    {
        "text": "ततः सलिलमादाय विद्यया परिजप्य च ।\nसुग्रीवनेत्रे धर्मात्मा प्रममार्ज विभीषणः ॥६-४६-३५॥",
        "index": 35,
        "shloka_num": 35
    },
    {
        "text": "विमृज्य वदनं तस्य कपिराजस्य धीमतः ।\nअब्रवीत् कालसम्प्राप्तमसम्भ्रान्तमिदं वचः ॥६-४६-३६॥",
        "index": 36,
        "shloka_num": 36
    },
    {
        "text": "न कालः कपिराजेन्द्र वैक्लव्यमवलम्बितुम् ।\nअतिस्नेहोऽपि कालेऽस्मिन् मरणायोपकल्पते ॥६-४६-३७॥",
        "index": 37,
        "shloka_num": 37
    },
    {
        "text": "तस्मादुत्सृज्य वैक्लव्यं सर्वकार्यविनाशनम् ।\nहितं रामपुरोगाणां सैन्यानामनुचिन्तय ॥६-४६-३८॥",
        "index": 38,
        "shloka_num": 38
    },
    {
        "text": "अथ वा रक्ष्यतां रामो यावत्संज्ञाविपर्ययः ।\nलब्धसंज्ञौ हि काकुत्स्थौ भयं नौ व्यपनेष्यतः ॥६-४६-३९॥",
        "index": 39,
        "shloka_num": 39
    },
    {
        "text": "नैतत् किंचन रामस्य न च रामो मुमूर्षति ।\nनह्येनं हास्यते लक्ष्मीर्दुर्लभा या गतायुषाम् ॥६-४६-४०॥",
        "index": 40,
        "shloka_num": 40
    },
    {
        "text": "तस्मादाश्वासयात्मानं बलं चाश्वासय स्वकम् ।\nयावत् सैन्यानि सर्वाणि पुनः संस्थापयाम्यहम् ॥६-४६-४१॥",
        "index": 41,
        "shloka_num": 41
    },
    {
        "text": "एते हि फुल्लनयनास्त्रासादागतसाध्वसाः ।\nकर्णे कर्णे प्रकथिता हरयो हरिसत्तम ॥६-४६-४२॥",
        "index": 42,
        "shloka_num": 42
    },
    {
        "text": "मां तु दृष्ट्वा प्रधावन्तमनीकं सम्प्रहर्षितम् ।\nत्यजन्तु हरयस्त्रासं भुक्तपूर्वामिव स्रजम् ॥६-४६-४३॥",
        "index": 43,
        "shloka_num": 43
    },
    {
        "text": "समाश्वास्य तु सुग्रीवं राक्षसेन्द्रो विभीषणः ।\nविद्रुतं वानरानीकं तत् समाश्वासयत् पुनः ॥६-४६-४४॥",
        "index": 44,
        "shloka_num": 44
    },
    {
        "text": "इन्द्रजित् तु महामायः सर्वसैन्यसमावृतः ।\nविवेश नगरीं लङ्कां पितरं चाभ्युपागमत् ॥६-४६-४५॥",
        "index": 45,
        "shloka_num": 45
    },
    {
        "text": "तत्र रावणमासाद्य अभिवाद्य कृताञ्जलिः ।\nआचचक्षे प्रियं पित्रे निहतौ रामलक्ष्मणौ ॥६-४६-४६॥",
        "index": 46,
        "shloka_num": 46
    },
    {
        "text": "उत्पपात ततो हृष्टः पुत्रं च परिषस्वजे ।\nरावणो रक्षसां मध्ये श्रुत्वा शत्रू निपातितौ ॥६-४६-४७॥",
        "index": 47,
        "shloka_num": 47
    },
    {
        "text": "उपाघ्राय च तं मूर्ध्नि पप्रच्छ प्रीतमानसः ।\nपृच्छते च यथावृत्तं पित्रे तस्मै न्यवेदयत् ॥६-४६-४८॥",
        "index": 48,
        "shloka_num": 48
    },
    {
        "text": "यथा तौ शरबन्धेन निश्चेष्टौ निष्प्रभौ कृतौ ॥६-४६-४९॥",
        "index": 49,
        "shloka_num": 49
    },
    {
        "text": "स हर्षवेगानुगतान्तरात्मा श्रुत्वा गिरं तस्य महारथस्य ।\nजहौ ज्वरं दाशरथेः समुत्थं प्रहृष्टवाचाभिननन्द पुत्रम् ॥६-४६-५०॥",
        "index": 50,
        "shloka_num": 50
    },
    {
        "text": "इत्यार्षे श्रीमद्रामायणे वाल्मीकीये आदिकाव्ये युद्धकाण्डे सुग्रीवाद्यनुशोकः नाम षड्चत्वारिंशः सर्गः ॥६-४६॥",
        "index": 51,
        "shloka_num": null
    }
]