[
    {
        "text": "अथ श्रीमद्वाल्मीकीयरामायणे युद्धकाण्डे नागपाशविमोक्षणम् नाम पञ्चाशः सर्गः ॥६-५०॥",
        "index": 0,
        "shloka_num": null
    },
    {
        "text": "अथोवाच महातेजा हरिराजो महाबलः ।\nकिमियं व्यथिता सेना मूढवातेव नौर्जले ॥६-५०-१॥",
        "index": 1,
        "shloka_num": 1
    },
    {
        "text": "सुग्रीवस्य वचः श्रुत्वा वालिपुत्रोऽङ्गदोऽब्रवीत् ।\nन त्वं पश्यसि रामं च लक्ष्मणं च महारथम् ॥६-५०-२॥",
        "index": 2,
        "shloka_num": 2
    },
    {
        "text": "शरजालाचितौ वीरावुभौ दशरथात्मजौ ।\nशरतल्पे महात्मानौ शयानौ रुधिरोक्षितौ ॥६-५०-३॥",
        "index": 3,
        "shloka_num": 3
    },
    {
        "text": "अथाब्रवीद् वानरेन्द्रः सुग्रीवः पुत्रमङ्गदम् ।\nनानिमित्तमिदं मन्ये भवितव्यं भयेन तु ॥६-५०-४॥",
        "index": 4,
        "shloka_num": 4
    },
    {
        "text": "विषण्णवदना ह्येते त्यक्तप्रहरणा दिशः ।\nपलायन्तेऽत्र हरयस्त्रासादुत्फुल्ललोचनाः ॥६-५०-५॥",
        "index": 5,
        "shloka_num": 5
    },
    {
        "text": "अन्योन्यस्य न लज्जन्ते न निरीक्षन्ति पृष्ठतः ।\nविप्रकर्षन्ति चान्योन्यं पतितं लङ्घयन्ति च ॥६-५०-६॥",
        "index": 6,
        "shloka_num": 6
    },
    {
        "text": "एतस्मिन्नन्तरे वीरो गदापाणिर्विभीषणः ।\nसुग्रीवं वर्धयामास राघवं च जयाशिषा ॥६-५०-७॥",
        "index": 7,
        "shloka_num": 7
    },
    {
        "text": "विभीषणं च सुग्रीवो दृष्ट्वा वानरभीषणम् ।\nऋक्षराजं महात्मानं समीपस्थमुवाच ह ॥६-५०-८॥",
        "index": 8,
        "shloka_num": 8
    },
    {
        "text": "विभीषणोऽयं सम्प्राप्तो यं दृष्ट्वा वानरर्षभाः ।\nद्रवन्त्यायतसंत्रासा रावणात्मजशङ्कया ॥६-५०-९॥",
        "index": 9,
        "shloka_num": 9
    },
    {
        "text": "शीघ्रमेतान् सुसंत्रस्तान् बहुधा विप्रधावितान् ।\nपर्यवस्थापयाख्याहि विभीषणमुपस्थितम् ॥६-५०-१०॥",
        "index": 10,
        "shloka_num": 10
    },
    {
        "text": "सुग्रीवेणैवमुक्तस्तु जाम्बवानृक्षपार्थिवः ।\nवानरान् सान्त्वयामास संनिवर्त्य प्रधावतः ॥६-५०-११॥",
        "index": 11,
        "shloka_num": 11
    },
    {
        "text": "ते निवृत्ताः पुनः सर्वे वानरास्त्यक्तसाध्वसाः ।\nऋक्षराजवचः श्रुत्वा तं च दृष्ट्वा विभीषणम् ॥६-५०-१२॥",
        "index": 12,
        "shloka_num": 12
    },
    {
        "text": "विभीषणस्तु रामस्य दृष्ट्वा गात्रं शरैश्चितम् ।\nलक्ष्मणस्य तु धर्मात्मा बभूव व्यथितस्तदा ॥६-५०-१३॥",
        "index": 13,
        "shloka_num": 13
    },
    {
        "text": "जलक्लिन्नेन हस्तेन तयोर्नेत्रे विमृज्य च ।\nशोकसम्पीडितमना रुरोद विललाप च ॥६-५०-१४॥",
        "index": 14,
        "shloka_num": 14
    },
    {
        "text": "इमौ तौ सत्त्वसम्पन्नौ विक्रान्तौ प्रियसंयुगौ ।\nइमामवस्थां गमितौ राक्षसैः कूटयोधिभिः ॥६-५०-१५॥",
        "index": 15,
        "shloka_num": 15
    },
    {
        "text": "भ्रातृपुत्रेण चैतेन दुष्पुत्रेण दुरात्मना ।\nराक्षस्या जिह्मया बुद्ध्या वञ्चितावृजुविक्रमौ ॥६-५०-१६॥",
        "index": 16,
        "shloka_num": 16
    },
    {
        "text": "शरैरिमावलं विद्धौ रुधिरेण समुक्षितौ ।\nवसुधायामिमौ सुप्तौ दृश्येते शल्यकाविव ॥६-५०-१७॥",
        "index": 17,
        "shloka_num": 17
    },
    {
        "text": "ययोर्वीर्यमुपाश्रित्य प्रतिष्ठा काङ्क्षिता मया ।\nताविमौ देहनाशाय प्रसुप्तौ पुरुषर्षभौ ॥६-५०-१८॥",
        "index": 18,
        "shloka_num": 18
    },
    {
        "text": "जीवन्नद्य विपन्नोऽस्मि नष्टराज्यमनोरथः ।\nप्राप्तप्रतिज्ञश्च रिपुः सकामो रावणः कृतः ॥६-५०-१९॥",
        "index": 19,
        "shloka_num": 19
    },
    {
        "text": "एवं विलपमानं तं परिष्वज्य विभीषणम् ।\nसुग्रीवः सत्त्वसम्पन्नो हरिराजोऽब्रवीदिदम् ॥६-५०-२०॥",
        "index": 20,
        "shloka_num": 20
    },
    {
        "text": "राज्यं प्राप्स्यसि धर्मज्ञ लङ्कायां नेह संशयः ।\nरावणः सह पुत्रेण स्वकामं नेह लप्स्यते ॥६-५०-२१॥",
        "index": 21,
        "shloka_num": 21
    },
    {
        "text": "गरुडाधिष्ठितावेतावुभौ राघवलक्ष्मणौ ।\nत्यक्त्वा मोहं वधिष्येते सगणं रावणं रणे ॥६-५०-२२॥",
        "index": 22,
        "shloka_num": 22
    },
    {
        "text": "तमेवं सान्त्वयित्वा तु समाश्वास्य तु राक्षसम् ।\nसुषेणं श्वशुरं पार्श्वे सुग्रीवस्तमुवाच ह ॥६-५०-२३॥",
        "index": 23,
        "shloka_num": 23
    },
    {
        "text": "सह शूरैर्हरिगणैर्लब्धसंज्ञावरिंदमौ ।\nगच्छ त्वं भ्रातरौ गृह्य किष्किन्धां रामलक्ष्मणौ ॥६-५०-२४॥",
        "index": 24,
        "shloka_num": 24
    },
    {
        "text": "अहं तु रावणं हत्वा सपुत्रं सहबान्धवम् ।\nमैथिलीमानयिष्यामि शक्रो नष्टामिव श्रियम् ॥६-५०-२५॥",
        "index": 25,
        "shloka_num": 25
    },
    {
        "text": "श्रुत्वैतद् वानरेन्द्रस्य सुषेणो वाक्यमब्रवीत् ।\nदेवासुरं महायुद्धमनुभूतं पुरातनम् ॥६-५०-२६॥",
        "index": 26,
        "shloka_num": 26
    },
    {
        "text": "तदा स्म दानवा देवान् शरसंस्पर्शकोविदान् ।\nनिजघ्नुः शस्त्रविदुषश्छादयन्तो मुहुर्मुहुः ॥६-५०-२७॥",
        "index": 27,
        "shloka_num": 27
    },
    {
        "text": "तानार्तान् नष्टसंज्ञांश्च गतासूंश्च बृहस्पतिः ।\nविद्याभिर्मन्त्रयुक्ताभिरोषधीभिश्चिकित्सति ॥६-५०-२८॥",
        "index": 28,
        "shloka_num": 28
    },
    {
        "text": "तान्यौषधान्यानयितुं क्षीरोदं यान्तु सागरम् ।\nजवेन वानराः शीघ्रं सम्पातिपनसादयः ॥६-५०-२९॥",
        "index": 29,
        "shloka_num": 29
    },
    {
        "text": "हरयस्तु विजानन्ति पार्वती ते महौषधी ।\nसंजीवकरणीं दिव्यां विशल्यां देवनिर्मिताम् ॥६-५०-३०॥",
        "index": 30,
        "shloka_num": 30
    },
    {
        "text": "चन्द्रश्च नाम द्रोणश्च क्षीरोदे सागरोत्तमे ।\nअमृतं यत्र मथितं तत्र ते परमौषधी ॥६-५०-३१॥",
        "index": 31,
        "shloka_num": 31
    },
    {
        "text": "तौ तत्र विहितौ देवैः पर्वतौ तौ महोदधौ ।\nअयं वायुसुतो राजन् हनूमांस्तत्र गच्छतु ॥६-५०-३२॥",
        "index": 32,
        "shloka_num": 32
    },
    {
        "text": "एतस्मिन्नन्तरे वायुर्मेघाश्चापि सविद्युतः ।\nपर्यस्य सागरे तोयं कम्पयन्निव पर्वतान् ॥६-५०-३३॥",
        "index": 33,
        "shloka_num": 33
    },
    {
        "text": "महता पक्षवातेन सर्वद्वीपमहाद्रुमाः ।\nनिपेतुर्भग्नविटपाः सलिले लवणाम्भसि ॥६-५०-३४॥",
        "index": 34,
        "shloka_num": 34
    },
    {
        "text": "अभवन् पन्नगास्त्रस्ता भोगिनस्तत्रवासिनः ।\nशीघ्रं सर्वाणि यादांसि जग्मुश्च लवणार्णवम् ॥६-५०-३५॥",
        "index": 35,
        "shloka_num": 35
    },
    {
        "text": "ततो मुहूर्ताद् गरुडं वैनतेयं महाबलम् ।\nवानरा ददृशुः सर्वे ज्वलन्तमिव पावकम् ॥६-५०-३६॥",
        "index": 36,
        "shloka_num": 36
    },
    {
        "text": "तमागतमभिप्रेक्ष्य नागास्ते विप्रदुद्रुवुः ।\nयैस्तु तौ पुरुषौ बद्धौ शरभूतैर्महाबलैः ॥६-५०-३७॥",
        "index": 37,
        "shloka_num": 37
    },
    {
        "text": "ततः सुपर्णः काकुत्स्थौ स्पृष्ट्वा प्रत्यभिनन्द्य च ।\nविममर्श च पाणिभ्यां मुखे चन्द्रसमप्रभे ॥६-५०-३८॥",
        "index": 38,
        "shloka_num": 38
    },
    {
        "text": "वैनतेयेन संस्पृष्टास्तयोः संरुरुहुर्व्रणाः ।\nसुवर्णे च तनू स्निग्धे तयोराशु बभूवतुः ॥६-५०-३९॥",
        "index": 39,
        "shloka_num": 39
    },
    {
        "text": "तेजो वीर्यं बलं चौज उत्साहश्च महागुणाः ।\nप्रदर्शनं च बुद्धिश्च स्मृतिश्च द्विगुणा तयोः ॥६-५०-४०॥",
        "index": 40,
        "shloka_num": 40
    },
    {
        "text": "तावुत्थाप्य महातेजा गरुडो वासवोपमौ ।\nउभौ च सस्वजे हृष्टो रामश्चैनमुवाच ह ॥६-५०-४१॥",
        "index": 41,
        "shloka_num": 41
    },
    {
        "text": "भवत्प्रसादाद् व्यसनं रावणिप्रभवं महत् ।\nउपायेन व्यतिक्रान्तौ शीघ्रं च बलिनौ कृतौ ॥६-५०-४२॥",
        "index": 42,
        "shloka_num": 42
    },
    {
        "text": "यथा तातं दशरथं यथाजं च पितामहम् ।\nतथा भवन्तमासाद्य हृदयं मे प्रसीदति ॥६-५०-४३॥",
        "index": 43,
        "shloka_num": 43
    },
    {
        "text": "को भवान् रूपसम्पन्नो दिव्यस्रगनुलेपनः ।\nवसानो विरजे वस्त्रे दिव्याभरणभूषितः ॥६-५०-४४॥",
        "index": 44,
        "shloka_num": 44
    },
    {
        "text": "तमुवाच महातेजा वैनतेयो महाबलः ।\nपतत्त्रिराजः प्रीतात्मा हर्षपर्याकुलेक्षणम् ॥६-५०-४५॥",
        "index": 45,
        "shloka_num": 45
    },
    {
        "text": "अहं सखा ते काकुत्स्थ प्रियः प्राणो बहिश्चरः ।\nगरुत्मानिह सम्प्राप्तो युवयोः साह्यकारणात् ॥६-५०-४६॥",
        "index": 46,
        "shloka_num": 46
    },
    {
        "text": "असुरा वा महावीर्या दानवा वा महाबलाः ।\nसुराश्चापि सगन्धर्वाः पुरस्कृत्य शतक्रतुम् ॥६-५०-४७॥",
        "index": 47,
        "shloka_num": 47
    },
    {
        "text": "नेमं मोक्षयितुं शक्ताः शरबन्धं सुदारुणम् ।\nमायाबलादिन्द्रजिता निर्मितं क्रूरकर्मणा ॥६-५०-४८॥",
        "index": 48,
        "shloka_num": 48
    },
    {
        "text": "एते नागाः काद्रवेयास्तीक्ष्णदंष्ट्रा विषोल्बणाः ।\nरक्षोमायाप्रभावेण शरभूतास्त्वदाश्रयाः ॥६-५०-४९॥",
        "index": 49,
        "shloka_num": 49
    },
    {
        "text": "सभाग्यश्चासि धर्मज्ञ राम सत्यपराक्रम ।\nलक्ष्मणेन सह भ्रात्रा समरे रिपुघातिना ॥६-५०-५०॥",
        "index": 50,
        "shloka_num": 50
    },
    {
        "text": "इमं श्रुत्वा तु वृत्तान्तं त्वरमाणोऽहमागतः ।\nसहसैवावयोः स्नेहात् सखित्वमनुपालयन् ॥६-५०-५१॥",
        "index": 51,
        "shloka_num": 51
    },
    {
        "text": "मोक्षितौ च महाघोरादस्मात् सायकबन्धनात् ।\nअप्रमादश्च कर्तव्यो युवाभ्यां नित्यमेव हि ॥६-५०-५२॥",
        "index": 52,
        "shloka_num": 52
    },
    {
        "text": "प्रकृत्या राक्षसाः सर्वे संग्रामे कूटयोधिनः ।\nशूराणां शुद्धभावानां भवतामार्जवं बलम् ॥६-५०-५३॥",
        "index": 53,
        "shloka_num": 53
    },
    {
        "text": "तन्न विश्वसनीयं वो राक्षसानां रणाजिरे ।\nएतेनैवोपमानेन नित्यं जिह्मा हि राक्षसाः ॥६-५०-५४॥",
        "index": 54,
        "shloka_num": 54
    },
    {
        "text": "एवमुक्त्वा तदा रामं सुपर्णः स महाबलः ।\nपरिष्वज्य च सुस्निग्धमाप्रष्टुमुपचक्रमे ॥६-५०-५५॥",
        "index": 55,
        "shloka_num": 55
    },
    {
        "text": "सखे राघव धर्मज्ञ रिपूणामपि वत्सल ।\nअभ्यनुज्ञातुमिच्छामि गमिष्यामि यथासुखम् ॥६-५०-५६॥",
        "index": 56,
        "shloka_num": 56
    },
    {
        "text": "न च कौतूहलं कार्यं सखित्वं प्रति राघव ।\nकृतकर्मा रणे वीर सखित्वं प्रतिवेत्स्यसि ॥६-५०-५७॥",
        "index": 57,
        "shloka_num": 57
    },
    {
        "text": "बालवृद्धावशेषां तु लङ्कां कृत्वा शरोर्मिभिः ।\nरावणं तु रिपुं हत्वा सीतां त्वमुपलप्स्यसे ॥६-५०-५८॥",
        "index": 58,
        "shloka_num": 58
    },
    {
        "text": "इत्येवमुक्त्वा वचनं सुपर्णः शीघ्रविक्रमः ।\nरामं च नीरुजं कृत्वा मध्ये तेषां वनौकसाम् ॥६-५०-५९॥",
        "index": 59,
        "shloka_num": 59
    },
    {
        "text": "प्रदक्षिणं ततः कृत्वा परिष्वज्य च वीर्यवान् ।\nजगामाकाशमाविश्य सुपर्णः पवनो यथा ॥६-५०-६०॥",
        "index": 60,
        "shloka_num": 60
    },
    {
        "text": "नीरुजौ राघवौ दृष्ट्वा ततो वानरयूथपाः ।\nसिंहनादं तदा नेदुर्लाङ्गूलं दुधुवुश्च ते ॥६-५०-६१॥",
        "index": 61,
        "shloka_num": 61
    },
    {
        "text": "ततो भेरीः समाजघ्नुर्मृदङ्गांश्चाप्यवादयन् ।\nदध्मुः शङ्खान् सम्प्रहृष्टाः क्ष्वेलन्त्यपि यथापुरम् ॥६-५०-६२॥",
        "index": 62,
        "shloka_num": 62
    },
    {
        "text": "अपरे स्फोट्य विक्रान्ता वानरा नगयोधिनः ।\nद्रुमानुत्पाट्य विविधांस्तस्थुः शतसहस्रशः ॥६-५०-६३॥",
        "index": 63,
        "shloka_num": 63
    },
    {
        "text": "विसृजन्तो महानादांस्त्रासयन्तो निशाचरान् ।\nलङ्काद्वाराण्युपाजग्मुर्योद्धुकामाः प्लवंगमाः ॥६-५०-६४॥",
        "index": 64,
        "shloka_num": 64
    },
    {
        "text": "तेषां सुभीमस्तुमुलो निनादो बभूव शाखामृगयूथपानाम् ।\nक्षये निदाघस्य यथा घनानां नादः सुभीमो नदतां निशीथे ॥६-५०-६५॥",
        "index": 65,
        "shloka_num": 65
    },
    {
        "text": "इत्यार्षे श्रीमद्रामायणे वाल्मीकीये आदिकाव्ये युद्धकाण्डे नागपाशविमोक्षणम् नाम पञ्चाशः सर्गः ॥६-५०॥",
        "index": 66,
        "shloka_num": null
    }
]