[
    {
        "text": "अथ श्रीमद्वाल्मीकीयरामायणे युद्धकाण्डे वज्रदंष्ट्रयुद्धम् नाम त्रिपञ्चाशः सर्गः ॥६-५३॥",
        "index": 0,
        "shloka_num": null
    },
    {
        "text": "धूम्राक्षं निहतं श्रुत्वा रावणो राक्षसेश्वरः ।\nक्रोधेन महताऽऽविष्टो निःश्वसन्नुरगो यथा ॥६-५३-१॥",
        "index": 1,
        "shloka_num": 1
    },
    {
        "text": "दीर्घमुष्णं विनिःश्वस्य क्रोधेन कलुषीकृतः ।\nअब्रवीद् राक्षसं क्रूरं वज्रदंष्ट्रं महाबलम् ॥६-५३-२॥",
        "index": 2,
        "shloka_num": 2
    },
    {
        "text": "गच्छ त्वं वीर निर्याहि राक्षसैः परिवारितः ।\nजहि दाशरथिं रामं सुग्रीवं वानरैः सह ॥६-५३-३॥",
        "index": 3,
        "shloka_num": 3
    },
    {
        "text": "तथेत्युक्त्वा द्रुततरं मायावी राक्षसेश्वरः ।\nनिर्जगाम बलैः सार्धं बहुभिः परिवारितः ॥६-५३-४॥",
        "index": 4,
        "shloka_num": 4
    },
    {
        "text": "नागैरश्वैः खरैरुष्ट्रैः संयुक्तः सुसमाहितः ।\nपताकाध्वजचित्रैश्च बहुभिः समलंकृतः ॥६-५३-५॥",
        "index": 5,
        "shloka_num": 5
    },
    {
        "text": "ततो विचित्रकेयूरमुकुटेन विभूषितः ।\nतनुत्रं स समावृत्य सधनुर्निर्ययौ द्रुतम् ॥६-५३-६॥",
        "index": 6,
        "shloka_num": 6
    },
    {
        "text": "पताकालंकृतं दीप्तं तप्तकाञ्चनभूषितम् ।\nरथं प्रदक्षिणं कृत्वा समारोहच्चमूपतिः ॥६-५३-७॥",
        "index": 7,
        "shloka_num": 7
    },
    {
        "text": "ऋष्टिभिस्तोमरैश्चित्रैः श्लक्ष्णैश्च मुसलैरपि ।\nभिन्दिपालैश्च चापैश्च शक्तिभिः पट्टिशैरपि ॥६-५३-८॥",
        "index": 8,
        "shloka_num": 8
    },
    {
        "text": "खड्गैश्चक्रैर्गदाभिश्च निशितैश्च परश्वधैः ।\nपदातयश्च निर्यान्ति विविधाः शस्त्रपाणयः ॥६-५३-९॥",
        "index": 9,
        "shloka_num": 9
    },
    {
        "text": "विचित्रवाससः सर्वे दीप्ता राक्षसपुङ्गवाः ।\nगजा महोत्कटाः शूराश्चलन्त इव पर्वताः ॥६-५३-१०॥",
        "index": 10,
        "shloka_num": 10
    },
    {
        "text": "ते युद्धकुशला रूढास्तोमराङ्कुशपाणिभिः ।\nअन्ये लक्षणसंयुक्ताः शूरारूढा महाबलाः ॥६-५३-११॥",
        "index": 11,
        "shloka_num": 11
    },
    {
        "text": "तद् राक्षसबलं सर्वं विप्रस्थितमशोभत ।\nप्रावृट्काले यथा मेघा नर्दमानाः सविद्युतः ॥६-५३-१२॥",
        "index": 12,
        "shloka_num": 12
    },
    {
        "text": "निःसृता दक्षिणद्वारादङ्गदो यत्र यूथपः ।\nतेषां निष्क्रममाणानामशुभं समजायत ॥६-५३-१३॥",
        "index": 13,
        "shloka_num": 13
    },
    {
        "text": "आकाशाद् विघनात् तीव्रा उल्काश्चाभ्यपतंस्तदा ।\nवमन्तः पावकज्वालाः शिवा घोरा ववाशिरे ॥६-५३-१४॥",
        "index": 14,
        "shloka_num": 14
    },
    {
        "text": "व्याहरन्त मृगा घोरा रक्षसां निधनं तदा ।\nसमापतन्तो योधास्तु प्रास्खलंस्तत्र दारुणम् ॥६-५३-१५॥",
        "index": 15,
        "shloka_num": 15
    },
    {
        "text": "एतानौत्पातिकान् दृष्ट्वा वज्रदंष्ट्रो महाबलः ।\nधैर्यमालम्ब्य तेजस्वी निर्जगाम रणोत्सुकः ॥६-५३-१६॥",
        "index": 16,
        "shloka_num": 16
    },
    {
        "text": "तांस्तु विद्रवतो दृष्ट्वा वानरा जितकाशिनः ।\nप्रणेदुः सुमहानादान् दिशः शब्देन पूरयन् ॥६-५३-१७॥",
        "index": 17,
        "shloka_num": 17
    },
    {
        "text": "ततः प्रवृत्तं तुमुलं हरीणां राक्षसैः सह ।\nघोराणां भीमरूपाणामन्योन्यवधकाङ्क्षिणाम् ॥६-५३-१८॥",
        "index": 18,
        "shloka_num": 18
    },
    {
        "text": "निष्पतन्तो महोत्साहा भिन्नदेहशिरोधराः ।\nरुधिरोक्षितसर्वाङ्गा न्यपतन् धरणीतले ॥६-५३-१९॥",
        "index": 19,
        "shloka_num": 19
    },
    {
        "text": "केचिदन्योन्यमासाद्य शूराः परिघबाहवः ।\nचिक्षिपुर्विविधान् शस्त्रान् समरेष्वनिवर्तिनः ॥६-५३-२०॥",
        "index": 20,
        "shloka_num": 20
    },
    {
        "text": "द्रुमाणां च शिलानां च शस्त्राणां चापि निःस्वनः ।\nश्रूयते सुमहांस्तत्र घोरो हृदयभेदनः ॥६-५३-२१॥",
        "index": 21,
        "shloka_num": 21
    },
    {
        "text": "रथनेमिस्वनस्तत्र धनुषश्चापि घोरवत् ।\nशङ्खभेरीमृदङ्गानां बभूव तुमुलः स्वनः ॥६-५३-२२॥",
        "index": 22,
        "shloka_num": 22
    },
    {
        "text": "केचिदस्त्राणि संत्यज्य बाहुयुद्धमकुर्वत ॥६-५३-२३॥",
        "index": 23,
        "shloka_num": 23
    },
    {
        "text": "तलैश्च चरणैश्चापि मुष्टिभिश्च द्रुमैरपि ।\nजानुभिश्च हताः केचिद् भग्नदेहाश्च राक्षसाः ।\nशिलाभिश्चूर्णिताः केचिद् वानरैर्युद्धदुर्मदैः ॥६-५३-२४॥",
        "index": 24,
        "shloka_num": 24
    },
    {
        "text": "वज्रदंष्ट्रो भृशं बाणै रणे वित्रासयन् हरीन् ।\nचचार लोकसंहारे पाशहस्त इवान्तकः ॥६-५३-२५॥",
        "index": 25,
        "shloka_num": 25
    },
    {
        "text": "बलवन्तोऽस्त्रविदुषो नानाप्रहरणा रणे ।\nजघ्नुर्वानरसैन्यानि राक्षसाः क्रोधर्मूच्छिताः ॥६-५३-२६॥",
        "index": 26,
        "shloka_num": 26
    },
    {
        "text": "जघ्ने तान् राक्षसान् सर्वान् धृष्टो वालिसुतो रणे ।\nक्रोधेन द्विगुणाविष्टः संवर्तक इवानलः ॥६-५३-२७॥",
        "index": 27,
        "shloka_num": 27
    },
    {
        "text": "तान् राक्षसगणान् सर्वान् वृक्षमुद्यम्य वीर्यवान् ।\nअङ्गदः क्रोधताम्राक्षः सिंहः क्षुद्रमृगानिव ॥६-५३-२८॥",
        "index": 28,
        "shloka_num": 28
    },
    {
        "text": "चकार कदनं घोरं शक्रतुल्यपराक्रमः ।\nअङ्गदाभिहतास्तत्र राक्षसा भीमविक्रमाः ॥६-५३-२९॥",
        "index": 29,
        "shloka_num": 29
    },
    {
        "text": "विभिन्नशिरसः पेतुर्निकृत्ता इव पादपाः ।\nरथैश्चित्रैर्ध्वजैरश्वैः शरीरैर्हरिरक्षसाम् ॥६-५३-३०॥",
        "index": 30,
        "shloka_num": 30
    },
    {
        "text": "रुधिरौघेण संछन्ना भूमिर्भयकरी तदा ।\nहारकेयूरवस्त्रैश्च शस्त्रैश्च समलंकृता ॥६-५३-३१॥",
        "index": 31,
        "shloka_num": 31
    },
    {
        "text": "भूमिर्भाति रणे तत्र शारदीव यथा निशा ।\nअङ्गदस्य च वेगेन तद् राक्षसबलं महत् ।\nप्राकम्पत तदा तत्र पवनेनाम्बुदो यथा ॥६-५३-३२॥",
        "index": 32,
        "shloka_num": 32
    },
    {
        "text": "इत्यार्षे श्रीमद्रामायणे वाल्मीकीये आदिकाव्ये युद्धकाण्डे वज्रदंष्ट्रयुद्धम् नाम त्रिपञ्चाशः सर्गः ॥६-५३॥",
        "index": 33,
        "shloka_num": null
    }
]