[
    {
        "text": "अथ श्रीमद्वाल्मीकीयरामायणे युद्धकाण्डे कुम्भकर्णाभिषेणनम् नाम पञ्चषष्ठितमः सर्गः ॥६-६५॥",
        "index": 0,
        "shloka_num": null
    },
    {
        "text": "स तथोक्तस्तु निर्भर्त्स्य कुम्भकर्णो महोदरम् ।\nअब्रवीद् राक्षसश्रेष्ठं भ्रातरं रावणं ततः ॥६-६५-१॥",
        "index": 1,
        "shloka_num": 1
    },
    {
        "text": "सोऽहं तव भयं घोरं वधात् तस्य दुरात्मनः ।\nरामस्याद्य प्रमार्जामि निर्वैरो हि सुखी भव ॥६-६५-२॥",
        "index": 2,
        "shloka_num": 2
    },
    {
        "text": "गर्जन्ति न वृथा शूरा निर्जला इव तोयदाः ।\nपश्य सम्पद्यमानं तु गर्जितं युधि कर्मणा ॥६-६५-३॥",
        "index": 3,
        "shloka_num": 3
    },
    {
        "text": "न मर्षयन्ति चात्मानं सम्भावयितुमात्मना ।\nअदर्शयित्वा शूरास्तु कर्म कुर्वन्ति दुष्करम् ॥६-६५-४॥",
        "index": 4,
        "shloka_num": 4
    },
    {
        "text": "विक्लवानां ह्यबुद्धीनां राज्ञां पण्डितमानिनाम् ।\nरोचते त्वद्वचो नित्यं कथ्यमानं महोदर ॥६-६५-५॥",
        "index": 5,
        "shloka_num": 5
    },
    {
        "text": "युद्धे कापुरुषैर्नित्यं भवद्भिः प्रियवादिभिः ।\nराजानमनुगच्छद्भिः सर्वं कृत्यं विनाशितम् ॥६-६५-६॥",
        "index": 6,
        "shloka_num": 6
    },
    {
        "text": "राजशेषा कृता लङ्का क्षीणः कोशो बलं हतम् ।\nराजानमिममासाद्य सुहृच्चिह्नममित्रकम् ॥६-६५-७॥",
        "index": 7,
        "shloka_num": 7
    },
    {
        "text": "एष निर्याम्यहं युद्धमुद्यतः शत्रुनिर्जये ।\nदुर्नयं भवतामद्य समीकर्तुं महाहवे ॥६-६५-८॥",
        "index": 8,
        "shloka_num": 8
    },
    {
        "text": "एवमुक्तवतो वाक्यं कुम्भकर्णस्य धीमतः ।\nप्रत्युवाच ततो वाक्यं प्रहसन् राक्षसाधिपः ॥६-६५-९॥",
        "index": 9,
        "shloka_num": 9
    },
    {
        "text": "महोदरोऽयं रामात् तु परित्रस्तो न संशयः ।\nन हि रोचयते तात युद्धं युद्धविशारद ॥६-६५-१०॥",
        "index": 10,
        "shloka_num": 10
    },
    {
        "text": "कश्चिन्मे त्वत्समो नास्ति सौहृदेन बलेन च ।\nगच्छ शत्रुवधाय त्वं कुम्भकर्ण जयाय च ॥६-६५-११॥",
        "index": 11,
        "shloka_num": 11
    },
    {
        "text": "शयानः शत्रुनाशार्थं भवान् सम्बोधितो मया ।\nअयं हि कालः सुमहान् राक्षसानामरिंदम ॥६-६५-१२॥",
        "index": 12,
        "shloka_num": 12
    },
    {
        "text": "संगच्छ शूलमादाय पाशहस्त इवान्तकः ।\nवानरान् राजपुत्रौ च भक्षयादित्यतेजसौ ॥६-६५-१३॥",
        "index": 13,
        "shloka_num": 13
    },
    {
        "text": "समालोक्य तु ते रूपं विद्रविष्यन्ति वानराः ।\nरामलक्ष्मणयोश्चापि हृदये प्रस्फुटिष्यतः ॥६-६५-१४॥",
        "index": 14,
        "shloka_num": 14
    },
    {
        "text": "एवमुक्त्वा महातेजाः कुम्भकर्णं महाबलम् ।\nपुनर्जातमिवात्मानं मेने राक्षसपुङ्गवः ॥६-६५-१५॥",
        "index": 15,
        "shloka_num": 15
    },
    {
        "text": "कुम्भकर्णबलाभिज्ञो जानंस्तस्य पराक्रमम् ।\nबभूव मुदितो राजा शशाङ्क इव निर्मलः ॥६-६५-१६॥",
        "index": 16,
        "shloka_num": 16
    },
    {
        "text": "इत्येवमुक्तः संहृष्टो निर्जगाम महाबलः ।\nराज्ञस्तु वचनं श्रुत्वा योद्धुमुद्युक्तवांस्तदा ॥६-६५-१७॥",
        "index": 17,
        "shloka_num": 17
    },
    {
        "text": "आददे निशितं शूलं वेगाच्छत्रुनिबर्हणः ।\nसर्वं कालायसं दीप्तं तप्तकाञ्चनभूषणम् ॥६-६५-१८॥",
        "index": 18,
        "shloka_num": 18
    },
    {
        "text": "इन्द्राशनिसमप्रख्यं वज्रप्रतिमगौरवम् ।\nदेवदानवगन्धर्वयक्षपन्नगसूदनम् ॥६-६५-१९॥",
        "index": 19,
        "shloka_num": 19
    },
    {
        "text": "रक्तमाल्यमहादामं स्वतश्चोद्गतपावकम् ।\nआदाय विपुलं शूलं शत्रुशोणितरञ्जितम् ॥६-६५-२०॥",
        "index": 20,
        "shloka_num": 20
    },
    {
        "text": "कुम्भकर्णो महातेजा रावणं वाक्यमब्रवीत् ।\nगमिष्याम्यहमेकाकी तिष्ठत्विह बलं मम ॥६-६५-२१॥",
        "index": 21,
        "shloka_num": 21
    },
    {
        "text": "अद्य तान् क्षुधितः क्रुद्धो भक्षयिष्यामि वानरान् ।\nकुम्भकर्णवचः श्रुत्वा रावणो वाक्यमब्रवीत् ॥६-६५-२२॥",
        "index": 22,
        "shloka_num": 22
    },
    {
        "text": "सैन्यैः परिवृतो गच्छ शूलमुद्गरपाणिभिः ।\nवानरा हि महात्मानः शूराः सुव्यवसायिनः ॥६-६५-२३॥",
        "index": 23,
        "shloka_num": 23
    },
    {
        "text": "एकाकिनं प्रमत्तं वा नयेयुर्दशनैः क्षयम् ।\nतस्मात् परमदुर्धर्षः सैन्यैः परिवृतो व्रज ।\nरक्षसामहितं सर्वं शत्रुपक्षं निषूदय ॥६-६५-२४॥",
        "index": 24,
        "shloka_num": 24
    },
    {
        "text": "अथासनात् समुत्पत्य स्रजं मणिकृतान्तराम् ।\nआबबन्ध महातेजाः कुम्भकर्णस्य रावणः ॥६-६५-२५॥",
        "index": 25,
        "shloka_num": 25
    },
    {
        "text": "अङ्गदान्यङ्गुलीवेष्टान् वराण्याभरणानि च ।\nहारं च शशिसंकाशमाबबन्ध महात्मनः ॥६-६५-२६॥",
        "index": 26,
        "shloka_num": 26
    },
    {
        "text": "दिव्यानि च सुगन्धीनि माल्यदामानि रावणः ।\nगात्रेषु सज्जयामास श्रोत्रयोश्चास्य कुण्डले ॥६-६५-२७॥",
        "index": 27,
        "shloka_num": 27
    },
    {
        "text": "काञ्चनाङ्गदकेयूरनिष्काभरणभूषितः ।\nकुम्भकर्णो बृहत्कर्णः सुहुतोऽग्निरिवाबभौ ॥६-६५-२८॥",
        "index": 28,
        "shloka_num": 28
    },
    {
        "text": "श्रोणीसूत्रेण महता मेचकेन व्यराजत ।\nअमृतोत्पादने नद्धो भुजङ्गेनेव मन्दरः ॥६-६५-२९॥",
        "index": 29,
        "shloka_num": 29
    },
    {
        "text": "स काञ्चनं भारसहं निवातं विद्युत्प्रभं दीप्तमिवात्मभासा ।\nआबध्यमानः कवचं रराज संध्याभ्रसंवीत इवाद्रिराजः ॥६-६५-३०॥",
        "index": 30,
        "shloka_num": 30
    },
    {
        "text": "सर्वाभरणसर्वाङ्गः शूलपाणिः स राक्षसः ।\nत्रिविक्रमकृतोत्साहो नारायण इवाबभौ ॥६-६५-३१॥",
        "index": 31,
        "shloka_num": 31
    },
    {
        "text": "भ्रातरं सम्परिष्वज्य कृत्वा चापि प्रदक्षिणम् ।\nप्रणम्य शिरसा तस्मै प्रतस्थे स महाबलः ॥६-६५-३२॥",
        "index": 32,
        "shloka_num": 32
    },
    {
        "text": "तमाशीर्भिः प्रशस्ताभिः प्रेषयामास रावणः ।\nशङ्खदुन्दुभिनिर्घोषैः सैन्यैश्चापि वरायुधैः ॥६-६५-३३॥",
        "index": 33,
        "shloka_num": 33
    },
    {
        "text": "तं गजैश्च तुरंगैश्च स्यन्दनैश्चाम्बुदस्वनैः ।\nअनुजग्मुर्महात्मानो रथिनो रथिनां वरम् ॥६-६५-३४॥",
        "index": 34,
        "shloka_num": 34
    },
    {
        "text": "सर्पैरुष्ट्रैः खरैश्चैव सिंहद्विपमृगद्विजैः ।\nअनुजग्मुश्च तं घोरं कुम्भकर्णं महाबलम् ॥६-६५-३५॥",
        "index": 35,
        "shloka_num": 35
    },
    {
        "text": "स पुष्पवर्षैरवकीर्यमाणो धृतातपत्रः शितशूलपाणिः ।\nमदोत्कटः शोणितगन्धमत्तो विनिर्ययौ दानवदेवशत्रुः ॥६-६५-३६॥",
        "index": 36,
        "shloka_num": 36
    },
    {
        "text": "पदातयश्च बहवो महानादा महाबलाः ।\nअन्वयू राक्षसा भीमा भीमाक्षाः शस्त्रपाणयः ॥६-६५-३७॥",
        "index": 37,
        "shloka_num": 37
    },
    {
        "text": "रक्ताक्षाः सुबहुव्यामा नीलाञ्जनचयोपमाः ।\nशूलानुद्यम्य खड्गांश्च निशितांश्च परश्वधान् ॥६-६५-३८॥",
        "index": 38,
        "shloka_num": 38
    },
    {
        "text": "भिन्दिपालांश्च परिघान् गदाश्च मुसलानि च ।\nतालस्कन्धांश्च विपुलान् क्षेपणीयान् दुरासदान् ॥६-६५-३९॥",
        "index": 39,
        "shloka_num": 39
    },
    {
        "text": "अथान्यद्वपुरादाय दारुणं घोरदर्शनम् ।\nनिष्पपात महातेजाः कुम्भकर्णो महाबलः ॥६-६५-४०॥",
        "index": 40,
        "shloka_num": 40
    },
    {
        "text": "धनुःशतपरीणाहः स षट्शतसमुच्छ्रितः ।\nरौद्रः शकटचक्राक्षो महापर्वतसंनिभः ॥६-६५-४१॥",
        "index": 41,
        "shloka_num": 41
    },
    {
        "text": "संनिपत्य च रक्षांसि दग्धशैलोपमो महान् ।\nकुम्भकर्णो महावक्त्रः प्रहसन्निदमब्रवीत् ॥६-६५-४२॥",
        "index": 42,
        "shloka_num": 42
    },
    {
        "text": "अद्य वानरमुख्यानां तानि यूथानि भागशः ।\nनिर्दहिष्यामि संक्रुद्धः पतङ्गानिव पावकः ॥६-६५-४३॥",
        "index": 43,
        "shloka_num": 43
    },
    {
        "text": "नापराध्यन्ति मे कामं वानरा वनचारिणः ।\nजातिरस्मद्विधानां सा पुरोद्यानविभूषणम् ॥६-६५-४४॥",
        "index": 44,
        "shloka_num": 44
    },
    {
        "text": "पुररोधस्य मूलं तु राघवः सहलक्ष्मणः ।\nहते तस्मिन् हतं सर्वं तं वधिष्यामि संयुगे ॥६-६५-४५॥",
        "index": 45,
        "shloka_num": 45
    },
    {
        "text": "एवं तस्य ब्रुवाणस्य कुम्भकर्णस्य राक्षसाः ।\nनादं चक्रुर्महाघोरं कम्पयन्त इवार्णवम् ॥६-६५-४६॥",
        "index": 46,
        "shloka_num": 46
    },
    {
        "text": "तस्य निष्पततस्तूर्णं कुम्भकर्णस्य धीमतः ।\nबभूवुर्घोररूपाणि निमित्तानि समन्ततः ॥६-६५-४७॥",
        "index": 47,
        "shloka_num": 47
    },
    {
        "text": "उल्काशनियुता मेघा बभूवुर्गर्दभारुणाः ।\nससागरवना चैव वसुधा समकम्पत ॥६-६५-४८॥",
        "index": 48,
        "shloka_num": 48
    },
    {
        "text": "घोररूपाः शिवा नेदुः सज्वालकवलैर्मुखैः ।\nमण्डलान्यपसव्यानि बबन्धुश्च विहंगमाः ॥६-६५-४९॥",
        "index": 49,
        "shloka_num": 49
    },
    {
        "text": "निष्पपात च गृध्रोऽस्य शूले वै पथि गच्छतः ।\nप्रास्फुरन्नयनं चास्य सव्यो बाहुरकम्पत ॥६-६५-५०॥",
        "index": 50,
        "shloka_num": 50
    },
    {
        "text": "निष्पपात तदा चोल्का ज्वलन्ती भीमनिःस्वना ।\nआदित्यो निष्प्रभश्चासीन्न वाति च सुखोऽनिलः ॥६-६५-५१॥",
        "index": 51,
        "shloka_num": 51
    },
    {
        "text": "अचिन्तयन् महोत्पातानुदितान् रोमहर्षणान् ।\nनिर्ययौ कुम्भकर्णस्तु कृतान्तबलचोदितः ॥६-६५-५२॥",
        "index": 52,
        "shloka_num": 52
    },
    {
        "text": "स लङ्घयित्वा प्राकारं पद्भ्यां पर्वतसंनिभः ।\nददर्शाभ्रघनप्रख्यं वानरानीकमद्भुतम् ॥६-६५-५३॥",
        "index": 53,
        "shloka_num": 53
    },
    {
        "text": "ते दृष्ट्वा राक्षसश्रेष्ठं वानराः पर्वतोपमम् ।\nवायुनुन्ना इव घना ययुः सर्वा दिशस्तदा ॥६-६५-५४॥",
        "index": 54,
        "shloka_num": 54
    },
    {
        "text": "तद् वानरानीकमतिप्रचण्डं दिशो द्रवद्भिन्नमिवाभ्रजालम् ।\nस कुम्भकर्णः समवेक्ष्य हर्षान्ननाद भूयो घनवद्घनाभः ॥६-६५-५५॥",
        "index": 55,
        "shloka_num": 55
    },
    {
        "text": "ते तस्य घोरं निनदं निशम्य यथा निनादं दिवि वारिदस्य ।\nपेतुर्धरण्यां बहवः प्लवङ्गा निकृत्तमूला इव शालवृक्षाः ॥६-६५-५६॥",
        "index": 56,
        "shloka_num": 56
    },
    {
        "text": "विपुलपरिघवान् स कुम्भकर्णो रिपुनिधनाय विनिःसृतो महात्मा ।\nकपिगणभयमाददत् सुभीमं प्रभुरिव किंकरदण्डवान् युगान्ते ॥६-६५-५७॥",
        "index": 57,
        "shloka_num": 57
    },
    {
        "text": "इत्यार्षे श्रीमद्रामायणे वाल्मीकीये आदिकाव्ये युद्धकाण्डे कुम्भकर्णाभिषेणनम् नाम पञ्चषष्ठितमः सर्गः ॥६-६५॥",
        "index": 58,
        "shloka_num": null
    }
]