[
    {
        "text": "अथ श्रीमद्वाल्मीकीयरामायणे अयोध्याकाण्डे रामाभिषेकव्यवसायः नाम प्रथमः सर्गः ॥२-१॥",
        "index": 0,
        "shloka_num": null
    },
    {
        "text": "गच्छता मातुलकुलं भरतेन तदानघः ।\nशत्रुघ्नो नित्यशत्रुघ्नो नीतः प्रीतिपुरस्कृतः ॥२-१-१॥",
        "index": 1,
        "shloka_num": 1
    },
    {
        "text": "स तत्र न्यवसद् भ्रात्रा सह सत्कारसत्कृतः ।\nमातुलेनाश्वपतिना पुत्रस्नेहेन लालितः ॥२-१-२॥",
        "index": 2,
        "shloka_num": 2
    },
    {
        "text": "तत्रापि निवसन्तौ तौ तर्प्यमाणौ च कामतः ।\nभ्रातरौ स्मरतां वीरौ वृद्धं दशरथं नृपम् ॥२-१-३॥",
        "index": 3,
        "shloka_num": 3
    },
    {
        "text": "राजापि तौ महातेजाः सस्मार प्रोषितौ सुतौ ।\nउभौ भरतशत्रुघ्नौ महेन्द्रवरुणोपमौ ॥२-१-४॥",
        "index": 4,
        "shloka_num": 4
    },
    {
        "text": "सर्व एव तु तस्येष्टाश्चत्वारः पुरुषर्षभाः ।\nस्वशरीराद् विनिर्वृत्ताश्चत्वार इव बाहवः ॥२-१-५॥",
        "index": 5,
        "shloka_num": 5
    },
    {
        "text": "तेषामपि महातेजा रामो रतिकरः पितुः ।\nस्वयम्भूरिव भूतानां बभूव गुणवत्तरः ॥२-१-६॥",
        "index": 6,
        "shloka_num": 6
    },
    {
        "text": "स हि देवैरुदीर्णस्य रावणस्य वधार्थिभिः ।\nअर्थितो मानुषे लोके जज्ञे विष्णुः सनातनः ॥२-१-७॥",
        "index": 7,
        "shloka_num": 7
    },
    {
        "text": "कौसल्या शुशुभे तेन पुत्रेणामिततेजसा ।\nयथा वरेण देवानामदितिर्वज्रपाणिना ॥२-१-८॥",
        "index": 8,
        "shloka_num": 8
    },
    {
        "text": "स हि रूपोपपन्नश्च वीर्यवाननसूयकः ।\nभूमावनुपमः सूनुर्गुणैर्दशरथोपमः ॥२-१-९॥",
        "index": 9,
        "shloka_num": 9
    },
    {
        "text": "स च नित्यं प्रशान्तात्मा मृदुपूर्वं च भाषते ।\nउच्यमानोऽपि परुषं नोत्तरं प्रतिपद्यते ॥२-१-१०॥",
        "index": 10,
        "shloka_num": 10
    },
    {
        "text": "कदाचिदुपकारेण कृतेनैकेन तुष्यति ।\nन स्मरत्यपकाराणां शतमप्यात्मवत्तया ॥२-१-११॥",
        "index": 11,
        "shloka_num": 11
    },
    {
        "text": "शीलवृद्धैर्ज्ञानवृद्धैर्वयोवृद्धैश्च सज्जनैः ।\nकथयन्नास्त वै नित्यमस्त्रयोग्यान्तरेष्वपि ॥२-१-१२॥",
        "index": 12,
        "shloka_num": 12
    },
    {
        "text": "बुद्धिमान् मधुराभाषी पूर्वभाषी प्रियंवदः ।\nवीर्यवान्न च वीर्येण महता स्वेन विस्मितः ॥२-१-१३॥",
        "index": 13,
        "shloka_num": 13
    },
    {
        "text": "न चानृतकथो विद्वान् वृद्धानां प्रतिपूजकः ।\nअनुरक्तः प्रजाभिश्च प्रजाश्चाप्यनुरज्यते ॥२-१-१४॥",
        "index": 14,
        "shloka_num": 14
    },
    {
        "text": "सानुक्रोशो जितक्रोधो ब्राह्मणप्रतिपूजकः ।\nदीनानुकम्पी धर्मज्ञो नित्यं प्रग्रहवान् शुचिः ॥२-१-१५॥",
        "index": 15,
        "shloka_num": 15
    },
    {
        "text": "कुलोचितमतिः क्षात्रं स्वधर्मं बहु मन्यते ।\nमन्यते परया प्रीत्या महत् स्वर्गफलं ततः ॥२-१-१६॥",
        "index": 16,
        "shloka_num": 16
    },
    {
        "text": "नाश्रेयसि रतो यश्च न विरुद्धकथारुचिः ।\nउत्तरोत्तरयुक्तीनां वक्ता वाचस्पतिर्यथा ॥२-१-१७॥",
        "index": 17,
        "shloka_num": 17
    },
    {
        "text": "अरोगस्तरुणो वाग्मी वपुष्मान् देशकालवित् ।\nलोके पुरुषसारज्ञः साधुरेको विनिर्मितः ॥२-१-१८॥",
        "index": 18,
        "shloka_num": 18
    },
    {
        "text": "स तु श्रेष्ठैर्गुणैर्युक्तः प्रजानां पार्थिवात्मजः ।\nबहिश्चर इव प्राणो बभूव गुणतः प्रियः ॥२-१-१९॥",
        "index": 19,
        "shloka_num": 19
    },
    {
        "text": "सर्वविद्याव्रतस्नातो यथावत् साङ्गवेदवित् ।\nइष्वस्त्रे च पितुः श्रेष्ठो बभूव भरताग्रजः ॥२-१-२०॥",
        "index": 20,
        "shloka_num": 20
    },
    {
        "text": "कल्याणाभिजनः साधुरदीनः सत्यवागृजुः ।\nवृद्धैरभिविनीतश्च द्विजैर्धर्मार्थदर्शिभिः ॥२-१-२१॥",
        "index": 21,
        "shloka_num": 21
    },
    {
        "text": "धर्मकामार्थतत्त्वज्ञः स्मृतिमान् प्रतिभानवान् ।\nलौकिके समयाचारे कृतकल्पो विशारदः ॥२-१-२२॥",
        "index": 22,
        "shloka_num": 22
    },
    {
        "text": "निभृतः संवृताकारो गुप्तमन्त्रः सहायवान् ।\nअमोघक्रोधहर्षश्च त्यागसंयमकालवित् ॥२-१-२३॥",
        "index": 23,
        "shloka_num": 23
    },
    {
        "text": "दृढभक्तिः स्थिरप्रज्ञो नासद्ग्राही न दुर्वचः ।\nनिस्तन्द्रीरप्रमत्तश्च स्वदोषपरदोषवित् ॥२-१-२४॥",
        "index": 24,
        "shloka_num": 24
    },
    {
        "text": "शास्त्रज्ञश्च कृतज्ञश्च पुरुषान्तरकोविदः ।\nयः प्रग्रहानुग्रहयोर्यथान्यायं विचक्षणः ॥२-१-२५॥",
        "index": 25,
        "shloka_num": 25
    },
    {
        "text": "सत्संग्रहानुग्रहणे स्थानविन्निग्रहस्य च ।\nआयकर्मण्युपायज्ञः संदृष्टव्ययकर्मवित् ॥२-१-२६॥",
        "index": 26,
        "shloka_num": 26
    },
    {
        "text": "श्रैष्ठ्यं चास्त्रसमूहेषु प्राप्तो व्यामिश्रकेषु च ।\nअर्थधर्मौ च संगृह्य सुखतन्त्रो न चालसः ॥२-१-२७॥",
        "index": 27,
        "shloka_num": 27
    },
    {
        "text": "वैहारिकाणां शिल्पानां विज्ञातार्थविभागवित् ।\nआरोहे विनये चैव युक्तो वारणवाजिनाम् ॥२-१-२८॥",
        "index": 28,
        "shloka_num": 28
    },
    {
        "text": "धनुर्वेदविदां श्रेष्ठो लोकेऽतिरथसम्मतः ।\nअभियाता प्रहर्ता च सेनानयविशारदः ॥२-१-२९॥",
        "index": 29,
        "shloka_num": 29
    },
    {
        "text": "अप्रधृष्यश्च संग्रामे क्रुद्धैरपि सुरासुरैः ।\nअनसूयो जितक्रोधो न दृप्तो न च मत्सरी ॥२-१-३०॥",
        "index": 30,
        "shloka_num": 30
    },
    {
        "text": "नावज्ञेयश्च भूतानां न च कालवशानुगः ।\nएवं श्रेष्ठैर्गुणैर्युक्तः प्रजानां पार्थिवात्मजः ॥२-१-३१॥",
        "index": 31,
        "shloka_num": 31
    },
    {
        "text": "सम्मतस्त्रिषु लोकेषु वसुधायाः क्षमागुणैः ।\nबुद्ध्या बृहस्पतेस्तुल्यो वीर्ये चापि शचीपतेः ॥२-१-३२॥",
        "index": 32,
        "shloka_num": 32
    },
    {
        "text": "तथा सर्वप्रजाकान्तैः प्रीतिसंजननैः पितुः ।\nगुणैर्विरुरुचे रामो दीप्तः सूर्य इवांशुभिः ॥२-१-३३॥",
        "index": 33,
        "shloka_num": 33
    },
    {
        "text": "तमेवंवृत्तसम्पन्नमप्रधृष्यपराक्रमम् ।\nलोकनाथोपमं नाथमकामयत मेदिनी ॥२-१-३४॥",
        "index": 34,
        "shloka_num": 34
    },
    {
        "text": "एतैस्तु बहुभिर्युक्तं गुणैरनुपमैः सुतम् ।\nदृष्ट्वा दशरथो राजा चक्रे चिन्तां परंतपः ॥२-१-३५॥",
        "index": 35,
        "shloka_num": 35
    },
    {
        "text": "अथ राज्ञो बभूवैव वृद्धस्य चिरजीविनः ।\nप्रीतिरेषा कथं रामो राजा स्यान्मयि जीवति ॥२-१-३६॥",
        "index": 36,
        "shloka_num": 36
    },
    {
        "text": "एषा ह्यस्य परा प्रीतिर्हृदि सम्परिवर्तते ।\nकदा नाम सुतं द्रक्ष्याम्यभिषिक्तमहं प्रियम् ॥२-१-३७॥",
        "index": 37,
        "shloka_num": 37
    },
    {
        "text": "वृद्धिकामो हि लोकस्य सर्वभूतानुकम्पकः ।\nमत्तः प्रियतरो लोके पर्जन्य इव वृष्टिमान् ॥२-१-३८॥",
        "index": 38,
        "shloka_num": 38
    },
    {
        "text": "यमशक्रसमो वीर्ये बृहस्पतिसमो मतौ ।\nमहीधरसमो धृत्यां मत्तश्च गुणवत्तरः ॥२-१-३९॥",
        "index": 39,
        "shloka_num": 39
    },
    {
        "text": "महीमहमिमां कृत्स्नामधितिष्ठन्तमात्मजम् ।\nअनेन वयसा दृष्ट्वा यथा स्वर्गमवाप्नुयाम् ॥२-१-४०॥",
        "index": 40,
        "shloka_num": 40
    },
    {
        "text": "इत्येवं विविधैस्तैस्तैरन्यपार्थिवदुर्लभैः ।\nशिष्टैरपरिमेयैश्च लोके लोकोत्तरैर्गुणैः ॥२-१-४१॥",
        "index": 41,
        "shloka_num": 41
    },
    {
        "text": "तं समीक्ष्य तदा राजा युक्तं समुदितैर्गुणैः ।\nनिश्चित्य सचिवैः सार्धं यौवराज्यममन्यत ॥२-१-४२॥",
        "index": 42,
        "shloka_num": 42
    },
    {
        "text": "दिव्यन्तरिक्षे भूमौ च घोरमुत्पातजं भयम् ।\nसंचचक्षेऽथ मेधावी शरीरे चात्मनो जराम् ॥२-१-४३॥",
        "index": 43,
        "shloka_num": 43
    },
    {
        "text": "पूर्णचन्द्राननस्याथ शोकापनुदमात्मनः ।\nलोके रामस्य बुबुधे सम्प्रियत्वं महात्मनः ॥२-१-४४॥",
        "index": 44,
        "shloka_num": 44
    },
    {
        "text": "आत्मनश्च प्रजानां च श्रेयसे च प्रियेण च ।\nप्राप्ते काले स धर्मात्मा भक्त्या त्वरितवान् नृपः ॥२-१-४५॥",
        "index": 45,
        "shloka_num": 45
    },
    {
        "text": "नानानगरवास्तव्यान् पृथग्जानपदानपि ।\nसमानिनाय मेदिन्यां प्रधानान् पृथिवीपतिः ॥२-१-४६॥",
        "index": 46,
        "shloka_num": 46
    },
    {
        "text": "तान् वेश्मनानाभरणैर्यथार्हं प्रतिपूजितान् ।\nददर्शालंकृतो राजा प्रजापतिरिव प्रजाः ॥२-१-४७॥",
        "index": 47,
        "shloka_num": 47
    },
    {
        "text": "न तु केकयराजानं जनकं वा नराधिपः ।\nत्वरया चानयामास पश्चात्तौ श्रोष्यतः प्रियम् ॥२-१-४८॥",
        "index": 48,
        "shloka_num": 48
    },
    {
        "text": "अथोपविष्टे नृपतौ तस्मिन् परपुरार्दने ।\nततः प्रविविशुः शेषा राजानो लोकसम्मताः ॥२-१-४९॥",
        "index": 49,
        "shloka_num": 49
    },
    {
        "text": "अथ राजवितीर्णेषु विविधेष्वासनेषु च ।\nराजानमेवाभिमुखा निषेदुर्नियता नृपाः ॥२-१-५०॥",
        "index": 50,
        "shloka_num": 50
    },
    {
        "text": "स लब्धमानैर्विनयान्वितैर्नृपैः पुरालयैर्जानपदैश्च मानवैः ।\nउपोपविष्टैर्नृपतिर्वृतो बभौ सहस्रचक्षुर्भगवानिवामरैः ॥२-१-५१॥",
        "index": 51,
        "shloka_num": 51
    },
    {
        "text": "इत्यार्षे श्रीमद्रामायणे वाल्मीकीये आदिकाव्ये अयोध्याकाण्डे रामाभिषेकव्यवसायः नाम प्रथमः सर्गः ॥२-१॥",
        "index": 52,
        "shloka_num": null
    }
]