[
    {
        "text": "अथ श्रीमद्वाल्मीकीयरामायणे अयोध्याकाण्डे रामवाक्यम् नाम पञ्चाधिकशततमः सर्गः ॥२-१०५॥",
        "index": 0,
        "shloka_num": null
    },
    {
        "text": "ततः पुरुषसिंहानां वृतानां तैः सुहृद्गणैः ।\nशोचतामेव रजनी दुःखेन व्यत्यवर्त्तत ॥२-१०५-१॥",
        "index": 1,
        "shloka_num": 1
    },
    {
        "text": "रजन्यां सुप्रभातायां भ्रातरस्ते सुहृद्वृताः ।\nमन्दाकिन्यां हुतं जप्यं कृत्वा राममुपागमन् ॥२-१०५-२॥",
        "index": 2,
        "shloka_num": 2
    },
    {
        "text": "तूष्णीं ते समुपासीना न कश्चित्किञ्चिदब्रवीत् ।\nभरतस्तु सुहृन्मध्ये रामं वचनमब्रवीत् ॥२-१०५-३॥",
        "index": 3,
        "shloka_num": 3
    },
    {
        "text": "सान्त्विता मामिका माता दत्तं राज्यमिदं मम ।\nतद्ददामि तवैवाहं भुङ्क्ष्व राज्यमकण्टकम् ॥२-१०५-४॥",
        "index": 4,
        "shloka_num": 4
    },
    {
        "text": "महतेवाम्बुवेगेन भिन्नः सेतुर्जलागमे ।\nदुरावारं त्वदन्येन राज्यखण्डमिदं महत् ॥२-१०५-५॥",
        "index": 5,
        "shloka_num": 5
    },
    {
        "text": "गतिं खर इवाश्वस्य तार्क्ष्यस्येव पतत्ऺित्रणः ।\nअनुगन्तुं न शक्तिर्मे गतिं तव महीपते ॥२-१०५-६॥",
        "index": 6,
        "shloka_num": 6
    },
    {
        "text": "सुजीवं नित्यशस्तस्य यः परैरुपजीव्यते ।\nराम तेन तु दुर्जीवं यः परानुपजीवति ॥२-१०५-७॥",
        "index": 7,
        "shloka_num": 7
    },
    {
        "text": "यथा तु रोपितो वृक्षः पुरुषेण विवर्द्धितः ।\nह्रस्वकेन दुरारोहो रूढस्कन्धो महाद्रुमः ॥२-१०५-८॥",
        "index": 8,
        "shloka_num": 8
    },
    {
        "text": "स यथा पुष्पितो भूत्वा फलानि न विदर्शयेत् ।\nस तां नानुभवेत्प्रीतिं यस्य हेतोः प्ररोपितः ॥२-१०५-९॥",
        "index": 9,
        "shloka_num": 9
    },
    {
        "text": "एषोपमा महाबाहो तमर्थं वेत्तुमर्हसि ।\nयदि त्वमस्मान् वृषभो भर्त्ता भृत्यान्न शाधि हि ॥२-१०५-१०॥",
        "index": 10,
        "shloka_num": 10
    },
    {
        "text": "श्रेणयस्त्वां महाराज पश्यन्त्वग्र्याश्च सर्वशः ।\nप्रतपन्तमिवादित्यं राज्ये स्थितमरिन्दमम् ॥२-१०५-११॥",
        "index": 11,
        "shloka_num": 11
    },
    {
        "text": "तवाऽनुयाने काकुत्स्थ मत्ता नर्दन्तु कुञ्जराः ।\nअन्तःपुरगता नार्यो नन्दन्तु सुसमाहिताः ॥२-१०५-१२॥",
        "index": 12,
        "shloka_num": 12
    },
    {
        "text": "तस्य साध्वित्यमन्यन्त नागरा विविधा जनाः ।\nभरतस्य वचः श्रुत्वा रामं प्रत्यनुयाचतः ॥२-१०५-१३॥",
        "index": 13,
        "shloka_num": 13
    },
    {
        "text": "तमेवं दुःखितं प्रेक्ष्य विलपन्तं यशस्विनम् ।\nरामः कृतात्मा भरतं समाश्वासय दात्मवान् ॥२-१०५-१४॥",
        "index": 14,
        "shloka_num": 14
    },
    {
        "text": "नात्मनः कामकारोऽस्ति पुरुषोऽयमनीश्वरः ।\nइतश्चेतरतश्चैनं कृतान्तः परिकर्षति ॥२-१०५-१५॥",
        "index": 15,
        "shloka_num": 15
    },
    {
        "text": "सर्वे क्षयान्ता निचयाः पतनान्ताः समुच्छ्रयाः ।\nसंयोगा विप्रयोगान्ता मरणान्तं च जीवितम् ॥२-१०५-१६॥",
        "index": 16,
        "shloka_num": 16
    },
    {
        "text": "यथा फलानां पक्वानां नान्यत्र पतनाद्भयम् ।\nएवं नरस्य जातस्य नान्यत्र मरणाद्भयम् ॥२-१०५-१७॥",
        "index": 17,
        "shloka_num": 17
    },
    {
        "text": "यथागारं दृढस्थूणं जीर्णं भूत्वाऽवसीदति ।\nतथैव सीदन्ति नरा जरामृत्युवशङ्गताः ॥२-१०५-१८॥",
        "index": 18,
        "shloka_num": 18
    },
    {
        "text": "अत्येति रजनी या तु सा न प्रतिनिवर्त्तते ।\nयात्येव यमुना पूर्णा समुद्रमुदकाकुलम् ॥२-१०५-१९॥",
        "index": 19,
        "shloka_num": 19
    },
    {
        "text": "अहोरात्राणि गच्छन्ति सर्वेषां प्राणिनामिह ।\nआयूंषि क्षपयन्त्याशु ग्रीष्मे जलमिवांशवः ॥२-१०५-२०॥",
        "index": 20,
        "shloka_num": 20
    },
    {
        "text": "आत्मानमनुशोच त्वं किमन्यमनुशोचसि ।\nआयुस्ते हीयते यस्य स्थितस्य च गतस्य च ॥२-१०५-२१॥",
        "index": 21,
        "shloka_num": 21
    },
    {
        "text": "सहैव मृत्युर्व्रजति सह मृत्युर्निषीदति ।\nगत्वा सुदीर्घमध्वानं सहमृत्युर्निवर्तते ॥२-१०५-२२॥",
        "index": 22,
        "shloka_num": 22
    },
    {
        "text": "गात्रेषु वलयः प्राप्ताः श्वेताश्चैव शिरोरुहाः ।\nजरया पुरुषो जीर्णः किं हि कृत्वा प्रभावयेत् ॥२-१०५-२३॥",
        "index": 23,
        "shloka_num": 23
    },
    {
        "text": "नन्दन्त्युदित आदित्ये नन्दन्त्यस्तमिते रवौ ।\nआत्मनो नावबुध्यन्ते मनुष्या जीवितक्षयम् ॥२-१०५-२४॥",
        "index": 24,
        "shloka_num": 24
    },
    {
        "text": "हृष्यन्त्यृतुमखं दृष्ट्वा नवं नवमिहागतम् ।\nऋतूनां परिवर्त्तेन प्राणिनां प्राणसंक्षयः ॥२-१०५-२५॥",
        "index": 25,
        "shloka_num": 25
    },
    {
        "text": "यथा काष्ठं च काष्ठं च समेयातां महार्णवे ।\nसमेत्य च व्यपेयातां कालमासाद्य कञ्चन ॥२-१०५-२६॥",
        "index": 26,
        "shloka_num": 26
    },
    {
        "text": "एवं भार्याश्च पुत्राश्च ज्ञातयश्च घनानि च ।\nसमेत्य व्यवधावन्ति ध्रुवो ह्येषां विनाभवः ॥२-१०५-२७॥",
        "index": 27,
        "shloka_num": 27
    },
    {
        "text": "नात्र कश्चिद्यथाभावं प्राणी समभिवर्त्तते ।\nतेन तस्मिन्न सामर्थ्यं प्रेतस्यास्त्यनुशोचतः ॥२-१०५-२८॥",
        "index": 28,
        "shloka_num": 28
    },
    {
        "text": "यथा हि सार्थं गच्छन्तं ब्रूयात् कश्चित् पथि स्थितः ।\nअहमप्यागमिष्यामि पृष्ठतो भवतामिति ॥२-१०५-२९॥",
        "index": 29,
        "shloka_num": 29
    },
    {
        "text": "एवं पूर्वैर्गतो मार्गः पितृपैतामहो ध्रुवः ।\nतमापन्नः कथं शोचेद्यस्ऺय नास्ति व्यतिक्रमः ॥२-१०५-३०॥",
        "index": 30,
        "shloka_num": 30
    },
    {
        "text": "वयसः पतमानस्य स्रोतसो वाऽनिवर्तिनः ।\nआत्मा सुखे नियोक्तव्यः सुखभाजः प्रजाः स्मृताः ॥२-१०५-३१॥",
        "index": 31,
        "shloka_num": 31
    },
    {
        "text": "धर्मात्मा स शुभैः कृत्स्नैः क्रतुभिश्चाप्तदक्षिणैः ।\nधूतपापो गतः स्वर्गं पिता नः पृथिवीपतिः ॥२-१०५-३२॥",
        "index": 32,
        "shloka_num": 32
    },
    {
        "text": "भृत्यानां भरणात् सम्यक् प्रजानां परिपालनात् ।\nअर्थादानाच्च धर्मेण पिता नस्त्रिदिवं गतः ॥२-१०५-३३॥",
        "index": 33,
        "shloka_num": 33
    },
    {
        "text": "कर्मभिस्तु शुभैरिष्टैः क्रतुभिश्चाप्तदक्षिणैः ।\nस्वर्गं दशरथः प्राप्तः पिता नः पृथिवीपतिः ॥२-१०५-३४॥",
        "index": 34,
        "shloka_num": 34
    },
    {
        "text": "इष्ट्वा बहुविधैर्यज्ञैर्भोगांश्चावाप्य पुष्कलान् ।\nउत्तमं चायुरासाद्य स्वर्गतः पृथिवीपतिः ॥२-१०५-३५॥",
        "index": 35,
        "shloka_num": 35
    },
    {
        "text": "आयुरुत्तममासाद्य भोगानपि च राघवः ।\nस न शोच्यः पिता तातः स्वर्गतः सत्कृतः सताम् ॥२-१०५-३६॥",
        "index": 36,
        "shloka_num": 36
    },
    {
        "text": "स जीर्णं मानुषं देहं परित्यज्य पिता हि नः ।\nदैवीमृद्धिमनुप्राप्तो ब्रह्मलोकविहारिणीम् ॥२-१०५-३७॥",
        "index": 37,
        "shloka_num": 37
    },
    {
        "text": "तं तु नैवंविधः कश्चित् प्राज्ञः शोचितुमर्हति ।\nतद्विधो यद्विधश्चापि श्रुतवान् बुद्धिमत्तरः ॥२-१०५-३८॥",
        "index": 38,
        "shloka_num": 38
    },
    {
        "text": "एते बहुविधाः शोका विलापरुदिते तथा ।\nवर्जनीया हि धीरेण सर्वावस्थासु धीमता ॥२-१०५-३९॥",
        "index": 39,
        "shloka_num": 39
    },
    {
        "text": "स स्वस्थो भव माशोचीर्यात्वा चावस तां पुरीम् ।\nतथा पित्रा नियुक्तोऽसि वशिना वदतां वर ॥२-१०५-४०॥",
        "index": 40,
        "shloka_num": 40
    },
    {
        "text": "यत्राहमपि तेनैव नियुक्तः पुण्यकर्मणा ।\nतत्रैवाहं करिष्यामि पितुरार्य्यस्य शासनम् ॥२-१०५-४१॥",
        "index": 41,
        "shloka_num": 41
    },
    {
        "text": "न मया शासनं तस्य त्यक्तुं न्याय्यमरिन्दम ।\nतत् त्वयापि सदा मान्यं स वै बन्धुः स नः पिता ॥२-१०५-४२॥",
        "index": 42,
        "shloka_num": 42
    },
    {
        "text": "तद्वचः पितुरेवाहं सम्मतं धर्मचारिणः ।\nकर्मणा पालयिष्यामि वनवासेन राघव ॥२-१०५-४३॥",
        "index": 43,
        "shloka_num": 43
    },
    {
        "text": "धीर्मिकेणानृशंसेन नरेण गुरुवर्त्तिना ।\nभवितव्यं नरव्याघ्र परलोकं जिगीषता ॥२-१०५-४४॥",
        "index": 44,
        "shloka_num": 44
    },
    {
        "text": "आत्मानमनुतिष्ठ त्वं स्वभावेन नरर्षभ ।\nनिशाम्य तु शुभं वृत्तं पितुर्दशरथस्य नः ॥२-१०५-४५॥",
        "index": 45,
        "shloka_num": 45
    },
    {
        "text": "इत्येवमुक्त्वा वचनं महात्मा पितुर्निदेशप्रतिपालनार्थम् ।\nयवीयसं भ्रातरमर्थवच्च प्रभुर्मुहूर्ताद्विरराम रामः ॥२-१०५-४६॥",
        "index": 46,
        "shloka_num": 46
    },
    {
        "text": "इत्यार्षे श्रीमद्रामायणे वाल्मीकीये आदिकाव्ये अयोध्याकाण्डे रामवाक्यम् नाम पञ्चाधिकशततमः सर्गः ॥२-१०५॥",
        "index": 47,
        "shloka_num": null
    }
]