[
    {
        "text": "अथ श्रीमद्वाल्मीकीयरामायणे अयोध्याकाण्डे भरतवचनम् नाम षडधिकशततमः सर्गः ॥२-१०६॥",
        "index": 0,
        "shloka_num": null
    },
    {
        "text": "एवमुक्त्वा तु विरते रामे वचनमर्थवत् ।\nततो मन्दाकिनीतीरे रामं प्रकृतिवत्सलम् ।\nउवाच भरतश्चित्रं धार्मिको धार्मिकं वचः ॥२-१०६-१॥",
        "index": 1,
        "shloka_num": 1
    },
    {
        "text": "को हि स्यादीदृशो लोके यादृशस्त्वमरिन्दम ।\nन त्वां प्रव्यथयेद्दुःखं प्रीतिर्वा न प्रहर्षयेत् ॥२-१०६-२॥",
        "index": 2,
        "shloka_num": 2
    },
    {
        "text": "सम्मतश्चासि वृद्धानां तांश्च पृच्छसि संशयान् ॥२-१०६-३॥",
        "index": 3,
        "shloka_num": 3
    },
    {
        "text": "यथा मृतस्तथा जीवन् यथाऽसति तथा सति ।\nयस्यैष बुद्धिलाभः स्यात्परितप्येत केन सः ॥२-१०६-४॥",
        "index": 4,
        "shloka_num": 4
    },
    {
        "text": "परावरज्ञो यश्च स्यात्तथा त्वं मनुजाधिप ।\nस एवं व्यसनं प्राप्य न विषीदितुमर्हति ॥२-१०६-५॥",
        "index": 5,
        "shloka_num": 5
    },
    {
        "text": "अमरोपम सत्त्वस्त्वं महात्मा सत्यसङ्गरः ।\nसर्वज्ञः सर्वदर्शी च बुद्धिमांश्चासि राघव ॥२-१०६-६॥",
        "index": 6,
        "shloka_num": 6
    },
    {
        "text": "न त्वामेवङ्गुणैर्युक्तं प्रभवाभवकोविदम् ।\nअविषह्यतमं दुःखमासादयितुमर्हति ॥२-१०६-७॥",
        "index": 7,
        "shloka_num": 7
    },
    {
        "text": "प्रोषिते मयि यत्पापं मात्रा मत्कारणात्कृतम् ।\nक्षुद्रया तदनिष्टं मे प्रसीदतु भवान्मम ॥२-१०६-८॥",
        "index": 8,
        "shloka_num": 8
    },
    {
        "text": "धर्मबन्धेन बद्धोऽस्मि तेनेमां नेह मातरम् ।\nहन्मि तीव्रेण दण्डेन दण्डार्हां पापकारिणीम् ॥२-१०६-९॥",
        "index": 9,
        "shloka_num": 9
    },
    {
        "text": "कथं दशरथाज्जातः शुद्धाभिजनकर्मणः ।\nजानन् धर्ममधर्मिष्ठं कुर्य्यां कर्म जुगुप्सितम् ॥२-१०६-१०॥",
        "index": 10,
        "shloka_num": 10
    },
    {
        "text": "गुरुः क्रियावान् वृद्धश्च राजा प्रेतः पितेति च ।\nतातं न परिगर्हेयं दैवतं चेति संसदि ॥२-१०६-११॥",
        "index": 11,
        "shloka_num": 11
    },
    {
        "text": "को हि धर्मार्थयोर्हीनमीदृशं कर्म किल्बिषम् ।\nस्त्रियाः प्रियं चिकीर्षुः सन् कुर्याद्धर्मज्ञ धर्मवित् ॥२-१०६-१२॥",
        "index": 12,
        "shloka_num": 12
    },
    {
        "text": "अन्तकाले हि भूतानि मुह्यन्तीति पुराश्रुतिः ।\nराज्ञैवं कुर्वता लोके प्रत्यक्षं सा श्रुतिः कृता ॥२-१०६-१३॥",
        "index": 13,
        "shloka_num": 13
    },
    {
        "text": "साध्वर्थमभिसन्धाय ऺक्रोधान्मोहाच्च साहसात् ।\nतातस्य यदतिक्रान्तं प्रत्याहरतु तद्भवान् ॥२-१०६-१४॥",
        "index": 14,
        "shloka_num": 14
    },
    {
        "text": "पितुरपतनहेतुत्वात्तदेवापत्यत्वेन सम्मतम् ॥२-१०६-१५॥",
        "index": 15,
        "shloka_num": 15
    },
    {
        "text": "तदपत्यं भवानस्तु मा भवान् दुष्कृतं पितुः ।\nअभिपत्ता कृतं कर्म लोके धीरविगर्हितम् ॥२-१०६-१६॥",
        "index": 16,
        "shloka_num": 16
    },
    {
        "text": "कैकेयीं मां च तातं च सुहृदो बान्धवांश्च नः ।\nपौरजानपदान् सर्वांस्त्रातु सर्वमिदं भवान् ॥२-१०६-१७॥",
        "index": 17,
        "shloka_num": 17
    },
    {
        "text": "क्व चारण्यं क्व च क्षात्ऺत्र क्व जटाः क्व च पालनम् ।\nईदृशं व्याहतं कर्म न भवान् कर्तुमर्हति ॥२-१०६-१८॥",
        "index": 18,
        "shloka_num": 18
    },
    {
        "text": "एष हि प्रथमो धर्मः क्षत्ऺित्रयस्याभिषेचनम् ।\nयेन शक्यं महाप्राज्ञ प्रजानां परिपालनम् ॥२-१०६-१९॥",
        "index": 19,
        "shloka_num": 19
    },
    {
        "text": "कश्च प्रत्यक्षमुत्सृज्य संशयस्थमलक्षणम् ।\nआयतिस्थं चरेद्धर्मं क्षत्ऺत्रबन्धुरनिश्चितम् ॥२-१०६-२०॥",
        "index": 20,
        "shloka_num": 20
    },
    {
        "text": "अथ क्लेशजमेव त्वं धर्मं चरितुमिच्छसि ।\nधर्मेण चतुरो वर्णान् पालयन् क्लेशमाप्नुहि ॥२-१०६-२१॥",
        "index": 21,
        "shloka_num": 21
    },
    {
        "text": "चतुर्णामाश्रमाणां हि गार्हस्थ्यं श्रेष्ठमाश्रमम् ।\nप्राहुर्धर्मज्ञ धर्मज्ञास्तं कथं त्यक्तुमर्हसि ॥२-१०६-२२॥",
        "index": 22,
        "shloka_num": 22
    },
    {
        "text": "श्रुतेन बालः स्थानेन जन्मना भवतो ह्यहम् ।\nस कथं पालयिष्यामि भूमिं भवति तिष्ठति ॥२-१०६-२३॥",
        "index": 23,
        "shloka_num": 23
    },
    {
        "text": "हीनबुद्धिगुणो बालो हीनः स्थानेन चाप्यहम् ।\nभवता च विनाभूतो न वर्त्तयितुमुत्सहे ॥२-१०६-२४॥",
        "index": 24,
        "shloka_num": 24
    },
    {
        "text": "इदं निखिलमव्यग्रं राज्यं पित्र्यमकण्टकम् ।\nअनुशाधि स्वधर्मेण धर्मज्ञ सह बान्धवैः ॥२-१०६-२५॥",
        "index": 25,
        "shloka_num": 25
    },
    {
        "text": "इहैव त्वाऽभिषिञ्चन्तु सर्वाः प्रकृतयः सह ।\nऋत्विजः सवसिष्ठाश्च मन्त्रवन्मन्त्रकोविदाः ॥२-१०६-२६॥",
        "index": 26,
        "shloka_num": 26
    },
    {
        "text": "अभिषिक्तस्त्वमस्माभिरयोध्यां पालने व्रज ।\nविजित्य तरसा लोकान् मरुद्भिरिव वासवः ॥२-१०६-२७॥",
        "index": 27,
        "shloka_num": 27
    },
    {
        "text": "ऋणानि त्रीण्यपाकुर्वन् दुर्हृदः साधु निर्द्दहन् ।\nसुहृदस्तर्पयन् कामैस्त्वमेवात्रानुशाधि माम् ॥२-१०६-२८॥",
        "index": 28,
        "shloka_num": 28
    },
    {
        "text": "अद्यार्य मुदिताः सन्तु सुहृदस्तेऽभिषेचने ।\nअद्य भीताः पलायन्तां दुर्हृदस्ते दिशो दश ॥२-१०६-२९॥",
        "index": 29,
        "shloka_num": 29
    },
    {
        "text": "आक्रोशं मम मातुश्च प्रमृज्य पुरुषर्षभ ।\nअद्य तत्रभवन्तं च पितरं रक्ष किल्बिषात् ॥२-१०६-३०॥",
        "index": 30,
        "shloka_num": 30
    },
    {
        "text": "शिरसा त्वाऽभियाचेऽहं कुरुष्व करुणां मयि ।\nबान्धवेषु च सर्वेषु भूतेष्विव महेश्वरः ॥२-१०६-३१॥",
        "index": 31,
        "shloka_num": 31
    },
    {
        "text": "अथैतत् पृष्ठतः कृत्वा वनमेव भवानितः ।\nगमिष्यति गमिष्यामि भवता सार्द्धमप्यहम् ॥२-१०६-३२॥",
        "index": 32,
        "shloka_num": 32
    },
    {
        "text": "तथाहि रामो भरतेन ताम्यता प्रसाद्यमानः शिरसा महीपतिः ।\nन चैव चक्रे गमनाय सत्त्ववान् मतिं पितुस्तद्वचने व्यवस्थितः ॥२-१०६-३३॥",
        "index": 33,
        "shloka_num": 33
    },
    {
        "text": "तदद्भुतं स्थैर्यमवेक्ष्य राघवे समं जनो हर्षमवाप दुःखितः ।\nन यात्ययोध्यामिति दुःखितोऽभवत् स्थिरप्रतिज्ञत्वमवेक्ष्य हर्षितः ॥२-१०६-३४॥",
        "index": 34,
        "shloka_num": 34
    },
    {
        "text": "तमृत्विजो नैगमयूथवल्लभास्तदा विंसज्ञाश्रुकलाश्च मातरः ।\nतथा ब्रुवाणं भरतं प्रतुष्टुवुः प्रणम्य रामं च ययाचिरे सह ॥२-१०६-३५॥",
        "index": 35,
        "shloka_num": 35
    },
    {
        "text": "इत्यार्षे श्रीमद्रामायणे वाल्मीकीये आदिकाव्ये अयोध्याकाण्डे भरतवचनम् नाम षडधिकशततमः सर्गः ॥२-१०६॥",
        "index": 36,
        "shloka_num": null
    }
]