[
    {
        "text": "अथ श्रीमद्वाल्मीकीयरामायणे अयोध्याकाण्डे जाबालिवाक्यम् नाम अष्टाधिकशततमः सर्गः ॥२-१०८॥",
        "index": 0,
        "shloka_num": null
    },
    {
        "text": "आश्वासयन्तं भरतं जाबालिर्ब्राह्मणोत्तमः ।\nउवाच रामं धर्मज्ञं धर्मापेतमिदं वचः ॥२-१०८-१॥",
        "index": 1,
        "shloka_num": 1
    },
    {
        "text": "साधु राघव माभूत्ते बुद्धिरेवं निरर्थिका ।\nप्राकृतस्य नरस्येव ह्यार्यबुद्धेर्मनस्विनः ॥२-१०८-२॥",
        "index": 2,
        "shloka_num": 2
    },
    {
        "text": "कः कस्य पुरुषो बन्धुः किमाप्यं कस्य केनचित् ।\nयदेको जायते जन्तुरेक एव विनश्यति ॥२-१०८-३॥",
        "index": 3,
        "shloka_num": 3
    },
    {
        "text": "तस्मान्माता पिता चेति राम सज्जेतयो नरः ।\nउन्मत्त इव स ज्ञेयो नास्ति कश्चिद्धि कस्यचित् ॥२-१०८-४॥",
        "index": 4,
        "shloka_num": 4
    },
    {
        "text": "यथा ग्रामान्तरं गच्छन् नरः कश्चित् क्वचिद्वसेत् ।\nउत्सृज्य च तमावासं प्रतिष्ठेतापरेऽहनि ॥२-१०८-५॥",
        "index": 5,
        "shloka_num": 5
    },
    {
        "text": "एवमेव मनुष्याणां पिता माता गृहं वसु ।\nआवासमात्रं काकुत्स्थ सज्जन्ते नात्र सज्जनाः ॥२-१०८-६॥",
        "index": 6,
        "shloka_num": 6
    },
    {
        "text": "पित्र्यं राज्यं परित्यज्य स नार्हसि नरोत्तम ।\nआस्थातुं कापथं दुःखं विषमं बहुकण्टकम् ॥२-१०८-७॥",
        "index": 7,
        "shloka_num": 7
    },
    {
        "text": "समृद्धायामयोध्यायामात्मानमभिषेचय ।\nएकवेणी धरा हि त्वां नगरी सम्प्रतीक्षते ॥२-१०८-८॥",
        "index": 8,
        "shloka_num": 8
    },
    {
        "text": "राजभोगाननुभवन् महार्हान् पार्थिवात्मज ।\nविहर त्वमयोध्यायां यथा शक्रस्त्रिविष्टपे ॥२-१०८-९॥",
        "index": 9,
        "shloka_num": 9
    },
    {
        "text": "न ते कश्चिद्दशरथस्त्वं च तस्य न कश्चन ।\nअन्यो राजा त्वमन्यः स तस्मात् कुरु यदुच्यते ॥२-१०८-१०॥",
        "index": 10,
        "shloka_num": 10
    },
    {
        "text": "बीजमात्रं पिता जन्तोः शुक्लं रुधिरमेव च ।\nसंयुक्तमृतुमन्मात्रा पुरुषस्येह जन्म तत् ॥२-१०८-११॥",
        "index": 11,
        "shloka_num": 11
    },
    {
        "text": "गतः स नृपतिस्तत्र गन्तव्यं यत्र तेन वै ।\nप्रवृत्तिरेषा मर्त्त्यानां त्वं तु मिथ्या विहन्यसे ॥२-१०८-१२॥",
        "index": 12,
        "shloka_num": 12
    },
    {
        "text": "अर्थधर्मपरा ये ये तांस्तान् शोचामि नेतरान् ।\nते हि दुःखमिह प्राप्य विनाशं प्रेत्य भेजिरे ॥२-१०८-१३॥",
        "index": 13,
        "shloka_num": 13
    },
    {
        "text": "अष्टका पितृदैवत्यमित्ययं प्रसृतो जनः ।\nअन्नस्योपद्रवं पश्य मृतो हि किमशिष्यति ॥२-१०८-१४॥",
        "index": 14,
        "shloka_num": 14
    },
    {
        "text": "यदि भुक्तमिहान्येन देहमन्यस्य गच्छति ।\nदद्यात् प्रवसतः श्राद्धं न तत् पथ्यशनं भवेत् ॥२-१०८-१५॥",
        "index": 15,
        "shloka_num": 15
    },
    {
        "text": "दानसंवनना ह्येते ग्रन्था मेधाविभिः कृताः ।\nयजस्व देहि दीक्षस्व तपस्तप्यस्व सन्त्यज ॥२-१०८-१६॥",
        "index": 16,
        "shloka_num": 16
    },
    {
        "text": "स नास्ति परमित्येव कुरु बुद्धिं महामते ।\nप्रत्यक्षं यत्तदातिष्ठ परोक्षं पृष्ठतः कुरु ॥२-१०८-१७॥",
        "index": 17,
        "shloka_num": 17
    },
    {
        "text": "स तां बुद्धिं पुरस्कृत्य सर्वलोकनिदर्शिनीम् ।\nराज्यं त्वं प्रतिगृह्णीष्व भरतेन प्रसादितः ॥२-१०८-१८॥",
        "index": 18,
        "shloka_num": 18
    },
    {
        "text": "इत्यार्षे श्रीमद्रामायणे वाल्मीकीये आदिकाव्ये अयोध्याकाण्डे जाबालिवाक्यम् नाम अष्टाधिकशततमः सर्गः ॥२-१०८॥",
        "index": 19,
        "shloka_num": null
    }
]