[
    {
        "text": "अथ श्रीमद्वाल्मीकीयरामायणे अयोध्याकाण्डे भरतानुशासनम् नाम एकादशाधिकशततमः सर्गः ॥२-१११॥",
        "index": 0,
        "shloka_num": null
    },
    {
        "text": "वसिष्ठस्तु तदा राममुक्त्वा राजपुरोऺहितः ।\nअब्रवीद्धर्मसंयुक्तं पुनरेवापरं वचः ॥२-१११-१॥",
        "index": 1,
        "shloka_num": 1
    },
    {
        "text": "पुरुषस्येह जातस्य भवन्ति गुरवस्त्रयः ।\nआचार्य्यश्चैव काकुत्स्थ पिता माता च राघव ॥२-१११-२॥",
        "index": 2,
        "shloka_num": 2
    },
    {
        "text": "पिता ह्येनं जनयति पुरुषं पुरुषर्षभ ।\nप्रज्ञां ददाति चाचार्यस्तस्मात्स गुरुरुच्यते ॥२-१११-३॥",
        "index": 3,
        "shloka_num": 3
    },
    {
        "text": "सोऽहं ते पितुराचार्य्यस्तव चैव परन्तप ।\nमम त्वं वचनं कुर्वन् नातिवर्त्तेः सताङ्गतिम् ॥२-१११-४॥",
        "index": 4,
        "shloka_num": 4
    },
    {
        "text": "इमा हि ते परिषदः श्रेणयश्च द्विजास्तथा ।\nएषु तात चरन् धर्मं नातिवर्त्तेः सताङ्गतिम् ॥२-१११-५॥",
        "index": 5,
        "shloka_num": 5
    },
    {
        "text": "वृद्धाया धर्मशीलाया मातुर्नार्हस्यवर्त्तितुम् ।\nअस्यास्तु वचनं कुर्वन् नातिवर्त्तेः सताङ्गतिम् ॥२-१११-६॥",
        "index": 6,
        "shloka_num": 6
    },
    {
        "text": "भरतस्य वचः कुर्वन् याचमानस्य राघव ।\nआत्मानं नातिवर्त्तेस्त्वं सत्यधर्मपराक्रम ॥२-१११-७॥",
        "index": 7,
        "shloka_num": 7
    },
    {
        "text": "एवं मधुरमुक्तस्तु गुरुणा राघवः स्वयम् ।\nप्रत्युवाच समासीनं वसिष्ठं पुरुषर्षभः ॥२-१११-८॥",
        "index": 8,
        "shloka_num": 8
    },
    {
        "text": "यन्मातापितरौ वृत्तं तनये कुरुतः सदा ।\nन सुप्रतिकरं तत्तु मात्रा पित्रा च यत्कृतम् ॥२-१११-९॥",
        "index": 9,
        "shloka_num": 9
    },
    {
        "text": "यथाशक्ति प्रदानेन स्नापनोच्छादनेन च ।\nनित्यं च प्रियवादेन तथा संवर्द्धनेन च ॥२-१११-१०॥",
        "index": 10,
        "shloka_num": 10
    },
    {
        "text": "स हि राजा जनयिता पिता दशरथो मम ।\nआज्ञातं यन्मया तस्य न तन्मिथ्या भविष्यति ॥२-१११-११॥",
        "index": 11,
        "shloka_num": 11
    },
    {
        "text": "एवमुक्तस्तु रामेण भरतः प्रत्यनन्तरम् ।\nउवाच परमोदारः सूतं परमदुर्मनाः ॥२-१११-१२॥",
        "index": 12,
        "shloka_num": 12
    },
    {
        "text": "इह मे स्थण्डिले शीघ्रं कुशानास्तर सारथे ।\nआर्य्यं प्रत्युपवेक्ष्यामि यावन्मे न प्रसीदति ॥२-१११-१३॥",
        "index": 13,
        "shloka_num": 13
    },
    {
        "text": "अनाहारो निरालोको धनहीनो यथा द्विजः ।\nशेष्ये पुरस्तात् शालाया यावन्न प्रतियास्यति ॥२-१११-१४॥",
        "index": 14,
        "shloka_num": 14
    },
    {
        "text": "स तु राममवेक्षन्तं सुमन्त्रं प्रेक्ष्य दुर्मनाः ।\nकुशोत्तरमुपस्थाप्य भूमावेवास्तरत् स्वयम् ॥२-१११-१५॥",
        "index": 15,
        "shloka_num": 15
    },
    {
        "text": "तमुवाच महातेजा रामो राजर्षिसत्तमः ।\nकिं मां भरत कुर्वाणं तात प्रत्युपवेक्ष्यसि ॥२-१११-१६॥",
        "index": 16,
        "shloka_num": 16
    },
    {
        "text": "ब्राह्मणो ह्येकपार्श्वेन नरान् रोद्धुमिहार्हति ।\nन तु मूर्द्धाभिषिक्तानां विधिः प्रत्युपवेशने ॥२-१११-१७॥",
        "index": 17,
        "shloka_num": 17
    },
    {
        "text": "उत्तिष्ठ नरशार्दूल हित्वैतद्दारुणं व्रतम् ।\nपुरवर्य्यामितः क्षिप्रमयोध्यां याहि राघव ॥२-१११-१८॥",
        "index": 18,
        "shloka_num": 18
    },
    {
        "text": "आसीनस्त्वेव भरतः पौरजानपदं जनम् ।\nउवाच सर्वतः प्रेक्ष्य किमार्यं नानुशासथ ॥२-१११-१९॥",
        "index": 19,
        "shloka_num": 19
    },
    {
        "text": "ते तमूचुर्महात्मानं पौरजानपदा जनाः ।\nकाकुत्स्थमभिजानीमः सम्यग्वदति राघवः ॥२-१११-२०॥",
        "index": 20,
        "shloka_num": 20
    },
    {
        "text": "एषोऽपि हि महाभागः पितुर्वचसि तिष्ठति ।\nअत एव न शक्ताः स्मो व्यावर्त्तयितुमञ्जसा ॥२-१११-२१॥",
        "index": 21,
        "shloka_num": 21
    },
    {
        "text": "तेषामाज्ञाय वचनं रामो वचनमब्रवीत् ।\nएवं निबोध वचनं सुहृदां धर्मचक्षुषाम् ॥२-१११-२२॥",
        "index": 22,
        "shloka_num": 22
    },
    {
        "text": "एतच्चैवोभयं श्रुत्वा सम्यक् सम्पश्य राघव ।\nउत्तिष्ठ त्वं महाबाहो मां च स्पृश तथोदकम् ॥२-१११-२३॥",
        "index": 23,
        "shloka_num": 23
    },
    {
        "text": "अथोत्थाय जलं स्पृष्ट्वा भरतो वाक्यमब्रवीत् ।\nश्रृण्वन्तु मे परिषदो मन्त्रिणः श्रेणयस्तथा ॥२-१११-२४॥",
        "index": 24,
        "shloka_num": 24
    },
    {
        "text": "न याचे पितरं राज्यं नानुशासामि मातरम् ।\nआर्यं परमधर्मज्ञं नानुजानामि राघवम् ॥२-१११-२५॥",
        "index": 25,
        "shloka_num": 25
    },
    {
        "text": "यदि त्ववश्यं वस्तव्यं कर्त्तव्यं च पितुर्वचः ।\nअहमेव निवत्स्यामि चतुर्दश समा वने ॥२-१११-२६॥",
        "index": 26,
        "shloka_num": 26
    },
    {
        "text": "धर्मात्मा तस्य तथ्येन भ्रातुर्वाक्येन विस्मितः ।\nउवाच रामः सम्प्रेक्ष्य पौरजानपदं जनम् ॥२-१११-२७॥",
        "index": 27,
        "shloka_num": 27
    },
    {
        "text": "विक्रीतमाहितं क्रीतं यत् पित्रा जीवता मम ।\nन तल्लोपयितुं शक्यं मया वा भरतेन वा ॥२-१११-२८॥",
        "index": 28,
        "shloka_num": 28
    },
    {
        "text": "अपधिर्न मया कार्य्यो वनवासे जुगुप्सितः ।\nयुक्तमुक्तं च कैकेय्या पित्रा मे सुकृतं कृतम् ॥२-१११-२९॥",
        "index": 29,
        "shloka_num": 29
    },
    {
        "text": "जानामि भरतं क्षान्तं गुरुसत्कारकारिणम् ।\nसर्वमेवात्र कल्याणं सत्यसन्धे महात्मनि ॥२-१११-३०॥",
        "index": 30,
        "shloka_num": 30
    },
    {
        "text": "अनेन धर्मशीलेन वनात् प्रत्यागतः पुनः ।\nभ्रात्रा सह भविष्यामि पृथिव्याः पतिरुत्तमः ॥२-१११-३१॥",
        "index": 31,
        "shloka_num": 31
    },
    {
        "text": "वृतो राजा हि कैकेय्या मया तद्वचनं कृतम् ।\nअनृतन्मोचयानेन पितरं तं महीपतिम् ॥२-१११-३२॥",
        "index": 32,
        "shloka_num": 32
    },
    {
        "text": "इत्यार्षे श्रीमद्रामायणे वाल्मीकीये आदिकाव्ये अयोध्याकाण्डे भरतानुशासनम् नाम एकादशाधिकशततमः सर्गः ॥२-१११॥",
        "index": 33,
        "shloka_num": null
    }
]