[
    {
        "text": "अथ श्रीमद्वाल्मीकीयरामायणे अयोध्याकाण्डे पादुकाप्रदानम् नाम द्वादशाधिकशततमः सर्गः ॥२-११२॥",
        "index": 0,
        "shloka_num": null
    },
    {
        "text": "तमप्रतिमतेजोभ्यां भ्रातृभ्यां रोमहर्षणम् ।\nविस्मिताः सङ्गमं प्रेक्ष्य समवेता महर्षयः ॥२-११२-१॥",
        "index": 1,
        "shloka_num": 1
    },
    {
        "text": "अन्तर्हितास्त्वृषिगणाः सिद्धाश्च परमर्षयः ।\nतौ भ्रातरौ महात्मानौ महात्मानौ काकुत्स्थौ प्रशशंसिरे ॥२-११२-२॥",
        "index": 2,
        "shloka_num": 2
    },
    {
        "text": "स धन्यो यस्य पुत्रौ द्वौ धर्मज्ञौ धर्मविक्रमौ ।\nश्रुत्वा वयं हि सम्भाषामुभयोः स्पृहयामहे ॥२-११२-३॥",
        "index": 3,
        "shloka_num": 3
    },
    {
        "text": "ततस्त्वृषिगणाः क्षिप्रं दशग्रीववधैषिणः ।\nभरतं राजशार्दूलमित्यूचुः सङ्गता वचः ॥२-११२-४॥",
        "index": 4,
        "shloka_num": 4
    },
    {
        "text": "कुले जात महाप्राज्ञ महावृत्त महायशः ।\nग्राह्यं रामस्य वाक्यं ते पितरं यद्यवेक्षसे ॥२-११२-५॥",
        "index": 5,
        "shloka_num": 5
    },
    {
        "text": "सदानृणमिमं रामं वयमिच्छामहे पितुः ।\nअनृणत्वाच्च कैकेय्याः स्वर्गं दशरथो गतः ॥२-११२-६॥",
        "index": 6,
        "shloka_num": 6
    },
    {
        "text": "एतावदुक्त्वा वचनं गन्धर्वाः समहर्षयः ।\nराजर्षयश्चैव तदा सर्वे स्वांस्वां गतिं गताः ॥२-११२-७॥",
        "index": 7,
        "shloka_num": 7
    },
    {
        "text": "ह्लादितस्तेन वाक्येन शुभेन शुभदर्शनः ।\nरामः संहृष्टवदनस्तानृषीनभ्यपूजयत् ॥२-११२-८॥",
        "index": 8,
        "shloka_num": 8
    },
    {
        "text": "स्रस्तगात्रस्तु भरतः स वाचा सज्जमानया ।\nकृताञ्जलिरिदं वाक्यं राघवं पुनरब्रवीत् ॥२-११२-९॥",
        "index": 9,
        "shloka_num": 9
    },
    {
        "text": "राजधर्ममनुप्रेक्ष्य कुलधर्मानुसन्ततिम् ।\nकर्त्तुमर्हसि काकुत्स्थ मम मातुश्च याचनाम् ॥२-११२-१०॥",
        "index": 10,
        "shloka_num": 10
    },
    {
        "text": "रक्षितुं सुमहद्राज्यमहमेकस्तु नोत्सहे ।\nपौरजानपदांश्चापि रक्तान् रञ्जयितुं तथा ॥२-११२-११॥",
        "index": 11,
        "shloka_num": 11
    },
    {
        "text": "ज्ञातयश्च हि योधाश्च मित्राणि सुहृदश्च नः ।\nत्वामेव प्रतिकांक्षन्ते पर्जन्यमिव कर्षकाः ॥२-११२-१२॥",
        "index": 12,
        "shloka_num": 12
    },
    {
        "text": "इदं राज्यं महाप्राज्ञ स्थापय प्रतिपद्य हि ।\nशक्तिमानसि काकुत्स्थ लोकस्य परिपालने ॥२-११२-१३॥",
        "index": 13,
        "shloka_num": 13
    },
    {
        "text": "इत्युक्त्वा न्यपतद् भ्रातुः पादयोर्भरतस्तदा ।\nभृशं सम्प्रार्थयामास राममेव प्रियंवदः ॥२-११२-१४॥",
        "index": 14,
        "shloka_num": 14
    },
    {
        "text": "तमङ्के भ्रातरं कृत्वा रामो वचनमब्रवीत् ।\nश्यामं नलिनपत्राक्षं मत्तहंसस्वरं स्वयम् ॥२-११२-१५॥",
        "index": 15,
        "shloka_num": 15
    },
    {
        "text": "आगता त्वामियं बुद्धिः स्वजा वैनयिकी च या ।\nभृशमुत्सहसे तात रक्षितुं पृथिवीमपि ॥२-११२-१६॥",
        "index": 16,
        "shloka_num": 16
    },
    {
        "text": "अमात्यैश्च सुहृद्भिश्च बुद्धिमद्भिश्च मन्त्रिभिः ।\nसर्वकार्याणि सम्मन्त्र्य सुमहान्त्यपि कारय ॥२-११२-१७॥",
        "index": 17,
        "shloka_num": 17
    },
    {
        "text": "लक्ष्मीश्चन्द्रादपेयाद्वा हिमवान् वा हिमं त्यजेत् ।\nअतीयात् सागरो वेलां न प्रतिज्ञामहं पितुः ॥२-११२-१८॥",
        "index": 18,
        "shloka_num": 18
    },
    {
        "text": "कामाद्वा तात लोभाद्वा मात्रा तुभ्यमिदं कृतम् ।\nन तन्मनसि कर्त्तव्यं वर्त्तितव्यं च मातृवत् ॥२-११२-१९॥",
        "index": 19,
        "shloka_num": 19
    },
    {
        "text": "एवं ब्रुवाणं भरतः कौसल्यासुतमब्रवीत् ।\nतेजसादित्यसङ्काशं प्रतिपच्चन्द्रदर्शनम् ॥२-११२-२०॥",
        "index": 20,
        "shloka_num": 20
    },
    {
        "text": "अधिरोहार्य पादाभ्यां पादुके हेमभूषिते ।\nएते हि सर्वलोकस्य योगक्षेमं विधास्यतः ॥२-११२-२१॥",
        "index": 21,
        "shloka_num": 21
    },
    {
        "text": "सोऽधिरुह्य नरव्याघ्रः पादुके ह्यवरुह्य च ।\nप्रायच्छत् सुमहातेजा भरताय महात्मने ॥२-११२-२२॥",
        "index": 22,
        "shloka_num": 22
    },
    {
        "text": "स पादुके सम्प्रणम्य रामं वचनमब्रवीत् ।\nचतुर्दश हि वर्षाणि जटाचीरधरो ह्यहम् ॥२-११२-२३॥",
        "index": 23,
        "shloka_num": 23
    },
    {
        "text": "फलमूलाशनो वीर भवेयं रघुनन्दन ।\nतवागमनमाकांक्षन् वसन् वै नगराद्बहिः ॥२-११२-२४॥",
        "index": 24,
        "shloka_num": 24
    },
    {
        "text": "तव पादुकयोर्न्यस्तराज्यतन्त्रः परन्तप ।\nचतुर्दशे हि सम्पूर्णे वर्षेऽहनि रघूत्तम ।\nन द्रक्ष्यामि यदि त्वां तु प्रवेक्ष्यामि हुताशनम् ॥२-११२-२५॥",
        "index": 25,
        "shloka_num": 25
    },
    {
        "text": "तथेति च प्रतिज्ञाय तं परिष्वज्य सादरम् ।\nशत्रुघ्नं च परिष्वज्य भरतं चेदमब्रवीत् ॥२-११२-२६॥",
        "index": 26,
        "shloka_num": 26
    },
    {
        "text": "मातरं रक्ष कैकेयीं मा रोषं कुरु तां प्रति ।\nमया च सीतया चैव शप्तोऽसि रघुसत्तम ॥२-११२-२७॥",
        "index": 27,
        "shloka_num": 27
    },
    {
        "text": "इत्युक्त्वाऽश्रुपरीताक्षो भ्रातरं विससर्ज ऺह ॥२-११२-२८॥",
        "index": 28,
        "shloka_num": 28
    },
    {
        "text": "स पादुके ते भरतः प्रतापवान् स्वलङ्कृते सम्परिपूज्य धर्मवित् ।\nप्रदक्षिणं चैव चकार राघवं चकार चैवोत्तमनागमूर्द्धनि ॥२-११२-२९॥",
        "index": 29,
        "shloka_num": 29
    },
    {
        "text": "अथानुपूर्व्यात् प्रतिनन्द्य तं जनं गुरूंश्च मन्त्रिप्रकृतीस्तथानुजौ ।\nव्यसर्जयद्राघववंशवर्द्धनः स्थिरः स्वधर्मे हिमवानिवाचलः ॥२-११२-३०॥",
        "index": 30,
        "shloka_num": 30
    },
    {
        "text": "तं मातरो बाष्पगृहीतकण्ठ्यो दुःखेन नामन्त्रयितुं हि शेकुः ।\nस त्वेव मातऽरभिवाद्य सर्वा रुदन् कुटीं स्वां प्रविवेश रामः ॥२-११२-३१॥",
        "index": 31,
        "shloka_num": 31
    },
    {
        "text": "इत्यार्षे श्रीमद्रामायणे वाल्मीकीये आदिकाव्ये अयोध्याकाण्डे पादुकाप्रदानम् नाम द्वादशाधिकशततमः सर्गः ॥२-११२॥",
        "index": 32,
        "shloka_num": null
    }
]