[
    {
        "text": "अथ श्रीमद्वाल्मीकीयरामायणे अयोध्याकाण्डे पादुकाग्रहणम् नाम त्रयोदशाधिकशततमः सर्गः ॥२-११३॥",
        "index": 0,
        "shloka_num": null
    },
    {
        "text": "ततः शिरसि कृत्वा तु पादुके भरतस्तदा ।\nआरुरोह रथं हृष्टः शत्रुघ्नेन समन्वितः ॥२-११३-१॥",
        "index": 1,
        "shloka_num": 1
    },
    {
        "text": "वसिष्ऺठो वामदेवश्च जाबालिश्च दृढव्रतः ।\nअग्रतः प्रययुः सर्वे मन्त्रिणो मन्त्रपूजिताः ॥२-११३-२॥",
        "index": 2,
        "shloka_num": 2
    },
    {
        "text": "मन्दाकिनीं नदीं रम्यां प्राङ्मुखास्ते ययुस्तदा ।\nप्रदक्षिणं च कुर्वाणाश्चित्रकूटं महागिरिम् ॥२-११३-३॥",
        "index": 3,
        "shloka_num": 3
    },
    {
        "text": "पश्यन् धातुसहस्राणि रम्याणि विविधानि च ।\nप्रययौ तस्य पार्श्वेन ससैन्यो भरतस्तदा ॥२-११३-४॥",
        "index": 4,
        "shloka_num": 4
    },
    {
        "text": "अदूराच्चित्रकूटस्य ददर्श भरतस्तदा ।\nआश्रमं यत्र स मुनिर्भरद्वाजः कृतालयः ॥२-११३-५॥",
        "index": 5,
        "shloka_num": 5
    },
    {
        "text": "स तमाश्रममागम्य भरद्वाजस्य बुद्धिमान् ।\nअवतीर्य रथात् पादौ ववन्दे भरतस्तदा ॥२-११३-६॥",
        "index": 6,
        "shloka_num": 6
    },
    {
        "text": "ततो हृष्टो भरद्वाजो भरतं वाक्यमब्रवीत् ।\nअपि कृत्यं कृतं तात रामेण च समागतम् ॥२-११३-७॥",
        "index": 7,
        "shloka_num": 7
    },
    {
        "text": "एवमुक्तः स तु ततो भरद्वाजेन धीमता ।\nप्रत्युवाच भरद्वाजं भरतो भ्रातृवत्सलः ॥२-११३-८॥",
        "index": 8,
        "shloka_num": 8
    },
    {
        "text": "स याच्यमानो गुरुणा मया च दृढविक्रमः ।\nराघवः परमप्रीतो वसिष्ठं वाक्यमब्रवीत् ॥२-११३-९॥",
        "index": 9,
        "shloka_num": 9
    },
    {
        "text": "पितुः प्रतिज्ञां तामेव पालयिष्यामि तत्त्वतः ।\nचतुर्दश हि वर्षाणि या प्रतिज्ञा पितुर्मम ॥२-११३-१०॥",
        "index": 10,
        "shloka_num": 10
    },
    {
        "text": "एवमुक्तो महाप्राज्ञो वसिष्ठः प्रत्युवाच ह ।\nवाक्यज्ञो वाक्यकुशलं राघवं वचनं महत् ॥२-११३-११॥",
        "index": 11,
        "shloka_num": 11
    },
    {
        "text": "एते प्रयच्छ संहृष्टः पादुके हेमभूषिते ।\nअयोध्यायां महाप्राज्ञ योगक्षेमकरे तव ॥२-११३-१२॥",
        "index": 12,
        "shloka_num": 12
    },
    {
        "text": "एवमुक्तो वसिष्ठेन राघवः प्राङ्मुखः स्थितः ।\nपादुके अधिरुह्यैते मम राज्याय वै ददौ ॥२-११३-१३॥",
        "index": 13,
        "shloka_num": 13
    },
    {
        "text": "निवृत्तोऽहमनुज्ञातो रामेण सुमहात्मना ।\nअयोध्यामेव गच्छामि गृहीत्वा पादुके शुभे ॥२-११३-१४॥",
        "index": 14,
        "shloka_num": 14
    },
    {
        "text": "एतच्छ्रुत्वा शुभं वाक्यं भरतस्य महात्मनः ।\nभरद्वाजः शुभतरं मुनिर्वाक्यमुवाच तम् ॥२-११३-१५॥",
        "index": 15,
        "shloka_num": 15
    },
    {
        "text": "नैतच्चित्रं नरव्याघ्र शीलवृत्तवतां वर ।\nयदार्यं त्वयि तिष्ठेत्तु निम्ने सृष्टमिवोदकम् ॥२-११३-१६॥",
        "index": 16,
        "shloka_num": 16
    },
    {
        "text": "अमृतः स महाबाहुः पिता दशरथस्तव ।\nयस्य त्वमीदृशः पुत्रो धर्मज्ञो धर्मवत्सलः ॥२-११३-१७॥",
        "index": 17,
        "shloka_num": 17
    },
    {
        "text": "तमृषिं तु महात्मानमुक्तवाक्यं कृताञ्जलिः ।\nआमतन्त्रयितुमारेभे चरणावुपगृह्य च ॥२-११३-१८॥",
        "index": 18,
        "shloka_num": 18
    },
    {
        "text": "ततः प्रदक्षिणं कृत्वा भरद्वाजं पुनःपुनः ।\nभरतस्तु ययौ श्रीमानयोध्यां सह मन्त्रिभिः ॥२-११३-१९॥",
        "index": 19,
        "shloka_num": 19
    },
    {
        "text": "यानैश्च शकटैश्चैव हयैर्नागैश्च सा चमूः ।\nपुनर्निवृत्ता विस्तीर्णा भरतस्यानुयायिनी ॥२-११३-२०॥",
        "index": 20,
        "shloka_num": 20
    },
    {
        "text": "ततस्ते यमुनां दिव्यां नदीं तीर्त्वोर्मिमालिनीम् ।\nददृशुस्तां पुनः सर्वे गङ्गां शुभजलां नदीम् ॥२-११३-२१॥",
        "index": 21,
        "shloka_num": 21
    },
    {
        "text": "तां रम्यजलसम्पूर्णां सन्तीर्य सहबान्धवः ।\nशृङ्गिबेरपुरं रम्यं प्रविवेश ससैनिकः ॥२-११३-२२॥",
        "index": 22,
        "shloka_num": 22
    },
    {
        "text": "शृङ्गिबेरपुराद्भूयस्त्वयोध्यां संददर्श ह ॥२-११३-२३॥",
        "index": 23,
        "shloka_num": 23
    },
    {
        "text": "अयोध्यां च ततो दृष्ट्वा पित्रा भ्रात्रा विवर्जिताम् ।\nभरतो दुःखसन्तप्तः सारथिं चेदमब्रवीत् ॥२-११३-२४॥",
        "index": 24,
        "shloka_num": 24
    },
    {
        "text": "सारथे पश्य विध्वस्ता सायोध्या न प्रकाशते ।\nनिराकारा निरानन्दा दीना प्रतिहतस्वरा ॥२-११३-२५॥",
        "index": 25,
        "shloka_num": 25
    },
    {
        "text": "इत्यार्षे श्रीमद्रामायणे वाल्मीकीये आदिकाव्ये अयोध्याकाण्डे पादुकाग्रहणम् नाम त्रयोदशाधिकशततमः सर्गः ॥२-११३॥",
        "index": 26,
        "shloka_num": null
    }
]