[
    {
        "text": "अथ श्रीमद्वाल्मीकीयरामायणे अयोध्याकाण्डे अयोध्याप्रवेशः नाम चतुर्दशाधिकशततमः सर्गः ॥२-११४॥",
        "index": 0,
        "shloka_num": null
    },
    {
        "text": "स्त्रिग्धगम्भीरघोषेण स्यन्दनेनोपयान् प्रभुः ।\nअयोध्यां भरतः क्षिप्रं प्रविवेश महायशाः ॥२-११४-१॥",
        "index": 1,
        "shloka_num": 1
    },
    {
        "text": "बिडालोलूकचरितामालीननरवारणाम् ।\nतिमिराभ्याहतां कालीमप्रकाशां निशामिव ॥२-११४-२॥",
        "index": 2,
        "shloka_num": 2
    },
    {
        "text": "राहुशत्रोः प्रियां पत्नीं श्रिया प्रज्वलितप्रभाम् ।\nग्रहेणाभ्युत्थिते नैकां रोहिणीमिव पीडिताम् ॥२-११४-३॥",
        "index": 3,
        "shloka_num": 3
    },
    {
        "text": "अल्पोष्णक्षुब्धसलिलां धर्मोत्तप्तविहङ्गमाम् ।\nलीनमीनझषग्राहां कृशां गिरिनदीमिव ॥२-११४-४॥",
        "index": 4,
        "shloka_num": 4
    },
    {
        "text": "विधूमामिव हेमाभामध्वराग्नेः समुत्थिताम् ।\nहविरभ्युक्षितां पश्चात् शिखां विप्रलयं गताम् ॥२-११४-५॥",
        "index": 5,
        "shloka_num": 5
    },
    {
        "text": "विध्वस्तकवचां रुग्णजवाजिरथध्वजाम् ।\nहतप्रवीरामापन्नां चमूमिव महाहवे ॥२-११४-६॥",
        "index": 6,
        "shloka_num": 6
    },
    {
        "text": "सफेना सस्वना भूत्वा सागरस्य समुत्थिताम् ।\nप्रशान्तमारुतोद्घातां जलोर्मिमिव निस्वनाम् ॥२-११४-७॥",
        "index": 7,
        "shloka_num": 7
    },
    {
        "text": "त्यक्तां यज्ञायुधैः सर्वैरभिरूपैश्च याजकैः ।\nसुत्याकाले विनिर्वृत्ते वेदिं गतरवामिव ॥२-११४-८॥",
        "index": 8,
        "shloka_num": 8
    },
    {
        "text": "गोष्ठमध्ये स्थितामार्त्तामचरन्तीं तृणं नवम् ।\nगोवृषेण परित्यक्तां गवां पत्तिमिवोत्सुकाम् ॥२-११४-९॥",
        "index": 9,
        "shloka_num": 9
    },
    {
        "text": "प्रभाकराद्यैः सुस्निग्धैः प्रज्वलद्भिरिवोत्तमैः ।\nवियुक्तां मणिभिर्जात्यैर्नवां मुक्तावलीमिव ॥२-११४-१०॥",
        "index": 10,
        "shloka_num": 10
    },
    {
        "text": "सहसा चलितां स्थानान्महीं पुण्यक्षयाद्गताम् ।\nसंहृतद्युतिविस्तारां तारामिव दिवश्च्युताम् ॥२-११४-११॥",
        "index": 11,
        "shloka_num": 11
    },
    {
        "text": "पुष्पनद्धां वसन्तान्ते मत्तभ्रमरनादिताम् ।\nद्रुतदावाग्निविप्लुष्टां क्लान्तां वनलतामिव ॥२-११४-१२॥",
        "index": 12,
        "shloka_num": 12
    },
    {
        "text": "सम्मूढनिगमां स्तब्धां संक्षिप्तविपणापणाम् ।\nप्रच्छन्नशऺशिनक्षत्रां द्यामिवाम्बुधरैर्वृताम् ॥२-११४-१३॥",
        "index": 13,
        "shloka_num": 13
    },
    {
        "text": "क्षीणपानोत्तमैर्भिन्नैः शरावैरभिसंवृताम् ।\nहतशौण्डामिवाकाशे पानभूमिमसंस्कृताम् ॥२-११४-१४॥",
        "index": 14,
        "shloka_num": 14
    },
    {
        "text": "वृक्णभूमितलां निम्नां वृक्णपात्रैः समावृताम् ।\nउपयुक्तोदकां भग्नां प्रपां निपतितामिव ॥२-११४-१५॥",
        "index": 15,
        "shloka_num": 15
    },
    {
        "text": "विपुलां विततां चैव युक्तपाशां तरस्विनाम् ।\nभूमौ बाणैर्विनिष्कृत्तां पतितां ज्यामिवायुधात् ॥२-११४-१६॥",
        "index": 16,
        "shloka_num": 16
    },
    {
        "text": "सहसा युद्धशौण्डेन हयारोहेण वाहिताम् ।\nनिक्षिप्तभाण्डामुत्सृष्टां किशोरीमिव दुर्बलाम् ॥२-११४-१७॥",
        "index": 17,
        "shloka_num": 17
    },
    {
        "text": "शुष्कतोयां महामत्स्यैः कूर्मैश्च बहुभिर्वृताम् ।\nप्रभिन्नतटविस्तीर्णां वापीमिव हृतोत्पलाम् ॥२-११४-१८॥",
        "index": 18,
        "shloka_num": 18
    },
    {
        "text": "पुरुषस्याप्रहृष्टस्य प्रतिषिद्धानुलेपनाम् ।\nसन्तप्तामिव शोकेन गात्रयष्टिमभूषणाम् ॥२-११४-१९॥",
        "index": 19,
        "shloka_num": 19
    },
    {
        "text": "प्रावृषि प्रविगाढायां प्रविष्टस्याभ्रमण्डलम् ।\nप्रच्छन्नां नीलजीमूतैर्भास्करस्य प्रभामिव ॥२-११४-२०॥",
        "index": 20,
        "shloka_num": 20
    },
    {
        "text": "भरतस्तु रथस्थः सन् श्रीमान् दशरथात्मजः ।\nवाहयन्तं रथश्रेष्ठं सारथिं वाक्यमब्रवीत् ॥२-११४-२१॥",
        "index": 21,
        "shloka_num": 21
    },
    {
        "text": "किं नु खल्वद्य गम्भीरो मूर्च्छितो न निशम्यते ।\nयथापुरमयोध्यायां गीतवादित्रनिस्वनः ॥२-११४-२२॥",
        "index": 22,
        "shloka_num": 22
    },
    {
        "text": "वारुणीमदगन्धश्च माल्यगन्धश्च मूर्च्छितः ।\nधूपितागरुगन्धश्च न प्रवाति समन्ततः ॥२-११४-२३॥",
        "index": 23,
        "shloka_num": 23
    },
    {
        "text": "यानप्रवरघोषश्च स्निग्धश्च हयनिस्वनः ।\nप्रमत्तगजनादश्च महांश्च रथनिस्वनः ।\nनेदानीं श्रूयते पुर्यामस्यां रामे विवासिते ॥२-११४-२४॥",
        "index": 24,
        "shloka_num": 24
    },
    {
        "text": "चन्दनागरुगन्धांश्च महार्हाश्च नवस्रजः ।\nगते हि रामे तरुणाः सन्तप्ता नोपभुञ्जते ॥२-११४-२५॥",
        "index": 25,
        "shloka_num": 25
    },
    {
        "text": "बहिर्यात्रां न गच्छन्ति चित्रमाल्यधरा नराः ।\nनोत्सवाः सम्प्रवर्त्तन्ते रामशोकार्दिते पुरे ॥२-११४-२६॥",
        "index": 26,
        "shloka_num": 26
    },
    {
        "text": "सह नूनं मम भ्रात्रा पुरस्यास्यद्युतिर्गता ।\nनहि राजत्ययोध्येयं सासारेवार्जुनी क्षपा ॥२-११४-२७॥",
        "index": 27,
        "shloka_num": 27
    },
    {
        "text": "कदा नु खलु मे भ्राता महोत्सव इवागतः ।\nजनयिष्यत्ययोध्यायां हर्षं ग्रीष्म इवाम्बुदः ॥२-११४-२८॥",
        "index": 28,
        "shloka_num": 28
    },
    {
        "text": "तरुणैश्चारुवेषैश्च नरैरुन्नतगामिभिः ।\nसम्पतद्भिरयोध्यायां नाभिभान्ति महापथाः ॥२-११४-२९॥",
        "index": 29,
        "shloka_num": 29
    },
    {
        "text": "एवं बहुविधं जल्पन् विवेश वसतिं पितुः ।\nतेन हीनां नरेन्द्रेण सिंहहीनां गुहामिव ॥२-११४-३०॥",
        "index": 30,
        "shloka_num": 30
    },
    {
        "text": "तदा तदन्तःपुरमुज्झितप्रभं सुरैरिवोत्सृष्टमभास्करं दिनम् ।\nनिरीक्ष्य सर्वन्तु विविक्तमात्मवान् मुमोच बाष्पं भरतः सुदुःखितः ॥२-११४-३१॥",
        "index": 31,
        "shloka_num": 31
    },
    {
        "text": "इत्यार्षे श्रीमद्रामायणे वाल्मीकीये आदिकाव्ये अयोध्याकाण्डे अयोध्याप्रवेशः नाम चतुर्दशाधिकशततमः सर्गः ॥२-११४॥",
        "index": 32,
        "shloka_num": null
    }
]