[
    {
        "text": "अथ श्रीमद्वाल्मीकीयरामायणे अयोध्याकाण्डे नन्दिग्रामनिवासः नाम पञ्चदशाधिकशततमः सर्गः ॥२-११५॥",
        "index": 0,
        "shloka_num": null
    },
    {
        "text": "ततो निक्षिप्य मातऽः स अयोध्यायां दृढव्रतः ।\nभरतः शोकसन्तप्तो गुरूनिदमथाब्रवीत् ॥२-११५-१॥",
        "index": 1,
        "shloka_num": 1
    },
    {
        "text": "नन्दिग्रामं गमिष्यामि सर्वानामन्त्रयेऽद्य वः ।\nतत्र दुःखमिदं सर्वं सहिष्ये राघवं विना ॥२-११५-२॥",
        "index": 2,
        "shloka_num": 2
    },
    {
        "text": "गतश्च हि दिवं राजा वनस्थश्च गुरुर्मम ।\nरामं प्रतीक्षे राज्याय स हि राजा महायशाः ॥२-११५-३॥",
        "index": 3,
        "shloka_num": 3
    },
    {
        "text": "एतच्छ्रुत्वा शुभं वाक्यं भरतस्य महात्मनः ।\nअब्रुवन् मन्त्रिणः सर्वे वसिष्ठश्च पुरोहितः ॥२-११५-४॥",
        "index": 4,
        "shloka_num": 4
    },
    {
        "text": "सुभृशं श्लाघनीयं च यदुक्तं भरत त्वया ।\nवचनं भ्रातृवात्सल्यादनुरूपं तवैव तत् ॥२-११५-५॥",
        "index": 5,
        "shloka_num": 5
    },
    {
        "text": "नित्यं ते बन्धुलुब्धस्य तिष्ठतो भ्रातृसौहृदे ।\nआर्यमार्गं प्रपन्नस्य नानुमन्येत कः पुमान् ॥२-११५-६॥",
        "index": 6,
        "shloka_num": 6
    },
    {
        "text": "मन्त्रिणां वचनं श्रुत्वा यथाभिलषितं प्रियम् ।\nअब्रवीत्सारथिं वाक्यं रथो मे युज्यतामिति ॥२-११५-७॥",
        "index": 7,
        "shloka_num": 7
    },
    {
        "text": "प्रहृष्टवदनः सर्वा मातऽः समभिवाद्य सः ।\nआरुरोह रथं श्रीमान् शत्रुघ्नेन समन्वितः ॥२-११५-८॥",
        "index": 8,
        "shloka_num": 8
    },
    {
        "text": "आरुह्य च रथं शीघ्रं शत्रुघ्नभरतावुभौ ।\nययतुः परमप्रीतौ वृतौ मन्त्रिपुरोहितैः ॥२-११५-९॥",
        "index": 9,
        "shloka_num": 9
    },
    {
        "text": "अग्रतो गुरवस्तत्र वसिष्ठप्रमुखा द्विजाः ।\nप्रययुः प्राङ्मुखाः सर्वे नन्दिग्रामो यतोऽभवत् ॥२-११५-१०॥",
        "index": 10,
        "shloka_num": 10
    },
    {
        "text": "बलं च तदनाहूतं गजाश्वरथसङ्कुलम् ।\nप्रययौ भरते याते सर्वे च पुरवासिनः ॥२-११५-११॥",
        "index": 11,
        "shloka_num": 11
    },
    {
        "text": "रथस्थः स हि धर्मात्मा भरतो भ्रातृवत्सलः ।\nनन्दिग्रामं ययौ तूर्णं शिरस्याधाय पादुके ॥२-११५-१२॥",
        "index": 12,
        "shloka_num": 12
    },
    {
        "text": "ततस्तु भरतः क्षिप्रं नन्दिग्रामं प्रविश्य सः ।\nअवतीर्य्य रथात्तूर्णं गुरूनिदमुवाच ह ॥२-११५-१३॥",
        "index": 13,
        "shloka_num": 13
    },
    {
        "text": "एतद्राज्यं मम भ्रात्रा दत्तं संन्यासवत् स्वयम् ।\nयोगक्षेमवहे चेमे पादुके हेमभूषिते ॥२-११५-१४॥",
        "index": 14,
        "shloka_num": 14
    },
    {
        "text": "भरतः शिरसा कृत्वा संन्यासं पादुके ततः ।\nअब्रवीद्दुःखसन्तप्तः सर्वं प्रकृतिमण्डलम् ॥२-११५-१५॥",
        "index": 15,
        "shloka_num": 15
    },
    {
        "text": "छत्रं धारयत क्षिप्रमार्यपादाविमौ मतौ ।\nआभ्यां राज्ये स्थितो धर्मः पादुकाभ्यां गुरोर्मम ॥२-११५-१६॥",
        "index": 16,
        "shloka_num": 16
    },
    {
        "text": "भ्रात्रा हि मयि संन्यासो निक्षिप्तः सौहृदादयम् ।\nतमिमं पालयिष्यामि राघवागमनं प्रति ॥२-११५-१७॥",
        "index": 17,
        "shloka_num": 17
    },
    {
        "text": "क्षिप्रं संयोजयित्वा तु राघवस्य पुनः स्वयम् ।\nचरणौ तौ तु रामस्य द्रक्ष्यामि सहपादुकौ ॥२-११५-१८॥",
        "index": 18,
        "shloka_num": 18
    },
    {
        "text": "ततो निक्षिप्तभारोऽहं राघवेण समागतः ।\nनिवेद्य गुरवे राज्यं भजिष्ये गुरुवृत्तिताम् ॥२-११५-१९॥",
        "index": 19,
        "shloka_num": 19
    },
    {
        "text": "राघवाय च संन्यासं दत्त्वे मे वरपादुके ।\nराज्यं चेदमयोध्यां च धूतपापो भवामि च ॥२-११५-२०॥",
        "index": 20,
        "shloka_num": 20
    },
    {
        "text": "अभिषिक्ते तु काकुत्स्थे प्रहृष्टमुदिते जने ।\nप्रीतिर्मम यशश्चैव भवेद्राज्याच्चतुर्गुणम् ॥२-११५-२१॥",
        "index": 21,
        "shloka_num": 21
    },
    {
        "text": "एवं तु विलपन् दीनो भरतः स महायशाः ।\nनन्दिग्रामेऽकरोद्राज्यं दुःखितो मन्त्रिभिः सह ॥२-११५-२२॥",
        "index": 22,
        "shloka_num": 22
    },
    {
        "text": "स वल्कलजटाधारी मुनिवेषधरः प्रभुः ।\nनन्दिग्रामेऽवसद्वीरः ससैन्यो भरतस्तदा ॥२-११५-२३॥",
        "index": 23,
        "shloka_num": 23
    },
    {
        "text": "रामागमनमाकाङ्क्षन् भरतो भ्रातृवत्सलः ।\nभ्रातुर्वचनकारी च प्रतिज्ञापारगस्तथा ॥२-११५-२४॥",
        "index": 24,
        "shloka_num": 24
    },
    {
        "text": "पादुके त्वभिषिच्याथ नन्द्रिग्रामेऽवसत्तदा ।\nभरतः शासनं सर्वं पादुकाभ्यां न्यवेदयत् ॥२-११५-२५॥",
        "index": 25,
        "shloka_num": 25
    },
    {
        "text": "ततस्तु भरतः श्रीमानभिषिच्यार्य्यपादुके ।\nतदधीनस्तदा राज्यं कारयामास सर्वदा ॥२-११५-२६॥",
        "index": 26,
        "shloka_num": 26
    },
    {
        "text": "तदा हि यत्कार्य्यमुपैति किञ्चिदुपायनं चोपहृतं महार्हम् ।\nस पादुकाभ्यां प्रथमं निवेद्य चकार पश्चाद्भरतो यथावत् ॥२-११५-२७॥",
        "index": 27,
        "shloka_num": 27
    },
    {
        "text": "इत्यार्षे श्रीमद्रामायणे वाल्मीकीये आदिकाव्ये अयोध्याकाण्डे नन्दिग्रामनिवासः नाम पञ्चदशाधिकशततमः सर्गः ॥२-११५॥",
        "index": 28,
        "shloka_num": null
    }
]