[
    {
        "text": "अथ श्रीमद्वाल्मीकीयरामायणे अयोध्याकाण्डे खरविप्रकरणकथनम् नाम षोडशाधिकशततमः सर्गः ॥२-११६॥",
        "index": 0,
        "shloka_num": null
    },
    {
        "text": "प्रतिप्रयाते भरते वसन् रामस्तपोवने ।\nलक्षयामास सोद्वेगमथौत्सुक्यं तपस्विनाम् ॥२-११६-१॥",
        "index": 1,
        "shloka_num": 1
    },
    {
        "text": "ये तत्र चित्रकूटस्य पुरस्तात्तापसाश्रमे ।\nराममाश्रित्य निरतास्तानलक्षयदुत्सुकान् ॥२-११६-२॥",
        "index": 2,
        "shloka_num": 2
    },
    {
        "text": "नयनैर्भुकुटीभिश्च रामं निर्दिश्य शङ्किताः ।\nअन्योन्यमुपजल्पन्तः शनैश्चक्रुर्मिथः कथाः ॥२-११६-३॥",
        "index": 3,
        "shloka_num": 3
    },
    {
        "text": "तेषामौत्सुक्यमालक्ष्य रामस्त्वात्मनि शङ्कितः ।\nकृताञ्जलिरुवाचेदमृषिं कुलपतिं ततः ॥२-११६-४॥",
        "index": 4,
        "shloka_num": 4
    },
    {
        "text": "न कच्चिद्भगवन् किञ्चित्पूर्ववृत्तमिदं मयि ।\nदृश्यते विकृतं येन विक्रियन्ते तपस्विनः ॥२-११६-५॥",
        "index": 5,
        "shloka_num": 5
    },
    {
        "text": "प्रमादाच्चरितं कच्चित्किञ्चिन्नावरजस्य मे ।\nलक्ष्मणस्यर्षिभिर्दृष्टं नानुरूपमिवात्मनः ॥२-११६-६॥",
        "index": 6,
        "shloka_num": 6
    },
    {
        "text": "कच्चिच्छुश्रूषमाणा वः शुश्रूषणपरा मयि ।\nप्रममादाभ्युचितां वृत्तिं सीता युक्तं न वर्तते ॥२-११६-७॥",
        "index": 7,
        "shloka_num": 7
    },
    {
        "text": "अथर्षिर्जरया वृद्धस्तपसा च जरां गतः ।\nवेपमान इवोवाच रामं भूतदयापरम् ॥२-११६-८॥",
        "index": 8,
        "shloka_num": 8
    },
    {
        "text": "कुतः कल्याणसत्त्वायाः कल्याणाभिरतेस्तथा ।\nचलनं तात वैदेह्यास्तपस्विषु विशेषतः ॥२-११६-९॥",
        "index": 9,
        "shloka_num": 9
    },
    {
        "text": "त्वन्निमित्तमिदं तावत्तापसान् प्रति वर्तते ।\nरक्षोभ्यस्तेन संविग्नाः कथयन्ति मिथः कथाः ॥२-११६-१०॥",
        "index": 10,
        "shloka_num": 10
    },
    {
        "text": "रावणावरजः कश्चित् खरो नामेह राक्षसः ।\nउत्पाट्य तापसान् सर्वान् जनस्थाननिकेतनान् ॥२-११६-११॥",
        "index": 11,
        "shloka_num": 11
    },
    {
        "text": "धृष्टश्च जितकाशीं च नृशंसः पुरुषादकः ।\nअवलिप्तश्च पापश्च त्वां च तात न मृष्यते ॥२-११६-१२॥",
        "index": 12,
        "shloka_num": 12
    },
    {
        "text": "त्वं यदाप्रभृति ह्यस्मिन्नाश्रमे तात वर्तसे ।\nतदाप्रभृति रक्षांसि विप्रकुर्वन्ति तापसान् ॥२-११६-१३॥",
        "index": 13,
        "shloka_num": 13
    },
    {
        "text": "दर्शयन्ति हि बीभत्सैः क्रूरैर्भीषणकैरपि ।\nनानारूपैर्विरूपैश्च रूपैर्विकृतदर्शनैः ॥२-११६-१४॥",
        "index": 14,
        "shloka_num": 14
    },
    {
        "text": "अप्रशस्तैरशुचिभिः सम्प्रयोज्य च तापसान् ।\nप्रतिघ्नन्त्यपरान् क्षिप्रमनार्य्याः पुरतः स्थिताः ॥२-११६-१५॥",
        "index": 15,
        "shloka_num": 15
    },
    {
        "text": "तेषु तेष्वाश्रमस्थानेष्वबुद्धमवलीय च ।\nरमन्ते तापसांस्तत्र नाशयन्तोऽल्पयेतसः ॥२-११६-१६॥",
        "index": 16,
        "shloka_num": 16
    },
    {
        "text": "अपक्षिपन्ति स्रुग्भाण्डानग्नीन् सिञ्चन्ति वारिणा ।\nकलशांश्च प्रमृद्नन्ति हवने समुपस्थिते ॥२-११६-१७॥",
        "index": 17,
        "shloka_num": 17
    },
    {
        "text": "तैर्दुरात्मभिरामृष्टानाश्रमान् प्रजिहासवः ।\nगमनायान्यदेशस्य चोदयन्त्यृषयोऽद्य माम् ॥२-११६-१८॥",
        "index": 18,
        "shloka_num": 18
    },
    {
        "text": "तत्पुरा राम शारीरीमुपहिंसां तपस्विषु ।\nदर्शयन्ति हि दुष्टास्ते त्यक्ष्याम इममाश्रमम् ॥२-११६-१९॥",
        "index": 19,
        "shloka_num": 19
    },
    {
        "text": "बहुमूलफलं चित्रमविदूरादितो वनम् ।\nपुराणाश्रममेवाहं श्रयिष्ये सगणः पुनः ॥२-११६-२०॥",
        "index": 20,
        "shloka_num": 20
    },
    {
        "text": "खरस्त्वय्यपि चायुक्तं पुरा तात प्रवर्त्तते ।\nसहास्माभिरितो गच्छ यदि बुद्धिः प्रवर्त्तते ॥२-११६-२१॥",
        "index": 21,
        "shloka_num": 21
    },
    {
        "text": "सकलत्रस्य सन्देहो नित्यं यत्तस्य राघव ।\nसमर्थस्यापि वसतो वासो दुःखमिहाद्य ते ॥२-११६-२२॥",
        "index": 22,
        "shloka_num": 22
    },
    {
        "text": "इत्युक्तवन्तं रामस्तं राजपुत्रस्तपस्विनम् ।\nन शशाकोत्तरैर्वाक्यैरवरोद्धुं समुत्सुकः ॥२-११६-२३॥",
        "index": 23,
        "shloka_num": 23
    },
    {
        "text": "अभिनन्द्य समापृच्छ्य समाधाय च राघवम् ।\nस जगामाश्रमं त्यक्त्वा कुलैः कुलपतिः सह ॥२-११६-२४॥",
        "index": 24,
        "shloka_num": 24
    },
    {
        "text": "रामः संसाध्य त्वृषिगणमनुगमनाद्देशात्तस्मात् कुलपतिमभिवाद्य ऋषिम् ।\nसम्यक्प्रीतैस्तैरनुमत उपदिष्टार्थः पुण्यं वासाय स्वनिलयमुपसम्पेदे ॥२-११६-२५॥",
        "index": 25,
        "shloka_num": 25
    },
    {
        "text": "आश्रमं त्वृषिविरहितं प्रभुः क्षणमपि न विजहौ स राघवः ।\nराघवं हि सततमनुगतास्तापसाश्चार्षचरितधृतगुणाः ॥२-११६-२६॥",
        "index": 26,
        "shloka_num": 26
    },
    {
        "text": "इत्यार्षे श्रीमद्रामायणे वाल्मीकीये आदिकाव्ये अयोध्याकाण्डे खरविप्रकरणकथनम् नाम षोडशाधिकशततमः सर्गः ॥२-११६॥",
        "index": 27,
        "shloka_num": null
    }
]