[
    {
        "text": "अथ श्रीमद्वाल्मीकीयरामायणे अयोध्याकाण्डे सीतापातिव्रत्यप्रशंसा नाम सप्तदशाधिकशततमः सर्गः ॥२-११७॥",
        "index": 0,
        "shloka_num": null
    },
    {
        "text": "राघवस्त्वथ यातेषु तपस्विषु विचिन्तयन् ।\nन तत्रारोचयद्वासं कारणैर्बहुभिस्तदा ॥२-११७-१॥",
        "index": 1,
        "shloka_num": 1
    },
    {
        "text": "इह मे भरतो दृष्टो मातरश्च सनागराः ।\nसा च मे स्मृतिरन्वेति तान्नित्यमनुशोचतः ॥२-११७-२॥",
        "index": 2,
        "shloka_num": 2
    },
    {
        "text": "स्कन्धावारनिवेशेन तेन तस्य महात्मनः ।\nहयहस्तिकरीषैश्च उपमर्द्दः कृतो भृशम् ॥२-११७-३॥",
        "index": 3,
        "shloka_num": 3
    },
    {
        "text": "तस्मादन्यत्र गच्छाम इति सञ्चिन्त्य राघवः ।\nप्रातिष्ठत स वैदेह्या लक्ष्मणेन च सङ्गतः ॥२-११७-४॥",
        "index": 4,
        "shloka_num": 4
    },
    {
        "text": "सोऽत्रेराश्रममासाद्य तं ववन्दे महायशाः ।\nतं चापि भगवानत्रिः पुत्रवत् प्रत्यपद्यत ॥२-११७-५॥",
        "index": 5,
        "shloka_num": 5
    },
    {
        "text": "स्वयमातिथ्यमादिश्य सर्वमस्य सुसत्कृतम् ।\nसौमित्रिं च महाभागां सीतां च समसान्त्वयत् ॥२-११७-६॥",
        "index": 6,
        "shloka_num": 6
    },
    {
        "text": "पत्नीं च समनुप्राप्तां वृद्धामामन्त्र्य सत्कृताम् ।\nसान्त्वयामास धर्मज्ञः सर्वभूतहिते रतः ॥२-११७-७॥",
        "index": 7,
        "shloka_num": 7
    },
    {
        "text": "अनसूयां महाभागां तापसीं धर्मचारिणीम् ।\nप्रतिगृह्णीष्व वैदेहीमब्रवीदृषिसत्तमः ।\nरामाय चाचचक्षे तां तापसीं धर्मचारिणीम् ॥२-११७-८॥",
        "index": 8,
        "shloka_num": 8
    },
    {
        "text": "दशवर्षाण्यनावृष्ट्या दग्धे लोके निरन्तरम् ।\nयया मूलफले सृष्टे जाह्नवी च प्रवर्त्तिता ॥२-११७-९॥",
        "index": 9,
        "shloka_num": 9
    },
    {
        "text": "उग्रेण तपसा युक्ता नियमैश्चाप्यलङ्कृता ।\nदशवर्षसहस्राणि यया तप्तं महत्तपः ॥२-११७-१०॥",
        "index": 10,
        "shloka_num": 10
    },
    {
        "text": "अनसूया व्रतैः स्नाता प्रत्यूहाश्च निवर्त्तिताः ।\nदेवकार्यनिमित्तं च यया संत्वरमाणया ।\nदशरात्रं कृता रात्रिः सेयं मातेव तेऽनघ ॥२-११७-११॥",
        "index": 11,
        "shloka_num": 11
    },
    {
        "text": "तामिमां सर्वभूतानां नमस्कार्य्यां यशस्विनीम् ।\nअभिगच्छतु वैदेही वृद्धामक्रोधनां सदा ।\nअनसूयेति या लोके कर्मभिः ख्यातिमागता ॥२-११७-१२॥",
        "index": 12,
        "shloka_num": 12
    },
    {
        "text": "एवं ब्रुवाणं तमृषिं तथेत्युक्त्वा स राघवः ।\nसीतामुवाच धर्मज्ञामिदं वचनमुत्तमम् ॥२-११७-१३॥",
        "index": 13,
        "shloka_num": 13
    },
    {
        "text": "राजपुत्रि श्रुतं त्वेतन्मुनेरस्य समीरितम् ।\nश्रेयोर्थमात्मनः श्रीघ्रमभिगच्छ तपस्विनीम् ॥२-११७-१४॥",
        "index": 14,
        "shloka_num": 14
    },
    {
        "text": "सीता त्वेतद्वचः श्रुत्वा राघवस्य हितैषिणः ।\nतामत्रिपत्नीं धर्मज्ञामभिचक्राम मैथिली ॥२-११७-१५॥",
        "index": 15,
        "shloka_num": 15
    },
    {
        "text": "शिथिलां वलितां वृद्धां जरापाण्डरमूर्द्धजाम् ।\nसततं वेपमानाङ्गी प्रवाते कदली यथा ॥२-११७-१६॥",
        "index": 16,
        "shloka_num": 16
    },
    {
        "text": "तां तु सीता महाभागामनसूयां पतिव्रताम् ।\nअभ्यवादयदव्यग्रा स्वनाम समुदाहरत् ॥२-११७-१७॥",
        "index": 17,
        "shloka_num": 17
    },
    {
        "text": "अभिवाद्य च वैदेही तापसीं तामनिन्दिताम् ।\nबद्धाञ्जलिपुटा हृष्टा पर्यपृच्छदनामयम् ॥२-११७-१८॥",
        "index": 18,
        "shloka_num": 18
    },
    {
        "text": "ततः सीतां महाभागां दृष्ट्वा तां धर्मचारिणीम् ।\nसान्त्वयन्त्यब्रवीद्धृष्टा दिष्ट्या धर्ममवेक्षसे ॥२-११७-१९॥",
        "index": 19,
        "shloka_num": 19
    },
    {
        "text": "त्यक्त्वा ज्ञातिजनं सीते मानमृद्धिं च भामिनि ।\nअवरुद्धं वने रामं दिष्ट्या त्वमनुगच्छसि ॥२-११७-२०॥",
        "index": 20,
        "shloka_num": 20
    },
    {
        "text": "नगरस्थो वनस्थो वा पापो वा यदि वा शुभः ।\nयासां स्त्रीणां प्रियो भर्ता तासां लोका महोदयाः ॥२-११७-२१॥",
        "index": 21,
        "shloka_num": 21
    },
    {
        "text": "दुःशीलः कामवृत्तो वा धनैवा परिवर्जितः ।\nस्त्रीणामार्यस्वभावानां परमं दैवतं पतिः ॥२-११७-२२॥",
        "index": 22,
        "shloka_num": 22
    },
    {
        "text": "नातो विशिष्टं पश्यामि बान्धवं विमृशन्त्यहम् ।\nसर्वत्रयोग्यं वैदेहि तपःकृतमिवाव्ययम् ॥२-११७-२३॥",
        "index": 23,
        "shloka_num": 23
    },
    {
        "text": "न त्वेनमवगच्छन्ति गुणदोषमसत्स्त्रियः ।\nकामवक्तव्यहृदया भर्तृनाथा श्चरन्ति याः ॥२-११७-२४॥",
        "index": 24,
        "shloka_num": 24
    },
    {
        "text": "प्राप्नुवन्त्ययशश्चैव धर्मभ्रंशं च मैथिलि ।\nअकार्यवशमापन्नाः स्त्रियो याः खलु तद्विधाः ॥२-११७-२५॥",
        "index": 25,
        "shloka_num": 25
    },
    {
        "text": "त्वद्विधास्तु गुणैर्युक्ता दृष्टलोकपरावराः ।\nस्त्रियः स्वग चरिष्यन्ति यथा धर्मकृतस्तथा ॥२-११७-२६॥",
        "index": 26,
        "shloka_num": 26
    },
    {
        "text": "तदेवमेनं त्वमनुव्रता सती पतिव्रतानां समयानुवर्तिनी ।\nभवस्व भर्त्तुः सहधर्मचारिणी यशश्च धर्मं च ततः समाप्स्यसि ॥२-११७-२७॥",
        "index": 27,
        "shloka_num": 27
    },
    {
        "text": "इत्यार्षे श्रीमद्रामायणे वाल्मीकीये आदिकाव्ये अयोध्याकाण्डे सीतापातिव्रत्यप्रशंसा नाम सप्तदशाधिकशततमः सर्गः ॥२-११७॥",
        "index": 28,
        "shloka_num": null
    }
]