[
    {
        "text": "अथ श्रीमद्वाल्मीकीयरामायणे अयोध्याकाण्डे दिव्यालङ्कारग्रहणम् नाम अष्टादशाधिकशततमः सर्गः ॥२-११८॥",
        "index": 0,
        "shloka_num": null
    },
    {
        "text": "सा त्वेवमुक्ता वैदेही त्वनसूयाऽनसूयया ।\nप्रतिपूज्य वचो मन्दं प्रवक्तुमुपचक्रमे ॥२-११८-१॥",
        "index": 1,
        "shloka_num": 1
    },
    {
        "text": "नैतदाश्चर्य्यमार्याया यन्मां त्वमनुभाषसे ।\nविदितं तु ममाप्येतद्यथा नार्य्याः पतिर्गुरुः ॥२-११८-२॥",
        "index": 2,
        "shloka_num": 2
    },
    {
        "text": "यद्यप्येष भवेद्भर्ता ममार्ये वृत्तवर्जितः ।\nअद्वैधमुपचर्तव्यस्तथाप्येष मया भवेत् ॥२-११८-३॥",
        "index": 3,
        "shloka_num": 3
    },
    {
        "text": "किं पुनर्यो गुणः श्लाघ्यः सानुक्रोशो जितेन्द्रियः ।\nस्थिरानुरागो धर्मात्मा मातृवत्पितृवत्प्रियः ॥२-११८-४॥",
        "index": 4,
        "shloka_num": 4
    },
    {
        "text": "यां वृत्तिं वर्त्तते रामः कौसल्यायां महाबलः ।\nतामेव नृपनारीणामन्यासामपि वर्त्तते ॥२-११८-५॥",
        "index": 5,
        "shloka_num": 5
    },
    {
        "text": "सकृद्दृष्टास्वपि स्त्रीषु नृपेण नृपवत्सलः ।\nमातृवद्वर्त्तते वीरो मानमुत्सृज्य धर्मवित् ॥२-११८-६॥",
        "index": 6,
        "shloka_num": 6
    },
    {
        "text": "आगच्छन्त्याश्च विजनं वनमेवं भयावहम् ।\nसमाहितं मे श्वश्र्वा च हृदये तद्धृतं महत् ॥२-११८-७॥",
        "index": 7,
        "shloka_num": 7
    },
    {
        "text": "पाणिप्रदानकाले च यत्पुरा त्वग्निसन्निधौ ।\nअनुशिष्टा जनन्याऽस्मि वाक्यं तदपि मे धृतम् ॥२-११८-८॥",
        "index": 8,
        "shloka_num": 8
    },
    {
        "text": "नवीकृतं च तत्सर्वं वाक्यैस्ते धर्मचारिणि ।\nपतिशुश्रूषणान्नार्य्यास्तपो नान्यद्विधीयते ॥२-११८-९॥",
        "index": 9,
        "shloka_num": 9
    },
    {
        "text": "सावित्री पतिशुश्रूषां कृत्वा स्वर्गे महीयते ।\nतथावृत्तिश्च याता त्वं पतिशुश्रूषया दिवम् ॥२-११८-१०॥",
        "index": 10,
        "shloka_num": 10
    },
    {
        "text": "वरिष्ठा सर्वनारीणामेषा च दिवि देवता ।\nरोहिणी न विना चन्द्रं मुहूर्त्तमपि दृश्यते ॥२-११८-११॥",
        "index": 11,
        "shloka_num": 11
    },
    {
        "text": "एवंविधाश्च प्रवराः स्त्रियो भर्तृदृढव्रताः ।\nदेवलोके महीयन्ते पुण्येन स्वेन कर्मणा ॥२-११८-१२॥",
        "index": 12,
        "shloka_num": 12
    },
    {
        "text": "ततोऽनसूया संहृष्टा श्रुत्वोक्तं सीतया वचः ।\nशिरस्याघ्राय चोवाच मैथिलीं हर्षयन्त्युत ॥२-११८-१३॥",
        "index": 13,
        "shloka_num": 13
    },
    {
        "text": "नियमैर्विविधैराप्तं तपो हि महदस्ति मे ।\nतत्संश्रित्य बलं सीते छन्दये त्वां शुचिस्मिते ॥२-११८-१४॥",
        "index": 14,
        "shloka_num": 14
    },
    {
        "text": "उपपन्नं मनोज्ञं च वचनं तव मैथिलि ।\nप्रीता चास्म्युचितं किं ते करवाणि ब्रवीहि मे ॥२-११८-१५॥",
        "index": 15,
        "shloka_num": 15
    },
    {
        "text": "तस्यास्तद्वचनं श्रुत्वा विस्मिता मन्दविस्मया कृतमित्यब्रवीत्सीता तपोबलसमन्विताम् ॥२-११८-१६॥",
        "index": 16,
        "shloka_num": 16
    },
    {
        "text": "सा त्वेवमुक्ता धर्मज्ञा तया प्रीततराऽभवत् ।\nसफलं च प्रहर्षं ते हन्त सीते करोम्यहम् ॥२-११८-१७॥",
        "index": 17,
        "shloka_num": 17
    },
    {
        "text": "इदं दिव्यं वरं माल्यं वस्त्रमाभरणानि च ।\nअङ्गरागं च वैदेहि महार्हं चानुलेपनम् ॥२-११८-१८॥",
        "index": 18,
        "shloka_num": 18
    },
    {
        "text": "मया दत्तमिदं सीते तव गात्राणि शोभयेत् ।\nअनुरूपमसंक्लिष्टं नित्यमेव भविष्यति ॥२-११८-१९॥",
        "index": 19,
        "shloka_num": 19
    },
    {
        "text": "अङ्गरागेण दिव्येन लिप्ताङ्गी जनकात्मजे ।\nशोभयिष्यसि भर्त्तारं यथा श्रीविष्णुमव्ययम् ॥२-११८-२०॥",
        "index": 20,
        "shloka_num": 20
    },
    {
        "text": "सा वस्त्रमङ्गरागं च भूषणानि स्रजस्तथा ।\nमैथिली प्रतिजग्राह प्रीतिदानमनुत्तमम् ॥२-११८-२१॥",
        "index": 21,
        "shloka_num": 21
    },
    {
        "text": "प्रतिगृह्य च तत् सीता प्रीतिदानं यशस्विनी ।\nश्लिष्टाञ्जलिपुटा तत्र समुपास्त तपोधनाम् ॥२-११८-२२॥",
        "index": 22,
        "shloka_num": 22
    },
    {
        "text": "तथा सीतासुपासीनामनसूया दृढव्रता ।\nवचनं प्रष्टुमारेभे काञ्चित् प्रियकथामनु ॥२-११८-२३॥",
        "index": 23,
        "shloka_num": 23
    },
    {
        "text": "स्वयंवरे किल प्राप्ता त्वमनेन यशस्विना ।\nराघवेणेति मे सीते कथा श्रुतिमुपागता ॥२-११८-२४॥",
        "index": 24,
        "shloka_num": 24
    },
    {
        "text": "तां कथां श्रोतुमिच्छामि विस्तरेण च मैथिलि ।\nयथानुभूतं कार्त्स्न्येन तन्मे त्वं वक्तुमर्हसि ॥२-११८-२५॥",
        "index": 25,
        "shloka_num": 25
    },
    {
        "text": "एवमुक्ता तु सा सीता तां ततो धर्मचारिणीम् ।\nश्रूयतामिति चोक्त्वा वै कथयामास तां कथाम् ॥२-११८-२६॥",
        "index": 26,
        "shloka_num": 26
    },
    {
        "text": "मिथिलाधिपतिर्वीरो जनको नाम धर्मवित् ।\nक्षत्रधर्मे ह्यभिरतो न्यायतः शास्ति मेदिनीम् ॥२-११८-२७॥",
        "index": 27,
        "shloka_num": 27
    },
    {
        "text": "तस्य लाङ्गलहस्तस्य कर्षतः क्षेत्रमण्डलम् ।\nअहं किलोत्थिता भित्त्वा जगतीं नृपतेः सुता ॥२-११८-२८॥",
        "index": 28,
        "shloka_num": 28
    },
    {
        "text": "स मां दृष्ट्वा नरपतिर्मुष्टिविक्षेपतत्परः ।\nपांसुकुण्ठितसर्वाङ्गीं जनको विस्मितोऽभवत् ॥२-११८-२९॥",
        "index": 29,
        "shloka_num": 29
    },
    {
        "text": "अनपत्येन च स्नेहादङ्कमारोप्य च स्वयम् ।\nममेयं तनयेत्युक्त्वा स्नेहो मयि निपातितः ॥२-११८-३०॥",
        "index": 30,
        "shloka_num": 30
    },
    {
        "text": "अन्तरिक्षे च वागुक्ता प्रति माऽमानुषी किल ।\nएवमेतन्नरपते धर्मेण तनया तव ॥२-११८-३१॥",
        "index": 31,
        "shloka_num": 31
    },
    {
        "text": "ततः प्रहृष्टो धर्मात्मा पिता मे मिथिलाधिपः ।\nअवाप्तो विपुलामृद्धिं मामवाप्य नराधिपः ॥२-११८-३२॥",
        "index": 32,
        "shloka_num": 32
    },
    {
        "text": "दत्ता चास्मीष्टवद्देव्यै ज्येष्ठायै पुण्यकर्मणा ।\nतया सम्भाविता चास्मि स्निग्धया मातृसौहृदात् ॥२-११८-३३॥",
        "index": 33,
        "shloka_num": 33
    },
    {
        "text": "पतिसंयोगसुलभं वयो दृष्ट्वा तु मे पिता ।\nचिन्तामभ्यगमद्दीनो वित्तनाशादिवाधनः ॥२-११८-३४॥",
        "index": 34,
        "shloka_num": 34
    },
    {
        "text": "सदृशाच्चापकृष्टाच्च लोके कन्यापिता जनात् ।\nप्रधर्षणमवाप्नोति शक्रेणापि समो भुवि ॥२-११८-३५॥",
        "index": 35,
        "shloka_num": 35
    },
    {
        "text": "तां धर्षणामदूरस्थां दृष्ट्वा चात्मनि पार्थिवः ।\nचिन्तार्णवगतः पारं नाससादाप्लवो यथा ॥२-११८-३६॥",
        "index": 36,
        "shloka_num": 36
    },
    {
        "text": "अयोनिजां हि मां ज्ञात्वा नाध्यगच्छद्विचिन्तयन् ।\nसदृशं चानुरूपं च महीपालः पतिं मम ॥२-११८-३७॥",
        "index": 37,
        "shloka_num": 37
    },
    {
        "text": "तस्य बुद्धिरियं जाता चिन्तयानस्य सन्ततम् ।\nस्वयं वरं तनूजायाः करिष्यामीति धीमतः ॥२-११८-३८॥",
        "index": 38,
        "shloka_num": 38
    },
    {
        "text": "महायज्ञे तदा तस्य वरुणेन महात्मना ।\nदत्तं धनुर्वरं प्रीत्या तूणी चाक्षयसायकौ ॥२-११८-३९॥",
        "index": 39,
        "shloka_num": 39
    },
    {
        "text": "असञ्चाल्यं मनुष्यैश्च यत्नेनापि च गौरवात् ।\nतन्न शक्ता नमयितुं स्वप्नेष्वपि नराधिपाः ॥२-११८-४०॥",
        "index": 40,
        "shloka_num": 40
    },
    {
        "text": "तद्धनुः प्राप्य मे पित्रा व्याहृतं सत्यवादिना ।\nसमवाये नरेन्द्राणां पूर्वमामन्त्र्य पार्थिवान् ॥२-११८-४१॥",
        "index": 41,
        "shloka_num": 41
    },
    {
        "text": "इदं च धनुरुद्यम्य सज्यं यः कुरुते नरः ।\nतस्य मे दुहिता भार्या भविष्यति न संशयः ॥२-११८-४२॥",
        "index": 42,
        "shloka_num": 42
    },
    {
        "text": "तच्च दृष्ट्वा धनुः श्रेष्ठं गौरवाद्गिरिसन्निभम् ।\nअभिवाद्य नृपा जग्मुरशक्तास्तस्य तोलने ॥२-११८-४३॥",
        "index": 43,
        "shloka_num": 43
    },
    {
        "text": "सुदीर्घस्य तु कालस्य राघवोऽयं महाद्युतिः ।\nविश्वामित्रेण सहितो यज्ञं द्रष्टुं समागतः ।\nलक्ष्मणेन सह भ्रात्रा रामः सत्यपराक्रमः ॥२-११८-४४॥",
        "index": 44,
        "shloka_num": 44
    },
    {
        "text": "विश्वामित्रस्तु धर्मात्मा मम पित्रा सुपूजितः ।\nप्रोवाच पितरं तत्र भ्रातरौ रामलक्ष्मणौ ॥२-११८-४५॥",
        "index": 45,
        "shloka_num": 45
    },
    {
        "text": "सुतौ दशरथस्येमौ धनुर्दर्शनकांक्षिणौ ।\nधनुर्दर्शय रामाय राजपुत्राय दैविकम् ॥२-११८-४६॥",
        "index": 46,
        "shloka_num": 46
    },
    {
        "text": "इत्युक्तस्तेन विप्रेण तद्धनुः समुपानयत् ।\nनिमेषान्तरमात्रेण तदानम्य स वीर्य्यवान् ॥२-११८-४७॥",
        "index": 47,
        "shloka_num": 47
    },
    {
        "text": "ज्यां समारोप्य झटिति पूरयामास वीर्यवत् ॥२-११८-४८॥",
        "index": 48,
        "shloka_num": 48
    },
    {
        "text": "तेन पूरयता वेगान्मध्ये भग्नं द्विधा धनुः ।\nतस्य शब्दोऽभवद्भीमः पतितस्याशनेरिव ॥२-११८-४९॥",
        "index": 49,
        "shloka_num": 49
    },
    {
        "text": "ततोऽहं तत्र रामाय पित्रा सत्याभिसन्धिना ।\nनिश्चिता दातुमुद्यम्य जलभाजनमुत्तमम् ॥२-११८-५०॥",
        "index": 50,
        "shloka_num": 50
    },
    {
        "text": "दीयमानां न तु तदा प्रतिजग्राह राघवः ।\nअविज्ञाय पितुश्छन्दमयोध्याधिपतेः प्रभोः ॥२-११८-५१॥",
        "index": 51,
        "shloka_num": 51
    },
    {
        "text": "ततः श्वशुरमामन्त्र्य वृद्धं दशरथं नृपम् ।\nमम पित्रा त्वहं दत्ता रामाय विदितात्मने ॥२-११८-५२॥",
        "index": 52,
        "shloka_num": 52
    },
    {
        "text": "मम चैवानुजा साध्वी ऊर्मिला प्रियदर्शना ।\nभार्य्यार्थे लक्ष्मणस्यापि दत्ता पित्रा मम स्वयम् ॥२-११८-५३॥",
        "index": 53,
        "shloka_num": 53
    },
    {
        "text": "एवं दत्तास्मि रामाय तदा तस्मिन् स्वयम्वरे ।\nअनुरक्तास्मि धर्मेण पतिं वीर्यवतां वरम् ॥२-११८-५४॥",
        "index": 54,
        "shloka_num": 54
    },
    {
        "text": "इत्यार्षे श्रीमद्रामायणे वाल्मीकीये आदिकाव्ये अयोध्याकाण्डे दिव्यालङ्कारग्रहणम् नाम अष्टादशाधिकशततमः सर्गः ॥२-११८॥",
        "index": 55,
        "shloka_num": null
    }
]