[
    {
        "text": "अथ श्रीमद्वाल्मीकीयरामायणे अयोध्याकाण्डे कौसल्याक्रन्दः नाम विंशः सर्गः ॥२-२०॥",
        "index": 0,
        "shloka_num": null
    },
    {
        "text": "तस्मिंस्तु पुरुषव्याघ्रे निष्क्रामति कृताञ्जलौ ।\nआर्तशब्दो महान् जज्ञे स्त्रीणामन्तःपुरे तदा ॥२-२०-१॥",
        "index": 1,
        "shloka_num": 1
    },
    {
        "text": "कृत्येष्वचोदितः पित्रा सर्वस्यान्तःपुरस्य च ।\nगतिश्च शरणं चासीत् स रामोऽद्य प्रवत्स्यति ॥२-२०-२॥",
        "index": 2,
        "shloka_num": 2
    },
    {
        "text": "कौसल्यायां यथा युक्तो जनन्यां वर्तते सदा ।\nतथैव वर्ततेऽस्मासु जन्मप्रभृति राघवः ॥२-२०-३॥",
        "index": 3,
        "shloka_num": 3
    },
    {
        "text": "न क्रुध्यत्यभिशप्तोऽपि क्रोधनीयानि वर्जयन् ।\nक्रुद्धान् प्रसादयन् सर्वान् स इतोऽद्य प्रवत्स्यति ॥२-२०-४॥",
        "index": 4,
        "shloka_num": 4
    },
    {
        "text": "अबुद्धिर्बत नो राजा जीवलोकं चरत्ययम् ।\nयो गतिं सर्वभूतानां परित्यजति राघवम् ॥२-२०-५॥",
        "index": 5,
        "shloka_num": 5
    },
    {
        "text": "इति सर्वा महिष्यस्ता विवत्सा इव धेनवः ।\nपतिमाचुक्रुशुश्चापि सस्वनं चापि चुक्रुशुः ॥२-२०-६॥",
        "index": 6,
        "shloka_num": 6
    },
    {
        "text": "स हि चान्तःपुरे घोरमार्तशब्दं महीपतिः ।\nपुत्रशोकाभिसंतप्तः श्रुत्वा व्यालीयतासने ॥२-२०-७॥",
        "index": 7,
        "shloka_num": 7
    },
    {
        "text": "रामस्तु भृशमायस्तो निःश्वसन्निव कुञ्जरः ।\nजगाम सहितो भ्रात्रा मातुरन्तःपुरं वशी ॥२-२०-८॥",
        "index": 8,
        "shloka_num": 8
    },
    {
        "text": "सोऽपश्यत् पुरुषं तत्र वृद्धं परमपूजितम् ।\nउपविष्टं गृहद्वारि तिष्ठतश्चापरान् बहून् ॥२-२०-९॥",
        "index": 9,
        "shloka_num": 9
    },
    {
        "text": "दृष्ट्वैव तु तदा रामं ते सर्वे समुपस्थिताः ।\nजयेन जयतां श्रेष्ठं वर्धयन्ति स्म राघवम् ॥२-२०-१०॥",
        "index": 10,
        "shloka_num": 10
    },
    {
        "text": "प्रविश्य प्रथमां कक्ष्यां द्वितीयायां ददर्श सः ।\nब्राह्मणान् वेदसम्पन्नान् वृद्धान् राज्ञाभिसत्कृतान् ॥२-२०-११॥",
        "index": 11,
        "shloka_num": 11
    },
    {
        "text": "प्रणम्य रामस्तान् वृद्धांस्तृतीयायां ददर्श सः ।\nस्त्रियो बालाश्च वृद्धाश्च द्वाररक्षणतत्पराः ॥२-२०-१२॥",
        "index": 12,
        "shloka_num": 12
    },
    {
        "text": "वर्धयित्वा प्रहृष्टास्ताः प्रविश्य च गृहं स्त्रियः ।\nन्यवेदयन्त त्वरितं राममातुः प्रियं तदा ॥२-२०-१३॥",
        "index": 13,
        "shloka_num": 13
    },
    {
        "text": "कौसल्यापि तदा देवी रात्रिं स्थित्वा समाहिता ।\nप्रभाते चाकरोत् पूजां विष्णोः पुत्रहितैषिणी ॥२-२०-१४॥",
        "index": 14,
        "shloka_num": 14
    },
    {
        "text": "सा क्षौमवसना हृष्टा नित्यं व्रतपरायणा ।\nअग्निं जुहोति स्म तदा मन्त्रवत् कृतमङ्गला ॥२-२०-१५॥",
        "index": 15,
        "shloka_num": 15
    },
    {
        "text": "प्रविश्य तु तदा रामो मातुरन्तःपुरं शुभम् ।\nददर्श मातरं तत्र हावयन्तीं हुताशनम् ॥२-२०-१६॥",
        "index": 16,
        "shloka_num": 16
    },
    {
        "text": "देवकार्यनिमित्तं च तत्रापश्यत् समुद्यतम् ।\nदध्यक्षतघृतं चैव मोदकान् हविषस्तथा ॥२-२०-१७॥",
        "index": 17,
        "shloka_num": 17
    },
    {
        "text": "लाजान् माल्यानि शुक्लानि पायसं कृसरं तथा ।\nसमिधः पूर्णकुम्भांश्च ददर्श रघुनन्दनः ॥२-२०-१८॥",
        "index": 18,
        "shloka_num": 18
    },
    {
        "text": "तां शुक्लक्षौमसंवीतां व्रतयोगेन कर्शिताम् ।\nतर्पयन्तीं ददर्शाद्भिर्देवतां वरवर्णिनीम् ॥२-२०-१९॥",
        "index": 19,
        "shloka_num": 19
    },
    {
        "text": "सा चिरस्यात्मजं दृष्ट्वा मातृनन्दनमागतम् ।\nअभिचक्राम संहृष्टा किशोरं वडवा यथा ॥२-२०-२०॥",
        "index": 20,
        "shloka_num": 20
    },
    {
        "text": "स मातरमुपक्रान्तामुपसंगृह्य राघवः ।\nपरिष्वक्तश्च बाहुभ्यामवघ्रातश्च मूर्धनि ॥२-२०-२१॥",
        "index": 21,
        "shloka_num": 21
    },
    {
        "text": "तमुवाच दुराधर्षं राघवं सुतमात्मनः ।\nकौसल्या पुत्रवात्सल्यादिदं प्रियहितं वचः ॥२-२०-२२॥",
        "index": 22,
        "shloka_num": 22
    },
    {
        "text": "वृद्धानां धर्मशीलानां राजर्षीणां महात्मनाम् ।\nप्राप्नुह्यायुश्च कीर्तिं च धर्मं चाप्युचितं कुले ॥२-२०-२३॥",
        "index": 23,
        "shloka_num": 23
    },
    {
        "text": "सत्यप्रतिज्ञं पितरं राजानं पश्य राघव ।\nअद्यैव त्वां स धर्मात्मा यौवराज्येऽभिषेक्ष्यति ॥२-२०-२४॥",
        "index": 24,
        "shloka_num": 24
    },
    {
        "text": "दत्तमासनमालभ्य भोजनेन निमन्त्रितः ।\nमातरं राघवः किंचित् प्रसार्याञ्जलिमब्रवीत् ॥२-२०-२५॥",
        "index": 25,
        "shloka_num": 25
    },
    {
        "text": "स स्वभावविनीतश्च गौरवाच्च तथानतः ।\nप्रस्थितो दण्डकारण्यमाप्रष्टुमुपचक्रमे ॥२-२०-२६॥",
        "index": 26,
        "shloka_num": 26
    },
    {
        "text": "देवि नूनं न जानीषे महद् भयमुपस्थितम् ।\nइदं तव च दुःखाय वैदेह्या लक्ष्मणस्य च ॥२-२०-२७॥",
        "index": 27,
        "shloka_num": 27
    },
    {
        "text": "गमिष्ये दण्डकारण्यं किमनेनासनेन मे ।\nविष्टरासनयोग्यो हि कालोऽयं मामुपस्थितः ॥२-२०-२८॥",
        "index": 28,
        "shloka_num": 28
    },
    {
        "text": "चतुर्दश हि वर्षाणि वत्स्याम विजने वने ।\nकन्दमूलफलैर्जीवन् हित्वा मुनिवदामिषम् ॥२-२०-२९॥",
        "index": 29,
        "shloka_num": 29
    },
    {
        "text": "भरताय महाराजो यौवराज्यं प्रयच्छति ।\nमां पुनर्दण्डकारण्यं विवासयति तापसम् ॥२-२०-३०॥",
        "index": 30,
        "shloka_num": 30
    },
    {
        "text": "स षट् चाष्टौ च वर्षाणि वत्स्यामि विजने वने ।\nआसेवमानो वन्यानि फलमूलैश्च वर्तयन् ॥२-२०-३१॥",
        "index": 31,
        "shloka_num": 31
    },
    {
        "text": "सा निकृत्तेव सालस्य यष्टिः परशुना वने ।\nपपात सहसा देवी देवतेव दिवश्च्युता ॥२-२०-३२॥",
        "index": 32,
        "shloka_num": 32
    },
    {
        "text": "तामदुःखोचितां दृष्ट्वा पतितां कदलीमिव ।\nरामस्तूत्थापयामास मातरं गतचेतसम् ॥२-२०-३३॥",
        "index": 33,
        "shloka_num": 33
    },
    {
        "text": "उपावृत्योत्थितां दीनां वडवामिव वाहिताम् ।\nपांसुगुण्ठितसर्वाङ्गीं विममर्श च पाणिना ॥२-२०-३४॥",
        "index": 34,
        "shloka_num": 34
    },
    {
        "text": "सा राघवमुपासीनमसुखार्ता सुखोचिता ।\nउवाच पुरुषव्याघ्रमुपशृण्वति लक्ष्मणे ॥२-२०-३५॥",
        "index": 35,
        "shloka_num": 35
    },
    {
        "text": "यदि पुत्र न जायेथा मम शोकाय राघव ।\nन स्म दुःखमतो भूयः पश्येयमहमप्रजाः ॥२-२०-३६॥",
        "index": 36,
        "shloka_num": 36
    },
    {
        "text": "एक एव हि वन्ध्यायाः शोको भवति मानसः ।\nअप्रजास्मीति संतापो न ह्यन्यः पुत्र विद्यते ॥२-२०-३७॥",
        "index": 37,
        "shloka_num": 37
    },
    {
        "text": "न दृष्टपूर्वं कल्याणं सुखं वा पतिपौरुषे ।\nअपि पुत्रे विपश्येयमिति रामास्थितं मया ॥२-२०-३८॥",
        "index": 38,
        "shloka_num": 38
    },
    {
        "text": "सा बहून्यमनोज्ञानि वाक्यानि हृदयच्छिदाम् ।\nअहं श्रोष्ये सपत्नीनामवराणां परा सती ॥२-२०-३९॥",
        "index": 39,
        "shloka_num": 39
    },
    {
        "text": "अतो दुःखतरं किं नु प्रमदानां भविष्यति ।\nमम शोको विलापश्च यादृशोऽयमनन्तकः ॥२-२०-४०॥",
        "index": 40,
        "shloka_num": 40
    },
    {
        "text": "त्वयि संनिहितेऽप्येवमहमासं निराकृता ।\nकिं पुनः प्रोषिते तात ध्रुवं मरणमेव हि ॥२-२०-४१॥",
        "index": 41,
        "shloka_num": 41
    },
    {
        "text": "अत्यन्तं निगृहीतास्मि भर्तुर्नित्यमसम्मता ।\nपरिवारेण कैकेय्याः समा वाप्यथवावरा ॥२-२०-४२॥",
        "index": 42,
        "shloka_num": 42
    },
    {
        "text": "यो हि मां सेवते कश्चिदपि वाप्यनुवर्तते ।\nकैकेय्याः पुत्रमन्वीक्ष्य स जनो नाभिभाषते ॥२-२०-४३॥",
        "index": 43,
        "shloka_num": 43
    },
    {
        "text": "नित्यक्रोधतया तस्याः कथं नु खरवादि तत् ।\nकैकेय्या वदनं द्रष्टुं पुत्र शक्ष्यामि दुर्गता ॥२-२०-४४॥",
        "index": 44,
        "shloka_num": 44
    },
    {
        "text": "दश सप्त च वर्षाणि जातस्य तव राघव ।\nअतीतानि प्रकांक्षन्त्या मया दुःखपरिक्षयम् ॥२-२०-४५॥",
        "index": 45,
        "shloka_num": 45
    },
    {
        "text": "तदक्षयं महद्दुःखं नोत्सहे सहितुं चिरात् ।\nविप्रकारं सपत्नीनामेवं जीर्णापि राघव ॥२-२०-४६॥",
        "index": 46,
        "shloka_num": 46
    },
    {
        "text": "अपश्यन्ती तव मुखं परिपूर्णशशिप्रभम् ।\nकृपणा वर्तयिष्यामि कथं कृपणजीविका ॥२-२०-४७॥",
        "index": 47,
        "shloka_num": 47
    },
    {
        "text": "उपवासैश्च योगैश्च बहुभिश्च परिश्रमैः ।\nदुःखसंवर्धितो मोघं त्वं हि दुर्गतया मया ॥२-२०-४८॥",
        "index": 48,
        "shloka_num": 48
    },
    {
        "text": "स्थिरं नु हृदयं मन्ये ममेदं यन्न दीर्यते ।\nप्रावृषीव महानद्याः स्पृष्टं कूलं नवाम्भसा ॥२-२०-४९॥",
        "index": 49,
        "shloka_num": 49
    },
    {
        "text": "ममैव नूनं मरणं न विद्यते न चावकाशोऽस्ति यमक्षये मम ।\nयदन्तकोऽद्यैव न मां जिहीर्षति प्रसह्य सिंहो रुदतीं मृगीमिव ॥२-२०-५०॥",
        "index": 50,
        "shloka_num": 50
    },
    {
        "text": "स्थिरं हि नूनं हृदयं ममायसं न भिद्यते यद् भुवि नो विदीर्यते ।\nअनेन दुःखेन च देहमर्पितं ध्रुवं ह्यकाले मरणं न विद्यते ॥२-२०-५१॥",
        "index": 51,
        "shloka_num": 51
    },
    {
        "text": "इदं तु दुःखं यदनर्थकानि मे व्रतानि दानानि च संयमाश्च हि ।\nतपश्च तप्तं यदपत्यकाम्यया सुनिष्फलं बीजमिवोप्तमूषरे ॥२-२०-५२॥",
        "index": 52,
        "shloka_num": 52
    },
    {
        "text": "यदि ह्यकाले मरणं यदृच्छया लभेत कश्चिद् गुरुदुःखकर्शितः ।\nगताहमद्यैव परेतसंसदं विना त्वया धेनुरिवात्मजेन वै ॥२-२०-५३॥",
        "index": 53,
        "shloka_num": 53
    },
    {
        "text": "अथापि किं जीवितमद्य मे वृथा त्वया विना चन्द्रनिभाननप्रभ ।\nअनुव्रजिष्यामि वनं त्वयैव गौः सुदुर्बला वत्समिवाभिकांक्षया ॥२-२०-५४॥",
        "index": 54,
        "shloka_num": 54
    },
    {
        "text": "भृशमसुखममर्षिता तदा बहु विललाप समीक्ष्य राघवम् ।\nव्यसनमुपनिशाम्य सा महत् सुतमिव बद्धमवेक्ष्य किंनरी ॥२-२०-५५॥",
        "index": 55,
        "shloka_num": 55
    },
    {
        "text": "इत्यार्षे श्रीमद्रामायणे वाल्मीकीये आदिकाव्ये अयोध्याकाण्डे कौसल्याक्रन्दः नाम विंशः सर्गः ॥२-२०॥",
        "index": 56,
        "shloka_num": null
    }
]