[
    {
        "text": "अथ श्रीमद्वाल्मीकीयरामायणे अयोध्याकाण्डे सीताप्रत्यवस्थापनम् नाम षड्विंशः सर्गः ॥२-२६॥",
        "index": 0,
        "shloka_num": null
    },
    {
        "text": "अभिवाद्य तु कौसल्यां रामः सम्प्रस्थितो वनम् ।\nकृतस्वस्त्ययनो मात्रा धर्मिष्ठे वर्त्मनि स्थितः ॥२-२६-१॥",
        "index": 1,
        "shloka_num": 1
    },
    {
        "text": "विराजयन् राजसुतो राजमार्गं नरैर्वृतम् ।\nहृदयान्याममन्थेव जनस्य गुणवत्तया ॥२-२६-२॥",
        "index": 2,
        "shloka_num": 2
    },
    {
        "text": "वैदेही चापि तत् सर्वं न शुश्राव तपस्विनी ।\nतदेव हृदि तस्याश्च यौवराज्याभिषेचनम् ॥२-२६-३॥",
        "index": 3,
        "shloka_num": 3
    },
    {
        "text": "देवकार्यं स्म सा कृत्वा कृतज्ञा हृष्टचेतना ।\nअभिज्ञा राजधर्माणां राजपुत्री प्रतीक्षति ॥२-२६-४॥",
        "index": 4,
        "shloka_num": 4
    },
    {
        "text": "प्रविवेशाथ रामस्तु स्ववेश्म सुविभूषितम् ।\nप्रहृष्टजनसम्पूर्णं ह्रिया किंचिदवाङ्मुखः ॥२-२६-५॥",
        "index": 5,
        "shloka_num": 5
    },
    {
        "text": "अथ सीता समुत्पत्य वेपमाना च तं पतिम् ।\nअपश्यच्छोकसंतप्तं चिन्ताव्याकुलितेन्द्रियम् ॥२-२६-६॥",
        "index": 6,
        "shloka_num": 6
    },
    {
        "text": "तां दृष्ट्वा स हि धर्मात्मा न शशाक मनोगतम् ।\nतं शोकं राघवः सोढुं ततो विवृततां गतः ॥२-२६-७॥",
        "index": 7,
        "shloka_num": 7
    },
    {
        "text": "विवर्णवदनं दृष्ट्वा तं प्रस्विन्नममर्षणम् ।\nआह दुःखाभिसंतप्ता किमिदानीमिदं प्रभो ॥२-२६-८॥",
        "index": 8,
        "shloka_num": 8
    },
    {
        "text": "अद्य बार्हस्पतः श्रीमान् युक्तः पुष्येण राघव ।\nप्रोच्यते ब्राह्मणैः प्राज्ञैः केन त्वमसि दुर्मनाः ॥२-२६-९॥",
        "index": 9,
        "shloka_num": 9
    },
    {
        "text": "न ते शतशलाकेन जलफेननिभेन च ।\nआवृतं वदनं वल्गु च्छत्रेणाभिविराजते ॥२-२६-१०॥",
        "index": 10,
        "shloka_num": 10
    },
    {
        "text": "व्यजनाभ्यां च मुख्याभ्यां शतपत्रनिभेक्षणम् ।\nचन्द्रहंसप्रकाशाभ्यां वीज्यते न तवाननम् ॥२-२६-११॥",
        "index": 11,
        "shloka_num": 11
    },
    {
        "text": "वाग्मिनो वन्दिनश्चापि प्रहृष्टास्त्वां नरर्षभ ।\nस्तुवन्तो नाद्य दृश्यन्ते मङ्गलैः सूतमागधाः ॥२-२६-१२॥",
        "index": 12,
        "shloka_num": 12
    },
    {
        "text": "न ते क्षौद्रं च दधि च ब्राह्मणा वेदपारगाः ।\nमूर्ध्नि मूर्धाभिषिक्तस्य ददति स्म विधानतः ॥२-२६-१३॥",
        "index": 13,
        "shloka_num": 13
    },
    {
        "text": "न त्वां प्रकृतयः सर्वाः श्रेणीमुख्याश्च भूषिताः ।\nअनुव्रजितुमिच्छन्ति पौरजानपदास्तथा ॥२-२६-१४॥",
        "index": 14,
        "shloka_num": 14
    },
    {
        "text": "चतुर्भिर्वेगसम्पन्नैर्हयैः काञ्चनभूषणैः ।\nमुख्यः पुष्परथो युक्तः किं न गच्छति तेऽग्रतः ॥२-२६-१५॥",
        "index": 15,
        "shloka_num": 15
    },
    {
        "text": "न हस्ती चाग्रतः श्रीमान् सर्वलक्षणपूजितः ।\nप्रयाणे लक्ष्यते वीर कृष्णमेघगिरिप्रभः ॥२-२६-१६॥",
        "index": 16,
        "shloka_num": 16
    },
    {
        "text": "न च काञ्चनचित्रं ते पश्यामि प्रियदर्शन ।\nभद्रासनं पुरस्कृत्य यान्तं वीर पुरःसरम् ॥२-२६-१७॥",
        "index": 17,
        "shloka_num": 17
    },
    {
        "text": "अभिषेको यदा सज्जः किमिदानीमिदं तव ।\nअपूर्वो मुखवर्णश्च न प्रहर्षश्च लक्ष्यते ॥२-२६-१८॥",
        "index": 18,
        "shloka_num": 18
    },
    {
        "text": "इतीव विलपन्तीं तां प्रोवाच रघुनन्दनः ।\nसीते तत्रभवांस्तातः प्रव्राजयति मां वनम् ॥२-२६-१९॥",
        "index": 19,
        "shloka_num": 19
    },
    {
        "text": "कुले महति सम्भूते धर्मज्ञे धर्मचारिणि ।\nशृणु जानकि येनेदं क्रमेणाद्यागतं मम ॥२-२६-२०॥",
        "index": 20,
        "shloka_num": 20
    },
    {
        "text": "राज्ञा सत्यप्रतिज्ञेन पित्रा दशरथेन वै ।\nकैकेय्यै मम मात्रे तु पुरा दत्तौ महावरौ ॥२-२६-२१॥",
        "index": 21,
        "shloka_num": 21
    },
    {
        "text": "तयाद्य मम सज्जेऽस्मिन्नभिषेके नृपोद्यते ।\nप्रचोदितः स समयो धर्मेण प्रतिनिर्जितः ॥२-२६-२२॥",
        "index": 22,
        "shloka_num": 22
    },
    {
        "text": "चतुर्दश हि वर्षाणि वस्तव्यं दण्डके मया ।\nपित्रा मे भरतश्चापि यौवराज्ये नियोजितः ॥२-२६-२३॥",
        "index": 23,
        "shloka_num": 23
    },
    {
        "text": "सोऽहं त्वामागतो द्रष्टुं प्रस्थितो विजनं वनम् ।\nभरतस्य समीपे ते नाहं कथ्यः कदाचन ॥२-२६-२४॥",
        "index": 24,
        "shloka_num": 24
    },
    {
        "text": "ऋद्धियुक्ता हि पुरुषा न सहन्ते परस्तवम् ।\nतस्मान्न ते गुणाः कथ्या भरतस्याग्रतो मम ॥२-२६-२५॥",
        "index": 25,
        "shloka_num": 25
    },
    {
        "text": "अहं ते नानुवक्तव्यो विशेषेण कदाचन ।\nअनुकूलतया शक्यं समीपे तस्य वर्तितुम् ॥२-२६-२६॥",
        "index": 26,
        "shloka_num": 26
    },
    {
        "text": "तस्मै दत्तं नृपतिना यौवराज्यं सनातनम् ।\nस प्रसाद्यस्त्वया सीते नृपतिश्च विशेषतः ॥२-२६-२७॥",
        "index": 27,
        "shloka_num": 27
    },
    {
        "text": "अहं चापि प्रतिज्ञां तां गुरोः समनुपालयन् ।\nवनमद्यैव यास्यामि स्थिरीभव मनस्विनि ॥२-२६-२८॥",
        "index": 28,
        "shloka_num": 28
    },
    {
        "text": "याते च मयि कल्याणि वनं मुनिनिषेवितम् ।\nव्रतोपवासपरया भवितव्यं त्वयानघे ॥२-२६-२९॥",
        "index": 29,
        "shloka_num": 29
    },
    {
        "text": "कल्यमुत्थाय देवानां कृत्वा पूजां यथाविधि ।\nवन्दितव्यो दशरथः पिता मम जनेश्वरः ॥२-२६-३०॥",
        "index": 30,
        "shloka_num": 30
    },
    {
        "text": "माता च मम कौसल्या वृद्धा संतापकर्शिता ।\nधर्ममेवाग्रतः कृत्वा त्वत्तः सम्मानमर्हति ॥२-२६-३१॥",
        "index": 31,
        "shloka_num": 31
    },
    {
        "text": "वन्दितव्याश्च ते नित्यं याः शेषा मम मातरः ।\nस्नेहप्रणयसम्भोगैः समा हि मम मातरः ॥२-२६-३२॥",
        "index": 32,
        "shloka_num": 32
    },
    {
        "text": "भ्रातृपुत्रसमौ चापि द्रष्टव्यौ च विशेषतः ।\nत्वया भरतशत्रुघ्नौ प्राणैः प्रियतरौ मम ॥२-२६-३३॥",
        "index": 33,
        "shloka_num": 33
    },
    {
        "text": "विप्रियं च न कर्तव्यं भरतस्य कदाचन ।\nस हि राजा च वैदेहि देशस्य च कुलस्य च ॥२-२६-३४॥",
        "index": 34,
        "shloka_num": 34
    },
    {
        "text": "आराधिता हि शीलेन प्रयत्नैश्चोपसेविताः ।\nराजानः सम्प्रसीदन्ति प्रकुप्यन्ति विपर्यये ॥२-२६-३५॥",
        "index": 35,
        "shloka_num": 35
    },
    {
        "text": "औरस्यानपि पुत्रान् हि त्यजन्त्यहितकारिणः ।\nसमर्थान् सम्प्रगृह्णन्ति जनानपि नराधिपाः ॥२-२६-३६॥",
        "index": 36,
        "shloka_num": 36
    },
    {
        "text": "सा त्वं वसेह कल्याणि राज्ञः समनुवर्तिनी ।\nभरतस्य रता धर्मे सत्यव्रतपरायणा ॥२-२६-३७॥",
        "index": 37,
        "shloka_num": 37
    },
    {
        "text": "अहं गमिष्यामि महावनं प्रिये त्वया हि वस्तव्यमिहैव भामिनि ।\nयथा व्यलीकं कुरुषे न कस्यचित् तथा त्वया कार्यमिदं वचो मम ॥२-२६-३८॥",
        "index": 38,
        "shloka_num": 38
    },
    {
        "text": "इत्यार्षे श्रीमद्रामायणे वाल्मीकीये आदिकाव्ये अयोध्याकाण्डे सीताप्रत्यवस्थापनम् नाम षड्विंशः सर्गः ॥२-२६॥",
        "index": 39,
        "shloka_num": null
    }
]