[
    {
        "text": "अथ श्रीमद्वाल्मीकीयरामायणे अयोध्याकाण्डे वनदुःखप्रतिबोधनम् नाम अष्टाविंशः सर्गः ॥२-२८॥",
        "index": 0,
        "shloka_num": null
    },
    {
        "text": "स एवं ब्रुवतीं सीतां धर्मज्ञां धर्मवत्सलः ।\nन नेतुं कुरुते बुद्धिं वने दुःखानि चिन्तयन् ॥२-२८-१॥",
        "index": 1,
        "shloka_num": 1
    },
    {
        "text": "सान्त्वयित्वा ततस्तां तु बाष्पदूषितलोचनाम् ।\nनिवर्तनार्थे धर्मात्मा वाक्यमेतदुवाच ह ॥२-२८-२॥",
        "index": 2,
        "shloka_num": 2
    },
    {
        "text": "सीते महाकुलीनासि धर्मे च निरता सदा ।\nइहाचरस्व धर्मं त्वं यथा मे मनसः सुखम् ॥२-२८-३॥",
        "index": 3,
        "shloka_num": 3
    },
    {
        "text": "सीते यथा त्वां वक्ष्यामि तथा कार्यं त्वयाबले ।\nवने दोषा हि बहवो वसतस्तान् निबोध मे ॥२-२८-४॥",
        "index": 4,
        "shloka_num": 4
    },
    {
        "text": "सीते विमुच्यतामेषा वनवासकृता मतिः ।\nबहुदोषं हि कान्तारं वनमित्यभिधीयते ॥२-२८-५॥",
        "index": 5,
        "shloka_num": 5
    },
    {
        "text": "हितबुद्ध्या खलु वचो मयैतदभिधीयते ।\nसदा सुखं न जानामि दुःखमेव सदा वनम् ॥२-२८-६॥",
        "index": 6,
        "shloka_num": 6
    },
    {
        "text": "गिरिनिर्झरसम्भूता गिरिनिर्दरिवासिनाम् ।\nसिंहानां निनदा दुःखाः श्रोतुं दुःखमतो वनम् ॥२-२८-७॥",
        "index": 7,
        "shloka_num": 7
    },
    {
        "text": "क्रीडमानाश्च विस्रब्धा मत्ताः शून्ये तथा मृगाः ।\nदृष्ट्वा समभिवर्तन्ते सीते दुःखमतो वनम् ॥२-२८-८॥",
        "index": 8,
        "shloka_num": 8
    },
    {
        "text": "सग्राहाः सरितश्चैव पङ्कवत्यस्तु दुस्तराः ।\nमत्तैरपि गजैर्नित्यमतो दुःखतरं वनम् ॥२-२८-९॥",
        "index": 9,
        "shloka_num": 9
    },
    {
        "text": "लताकण्टकसंकीर्णाः कृकवाकूपनादिताः ।\nनिरपाश्च सुदुःखाश्च मार्गा दुःखमतो वनम् ॥२-२८-१०॥",
        "index": 10,
        "shloka_num": 10
    },
    {
        "text": "सुप्यते पर्णशय्यासु स्वयंभग्नासु भूतले ।\nरात्रिषु श्रमखिन्नेन तस्माद् दुःखमतो वनम् ॥२-२८-११॥",
        "index": 11,
        "shloka_num": 11
    },
    {
        "text": "अहोरात्रं च संतोषः कर्तव्यो नियतात्मना ।\nफलैर्वृक्षावपतितैः सीते दुःखमतो वनम् ॥२-२८-१२॥",
        "index": 12,
        "shloka_num": 12
    },
    {
        "text": "उपवासश्च कर्तव्यो यथा प्राणेन मैथिलि ।\nजटाभारश्च कर्तव्यो वल्कलाम्बरधारणम् ॥२-२८-१३॥",
        "index": 13,
        "shloka_num": 13
    },
    {
        "text": "देवतानां पितॄणां च कर्तव्यं विधिपूर्वकम् ।\nप्राप्तानामतिथीनां च नित्यशः प्रतिपूजनम् ॥२-२८-१४॥",
        "index": 14,
        "shloka_num": 14
    },
    {
        "text": "कार्यस्त्रिरभिषेकश्च काले काले च नित्यशः ।\nचरतां नियमेनैव तस्माद् दुःखतरं वनम् ॥२-२८-१५॥",
        "index": 15,
        "shloka_num": 15
    },
    {
        "text": "उपहारश्च कर्तव्यः कुसुमैः स्वयमाहृतैः ।\nआर्षेण विधिना वेद्यां सीते दुःखमतो वनम् ॥२-२८-१६॥",
        "index": 16,
        "shloka_num": 16
    },
    {
        "text": "यथालब्धेन कर्तव्यः संतोषस्तेन मैथिलि ।\nयताहारैर्वनचरैः सीते दुःखमतो वनम् ॥२-२८-१७॥",
        "index": 17,
        "shloka_num": 17
    },
    {
        "text": "अतीव वातस्तिमिरं बुभुक्षा चाति नित्यशः ।\nभयानि च महान्त्यत्र ततो दुःखतरं वनम् ॥२-२८-१८॥",
        "index": 18,
        "shloka_num": 18
    },
    {
        "text": "सरीसृपाश्च बहवो बहुरूपाश्च भामिनि ।\nचरन्ति पथि ते दर्पात् ततो दुःखतरं वनम् ॥२-२८-१९॥",
        "index": 19,
        "shloka_num": 19
    },
    {
        "text": "नदीनिलयनाः सर्पा नदीकुटिलगामिनः ।\nतिष्ठन्त्यावृत्य पन्थानमतो दुःखतरंवनम् ॥२-२८-२०॥",
        "index": 20,
        "shloka_num": 20
    },
    {
        "text": "पतङ्गा वृश्चिकाः कीटा दंशाश्च मशकैः सह ।\nबाधन्ते नित्यमबले सर्वं दुःखमतो वनम् ॥२-२८-२१॥",
        "index": 21,
        "shloka_num": 21
    },
    {
        "text": "द्रुमाः कण्टकिनश्चैव कुशाः काशाश्च भामिनि ।\nवने व्याकुलशाखाग्रास्तेन दुःखमतो वनम् ॥२-२८-२२॥",
        "index": 22,
        "shloka_num": 22
    },
    {
        "text": "कायक्लेशाश्च बहवो भयानि विविधानि च ।\nअरण्यवासे वसतो दुःखमेव सदा वनम् ॥२-२८-२३॥",
        "index": 23,
        "shloka_num": 23
    },
    {
        "text": "क्रोधलोभौ विमोक्तव्यौ कर्तव्या तपसे मतिः ।\nन भेतव्यं च भेतव्ये दुःखं नित्यमतो वनम् ॥२-२८-२४॥",
        "index": 24,
        "shloka_num": 24
    },
    {
        "text": "तदलं ते वनं गत्वा क्षेमं नहि वनं तव ।\nविमृशन्निव पश्यामि बहुदोषकरं वनम् ॥२-२८-२५॥",
        "index": 25,
        "shloka_num": 25
    },
    {
        "text": "वनं तु नेतुं न कृता मतिर्यदा बभूव रामेण तदा महात्मना ।\nन तस्य सीता वचनं चकार तं ततोऽब्रवीद् राममिदं सुदुःखिता ॥२-२८-२६॥",
        "index": 26,
        "shloka_num": 26
    },
    {
        "text": "इत्यार्षे श्रीमद्रामायणे वाल्मीकीये आदिकाव्ये अयोध्याकाण्डे वनदुःखप्रतिबोधनम् नाम अष्टाविंशः सर्गः ॥२-२८॥",
        "index": 27,
        "shloka_num": null
    }
]