[
    {
        "text": "अथ श्रीमद्वाल्मीकीयरामायणे अयोध्याकाण्डे पौरनिवृत्तिः नाम सप्तचत्वारिंशः सर्गः ॥२-४७॥",
        "index": 0,
        "shloka_num": null
    },
    {
        "text": "प्रभातायां तु शर्वर्यां पौरास्ते राघवं विना ।\nशोकोपहतनिश्चेष्टा बभूवुर्हतचेतसः ॥२-४७-१॥",
        "index": 1,
        "shloka_num": 1
    },
    {
        "text": "शोकजाश्रुपरिद्यूना वीक्षमाणास्ततस्ततः ।\nआलोकमपि रामस्य न पश्यन्ति स्म दुःखिताः ॥२-४७-२॥",
        "index": 2,
        "shloka_num": 2
    },
    {
        "text": "ते विषादार्तवदना रहितास्तेन धीमता ।\nकृपणाः करुणा वाचो वदन्ति स्म मनीषिणः ॥२-४७-३॥",
        "index": 3,
        "shloka_num": 3
    },
    {
        "text": "धिगस्तु खलु निद्रां तां ययापहतचेतसः ।\nनाद्य पश्यामहे रामं पृथूरस्कं महाभुजम् ॥२-४७-४॥",
        "index": 4,
        "shloka_num": 4
    },
    {
        "text": "कथं रामो महाबाहुः स तथावितथक्रियः ।\nभक्तं जनमभित्यज्य प्रवासं तापसो गतः ॥२-४७-५॥",
        "index": 5,
        "shloka_num": 5
    },
    {
        "text": "यो नः सदा पालयति पिता पुत्रानिवौरसान् ।\nकथं रघूणां स श्रेष्ठस्त्यक्त्वा नो विपिनं गतः ॥२-४७-६॥",
        "index": 6,
        "shloka_num": 6
    },
    {
        "text": "इहैव निधनं याम महाप्रस्थानमेव वा ।\nरामेण रहितानां नो किमर्थं जीवितं हितम् ॥२-४७-७॥",
        "index": 7,
        "shloka_num": 7
    },
    {
        "text": "सन्ति शुष्काणि काष्ठानि प्रभूतानि महान्ति च ।\nतैः प्रज्वाल्य चितां सर्वे प्रविशामोऽथवा वयम् ॥२-४७-८॥",
        "index": 8,
        "shloka_num": 8
    },
    {
        "text": "किं वक्ष्यामो महाबाहुरनसूयः प्रियंवदः ।\nनीतः स राघवोऽस्माभिरिति वक्तुं कथं क्षमम् ॥२-४७-९॥",
        "index": 9,
        "shloka_num": 9
    },
    {
        "text": "सा नूनं नगरी दीना दृष्ट्वास्मान् राघवं विना ।\nभविष्यति निरानन्दा सस्त्रीबालवयोऽधिका ॥२-४७-१०॥",
        "index": 10,
        "shloka_num": 10
    },
    {
        "text": "निर्यातास्तेन वीरेण सह नित्यं महात्मना ।\nविहीनास्तेन च पुनः कथं द्रक्ष्याम तां पुरीम् ॥२-४७-११॥",
        "index": 11,
        "shloka_num": 11
    },
    {
        "text": "इतीव बहुधा वाचो बाहुमुद्यम्य ते जनाः ।\nविलपन्ति स्म दुःखार्ता हृतवत्सा इवाग्र्यगाः ॥२-४७-१२॥",
        "index": 12,
        "shloka_num": 12
    },
    {
        "text": "ततो मार्गानुसारेण गत्वा किंचित् ततः क्षणम् ।\nमार्गनाशाद् विषादेन महता समभिप्लुताः ॥२-४७-१३॥",
        "index": 13,
        "shloka_num": 13
    },
    {
        "text": "रथमार्गानुसारेण न्यवर्तन्त मनस्विनः ।\nकिमिदं किं करिष्यामो दैवेनोपहता इति ॥२-४७-१४॥",
        "index": 14,
        "shloka_num": 14
    },
    {
        "text": "तदा यथागतेनैव मार्गेण क्लान्तचेतसः ।\nअयोध्यामगमन् सर्वे पुरीं व्यथितसज्जनाम् ॥२-४७-१५॥",
        "index": 15,
        "shloka_num": 15
    },
    {
        "text": "आलोक्य नगरीं तां च क्षयव्याकुलमानसाः ।\nआवर्तयन्त तेऽश्रूणि नयनैः शोकपीडितैः ॥२-४७-१६॥",
        "index": 16,
        "shloka_num": 16
    },
    {
        "text": "एषा रामेण नगरी रहिता नातिशोभते ।\nआपगा गरुडेनेव ह्रदादुद्धृतपन्नगा ॥२-४७-१७॥",
        "index": 17,
        "shloka_num": 17
    },
    {
        "text": "चन्द्रहीनमिवाकाशं तोयहीनमिवार्णवम् ।\nअपश्यन् निहतानन्दं नगरं ते विचेतसः ॥२-४७-१८॥",
        "index": 18,
        "shloka_num": 18
    },
    {
        "text": "ते तानि वेश्मानि महाधनानि दुःखेन दुःखोपहता विशन्तः ।\nनैव प्रजग्मुः स्वजनं परं वा निरीक्ष्यमाणाः प्रविनष्टहर्षाः ॥२-४७-१९॥",
        "index": 19,
        "shloka_num": 19
    },
    {
        "text": "इत्यार्षे श्रीमद्रामायणे वाल्मीकीये आदिकाव्ये अयोध्याकाण्डे पौरनिवृत्तिः नाम सप्तचत्वारिंशः सर्गः ॥२-४७॥",
        "index": 20,
        "shloka_num": null
    }
]