[
    {
        "text": "अथ श्रीमद्वाल्मीकीयरामायणे अयोध्याकाण्डे व्रतचर्याविधानम् नाम पञ्चमः सर्गः ॥२-५॥",
        "index": 0,
        "shloka_num": null
    },
    {
        "text": "संदिश्य रामं नृपतिः श्वोभाविन्यभिषेचने ।\nपुरोहितं समाहूय वसिष्ठमिदमब्रवीत् ॥२-५-१॥",
        "index": 1,
        "shloka_num": 1
    },
    {
        "text": "गच्छोपवासं काकुत्स्थं कारयाद्य तपोधन ।\nश्रेयसे राज्यलाभाय वध्वा सह यतव्रत ॥२-५-२॥",
        "index": 2,
        "shloka_num": 2
    },
    {
        "text": "तथेति च स राजानमुक्त्वा वेदविदां वरः ।\nस्वयं वसिष्ठो भगवान् ययौ रामनिवेशनम् ॥२-५-३॥",
        "index": 3,
        "shloka_num": 3
    },
    {
        "text": "उपवासयितुं वीरं मन्त्रविन्मन्त्रकोविदम् ।\nब्राह्मं रथवरं युक्तमास्थाय सुधृतव्रतः ॥२-५-४॥",
        "index": 4,
        "shloka_num": 4
    },
    {
        "text": "स रामभवनं प्राप्य पाण्डुराभ्रघनप्रभम् ।\nतिस्रः कक्ष्या रथेनैव विवेश मुनिसत्तमः ॥२-५-५॥",
        "index": 5,
        "shloka_num": 5
    },
    {
        "text": "तमागतमृषिं रामस्त्वरन्निव ससम्भ्रमम् ।\nमानयिष्यन् स मानार्हं निश्चक्राम निवेशनात् ॥२-५-६॥",
        "index": 6,
        "shloka_num": 6
    },
    {
        "text": "अभ्येत्य त्वरमाणोऽथ रथाभ्याशं मनीषिणः ।\nततोऽवतारयामास परिगृह्य रथात् स्वयम् ॥२-५-७॥",
        "index": 7,
        "shloka_num": 7
    },
    {
        "text": "स चैनं प्रश्रितं दृष्ट्वा सम्भाष्याभिप्रसाद्य च ।\nप्रियार्हं हर्षयन् राममित्युवाच पुरोहितः ॥२-५-८॥",
        "index": 8,
        "shloka_num": 8
    },
    {
        "text": "प्रसन्नस्ते पिता राम यत्त्वं राज्यमवाप्स्यसि ।\nउपवासं भवानद्य करोतु सह सीतया ॥२-५-९॥",
        "index": 9,
        "shloka_num": 9
    },
    {
        "text": "प्रातस्त्वामभिषेक्ता हि यौवराज्ये नराधिपः ।\nपिता दशरथः प्रीत्या ययातिं नहुषो यथा ॥२-५-१०॥",
        "index": 10,
        "shloka_num": 10
    },
    {
        "text": "इत्युक्त्वा स तदा राममुपवासं यतव्रतः ।\nमन्त्रवत् कारयामास वैदेह्या सहितं शुचिः ॥२-५-११॥",
        "index": 11,
        "shloka_num": 11
    },
    {
        "text": "ततो यथावद् रामेण स राज्ञो गुरुरर्चितः ।\nअभ्यनुज्ञाप्य काकुत्स्थं ययौ रामनिवेशनात् ॥२-५-१२॥",
        "index": 12,
        "shloka_num": 12
    },
    {
        "text": "सुहृद्भिस्तत्र रामोऽपि सहासीनः प्रियंवदैः ।\nसभाजितो विवेशाथ ताननुज्ञाप्य सर्वशः ॥२-५-१३॥",
        "index": 13,
        "shloka_num": 13
    },
    {
        "text": "हृष्टनारीनरयुतं रामवेश्म तदा बभौ ।\nयथा मत्तद्विजगणं प्रफुल्लनलिनं सरः ॥२-५-१४॥",
        "index": 14,
        "shloka_num": 14
    },
    {
        "text": "स राजभवनप्रख्यात् तस्माद् रामनिवेशनात् ।\nनिर्गत्य ददृशे मार्गं वसिष्ठो जनसंवृतम् ॥२-५-१५॥",
        "index": 15,
        "shloka_num": 15
    },
    {
        "text": "वृन्दवृन्दैरयोध्यायां राजमार्गाः समन्ततः ।\nबभूवुरभिसम्बाधाः कुतूहलजनैर्वृताः ॥२-५-१६॥",
        "index": 16,
        "shloka_num": 16
    },
    {
        "text": "जनवृन्दोर्मिसंघर्षहर्षस्वनवृतस्तदा ।\nबभूव राजमार्गस्य सागरस्येव निःस्वनः ॥२-५-१७॥",
        "index": 17,
        "shloka_num": 17
    },
    {
        "text": "सिक्तसम्मृष्टरथ्या हि तथा च वनमालिनी ।\nआसीदयोध्या तदहः समुच्छ्रितगृहध्वजा ॥२-५-१८॥",
        "index": 18,
        "shloka_num": 18
    },
    {
        "text": "तदा ह्ययोध्यानिलयः सस्त्रीबालाकुलो जनः ।\nरामाभिषेकमाकांक्षन्नाकांक्षन्नुदयं रवेः ॥२-५-१९॥",
        "index": 19,
        "shloka_num": 19
    },
    {
        "text": "प्रजालंकारभूतं च जनस्यानन्दवर्धनम् ।\nउत्सुकोऽभूज्जनो द्रष्टुं तमयोध्यामहोत्सवम् ॥२-५-२०॥",
        "index": 20,
        "shloka_num": 20
    },
    {
        "text": "एवं तज्जनसम्बाधं राजमार्गं पुरोहितः ।\nव्यूहन्निव जनौघं तं शनै राजकुलं ययौ ॥२-५-२१॥",
        "index": 21,
        "shloka_num": 21
    },
    {
        "text": "सिताभ्रशिखरप्रख्यं प्रासादमधिरुह्य च ।\nसमीयाय नरेन्द्रेण शक्रेणेव बृहस्पतिः ॥२-५-२२॥",
        "index": 22,
        "shloka_num": 22
    },
    {
        "text": "तमागतमभिप्रेक्ष्य हित्वा राजासनं नृपः ।\nपप्रच्छ स्वमतं तस्मै कृतमित्यभिवेदयत् ॥२-५-२३॥",
        "index": 23,
        "shloka_num": 23
    },
    {
        "text": "तेन चैव तदा तुल्यं सहासीनाः सभासदः ।\nआसनेभ्यः समुत्तस्थुः पूजयन्तः पुरोहितम् ॥२-५-२४॥",
        "index": 24,
        "shloka_num": 24
    },
    {
        "text": "गुरुणा त्वभ्यनुज्ञातो मनुजौघं विसृज्य तम् ।\nविवेशान्तःपुरं राजा सिंहो गिरिगुहामिव ॥२-५-२५॥",
        "index": 25,
        "shloka_num": 25
    },
    {
        "text": "तदग्र्यवेषप्रमदाजनाकुलं महेन्द्रवेश्मप्रतिमं निवेशनम् ।\nव्यदीपयंश्चारु विवेश पार्थिवः शशीव तारागणसंकुलं नभः ॥२-५-२६॥",
        "index": 26,
        "shloka_num": 26
    },
    {
        "text": "इत्यार्षे श्रीमद्रामायणे वाल्मीकीये आदिकाव्ये अयोध्याकाण्डे व्रतचर्याविधानम् नाम पञ्चमः सर्गः ॥२-५॥",
        "index": 27,
        "shloka_num": null
    }
]