[
    {
        "text": "अथ श्रीमद्वाल्मीकीयरामायणे अयोध्याकाण्डे भरद्वाजाश्रमाभिगमनम् नाम चतुःपञ्चाशः सर्गः ॥२-५४॥",
        "index": 0,
        "shloka_num": null
    },
    {
        "text": "ते तु तस्मिन् महा वृक्षौषित्वा रजनीम् शिवाम् ।\nविमले अभ्युदिते सूर्ये तस्मात् देशात् प्रतस्थिरे ॥२-५४-१॥",
        "index": 1,
        "shloka_num": 1
    },
    {
        "text": "यत्र भागीरथी गन्गा यमुनाम् अभिवर्तते ।\nजग्मुस् तम् देशम् उद्दिश्य विगाह्य सुमहद् वनम् ॥२-५४-२॥",
        "index": 2,
        "shloka_num": 2
    },
    {
        "text": "ते भूमिम् आगान् विविधान् देशामः च अपि मनो रमान् ।\nअदृष्ट पूर्वान् पश्यन्तः तत्र तत्र यशस्विनः ॥२-५४-३॥",
        "index": 3,
        "shloka_num": 3
    },
    {
        "text": "यथा क्षेमेण गच्चन् स पश्यमः च विविधान् द्रुमान् ।\nनिवृत्त मात्रे दिवसे रामः सौमित्रिम् अब्रवीत् ॥२-५४-४॥",
        "index": 4,
        "shloka_num": 4
    },
    {
        "text": "प्रयागम् अभितः पश्य सौमित्रे धूमम् उन्नतम् ।\nअग्नेर् भगवतः केतुम् मन्ये सम्निहितः मुनिः ॥२-५४-५॥",
        "index": 5,
        "shloka_num": 5
    },
    {
        "text": "नूनम् प्राप्ताः स्म सम्भेदम् गन्गा यमुनयोः वयम् ।\nतथा हि श्रूयते शम्ब्दो वारिणा वारि घट्टितः ॥२-५४-६॥",
        "index": 6,
        "shloka_num": 6
    },
    {
        "text": "दारूणि परिभिन्नानि वनजैः उपजीविभिः ।\nभरद्वाज आश्रमे च एते दृश्यन्ते विविधा द्रुमाः ॥२-५४-७॥",
        "index": 7,
        "shloka_num": 7
    },
    {
        "text": "धन्विनौ तौ सुखम् गत्वा लम्बमाने दिवा करे ।\nगन्गा यमुनयोह् सम्धौ प्रापतुर् निलयम् मुनेः ॥२-५४-८॥",
        "index": 8,
        "shloka_num": 8
    },
    {
        "text": "रामः तु आश्रमम् आसाद्य त्रासयन् मृग पक्षिणः ।\nगत्वा मुहूर्तम् अध्वानम् भरद्वाजम् उपागमत् ॥२-५४-९॥",
        "index": 9,
        "shloka_num": 9
    },
    {
        "text": "ततः तु आश्रमम् आसाद्य मुनेर् दर्शन कान्क्षिणौ ।\nसीतया अनुगतौ वीरौ दूरात् एव अवतस्थतुः ॥२-५४-१०॥",
        "index": 10,
        "shloka_num": 10
    },
    {
        "text": "स प्रविश्य महात्मानमृषिम् शिष्यगणैर्वऋतम् ।\nसम्शितव्रतमेकाग्रम् तपसा लब्धचक्षुषम् ॥२-५४-११॥",
        "index": 11,
        "shloka_num": 11
    },
    {
        "text": "हुत अग्नि होत्रम् दृष्ट्वा एव महा भागम् कृत अन्जलिः ।\nरामः सौमित्रिणा सार्धम् सीतया च अभ्यवादयत् ॥२-५४-१२॥",
        "index": 12,
        "shloka_num": 12
    },
    {
        "text": "न्यवेदयत च आत्मानम् तस्मै लक्ष्मण पूर्वजः ।\nपुत्रौ दशरथस्य आवाम् भगवन् राम लक्ष्मणौ ॥२-५४-१३॥",
        "index": 13,
        "shloka_num": 13
    },
    {
        "text": "भार्या मम इयम् वैदेही कल्याणी जनक आत्मजा ।\nमाम् च अनुयाता विजनम् तपो वनम् अनिन्दिता ॥२-५४-१४॥",
        "index": 14,
        "shloka_num": 14
    },
    {
        "text": "पित्रा प्रव्राज्यमानम् माम् सौमित्रिर् अनुजः प्रियः ।\nअयम् अन्वगमद् भ्राता वनम् एव दृढ व्रतः ॥२-५४-१५॥",
        "index": 15,
        "shloka_num": 15
    },
    {
        "text": "पित्रा नियुक्ता भगवन् प्रवेष्यामः तपो वनम् ।\nधर्मम् एव आचरिष्यामः तत्र मूल फल अशनाः ॥२-५४-१६॥",
        "index": 16,
        "shloka_num": 16
    },
    {
        "text": "तस्य तत् वचनम् श्रुत्वा राज पुत्रस्य धीमतः ।\nउपानयत धर्म आत्मा गाम् अर्घ्यम् उदकम् ततः ॥२-५४-१७॥",
        "index": 17,
        "shloka_num": 17
    },
    {
        "text": "नानाविधानन्नरसान् वन्यमूलफलाश्रयान् ।\nतेभ्यो ददौ तप्ततपा वासम् चैवाभ्यकल्पयत् ॥२-५४-१८॥",
        "index": 18,
        "shloka_num": 18
    },
    {
        "text": "मृग पक्षिभिर् आसीनो मुनिभिः च समन्ततः ।\nरामम् आगतम् अभ्यर्च्य स्वागतेन आह तम् मुनिः ॥२-५४-१९॥",
        "index": 19,
        "shloka_num": 19
    },
    {
        "text": "प्रतिगृह्य च ताम् अर्चाम् उपविष्टम् स राघवम् ।\nभरद्वाजो अब्रवीद् वाक्यम् धर्म युक्तम् इदम् तदा ॥२-५४-२०॥",
        "index": 20,
        "shloka_num": 20
    },
    {
        "text": "चिरस्य खलु काकुत्स्थ पश्यामि त्वाम् इह आगतम् ।\nश्रुतम् तव मया च इदम् विवासनम् अकारणम् ॥२-५४-२१॥",
        "index": 21,
        "shloka_num": 21
    },
    {
        "text": "अवकाशो विविक्तः अयम् महा नद्योह् समागमे ।\nपुण्यः च रमणीयः च वसतु इह भगान् सुखम् ॥२-५४-२२॥",
        "index": 22,
        "shloka_num": 22
    },
    {
        "text": "एवम् उक्तः तु वचनम् भरद्वाजेन राघवः ।\nप्रत्युवाच शुभम् वाक्यम् रामः सर्व हिते रतः ॥२-५४-२३॥",
        "index": 23,
        "shloka_num": 23
    },
    {
        "text": "भगवन्न् इताअसन्नः पौर जानपदो जनः ।\nसुदर्शमिह माम् प्रेक्ष्य मन्येऽह मिममाश्रमम् ॥२-५४-२४॥",
        "index": 24,
        "shloka_num": 24
    },
    {
        "text": "आगमिष्यति वैदेहीम् माम् च अपि प्रेक्षको जनः ।\nअनेन कारणेन अहम् इह वासम् न रोचये ॥२-५४-२५॥",
        "index": 25,
        "shloka_num": 25
    },
    {
        "text": "एक अन्ते पश्य भगवन्न् आश्रम स्थानम् उत्तमम् ।\nरमते यत्र वैदेही सुख अर्हा जनक आत्मजा ॥२-५४-२६॥",
        "index": 26,
        "shloka_num": 26
    },
    {
        "text": "एतत् श्रुत्वा शुभम् वाक्यम् भरद्वाजो महा मुनिः ।\nराघवस्य ततः वाक्यम् अर्थ ग्राहकम् अब्रवीत् ॥२-५४-२७॥",
        "index": 27,
        "shloka_num": 27
    },
    {
        "text": "दश क्रोशैतः तात गिरिर् यस्मिन् निवत्स्यसि ।\nमहर्षि सेवितः पुण्यः सर्वतः सुख दर्शनः ॥२-५४-२८॥",
        "index": 28,
        "shloka_num": 28
    },
    {
        "text": "गो लान्गूल अनुचरितः वानर ऋष्क निषेवितः ।\nचित्र कूटैति ख्यातः गन्ध मादन सम्निभः ॥२-५४-२९॥",
        "index": 29,
        "shloka_num": 29
    },
    {
        "text": "यावता चित्र कूटस्य नरः शृन्गाणि अवेक्षते ।\nकल्याणानि समाधत्ते न पापे कुरुते मनः ॥२-५४-३०॥",
        "index": 30,
        "shloka_num": 30
    },
    {
        "text": "ऋषयः तत्र बहवो विहृत्य शरदाम् शतम् ।\nतपसा दिवम् आरूधाः कपाल शिरसा सह ॥२-५४-३१॥",
        "index": 31,
        "shloka_num": 31
    },
    {
        "text": "प्रविविक्तम् अहम् मन्ये तम् वासम् भवतः सुखम् ।\nइह वा वन वासाय वस राम मया सह ॥२-५४-३२॥",
        "index": 32,
        "shloka_num": 32
    },
    {
        "text": "स रामम् सर्व कामैअः तम् भरद्वाजः प्रिय अतिथिम् ।\nसभार्यम् सह च भ्रात्रा प्रतिजग्राह धर्मवित् ॥२-५४-३३॥",
        "index": 33,
        "shloka_num": 33
    },
    {
        "text": "तस्य प्रयागे रामस्य तम् महर्षिम् उपेयुषः ।\nप्रपन्ना रजनी पुण्या चित्राः कथयतः कथाः ॥२-५४-३४॥",
        "index": 34,
        "shloka_num": 34
    },
    {
        "text": "सीतातृतीय काकुत्स्थह् परिश्रान्तः सुखोचितः ।\nभरद्वाजाश्रमे रम्ये ताम् रात्रि मवस्त्सुखम् ॥२-५४-३५॥",
        "index": 35,
        "shloka_num": 35
    },
    {
        "text": "प्रभातायाम् रजन्याम् तु भरद्वाजम् उपागमत् ।\nउवाच नर शार्दूलो मुनिम् ज्वलित तेजसम् ॥२-५४-३६॥",
        "index": 36,
        "shloka_num": 36
    },
    {
        "text": "शर्वरीम् भवनन्न् अद्य सत्य शील तव आश्रमे ।\nउषिताः स्म इह वसतिम् अनुजानातु नो भवान् ॥२-५४-३७॥",
        "index": 37,
        "shloka_num": 37
    },
    {
        "text": "रात्र्याम् तु तस्याम् व्युष्टायाम् भरद्वाजो अब्रवीद् इदम् ।\nमधु मूल फल उपेतम् चित्र कूटम् व्रज इति ह ॥२-५४-३८॥",
        "index": 38,
        "shloka_num": 38
    },
    {
        "text": "वासमौपयिकम् मन्ये तव राम महाबल ।\nनानानगगणोपेतः किन्नरोरगसेवितह् ॥२-५४-३९॥",
        "index": 39,
        "shloka_num": 39
    },
    {
        "text": "मयूरनादाभिरुतो गजराजनिषेवितः ।\nगम्यताम् भवता शैलश्चित्रकूटः स विश्रुतः ॥२-५४-४०॥",
        "index": 40,
        "shloka_num": 40
    },
    {
        "text": "पुण्यश्च रमणीयश्च बहुमूलफलायुतः ।\nतत्र कुन्जर यूथानि मृग यूथानि च अभितः ॥२-५४-४१॥",
        "index": 41,
        "shloka_num": 41
    },
    {
        "text": "विचरन्ति वन अन्तेषु तानि द्रक्ष्यसि राघव ।\nसरित्प्रस्रवणप्रस्थान् दरीकन्धरनिर्घरान् ॥२-५४-४२॥",
        "index": 42,
        "shloka_num": 42
    },
    {
        "text": "चरतः सीतया सार्धम् नन्दिष्यति मनस्तव ।\nप्रहृष्ट कोयष्टिक कोकिल स्वनैः ।\nर्विनादितम् तम् वसुधा धरम् शिवम् ।\nमृगैः च मत्तैः बहुभिः च कुन्जरैः ।\nसुरम्यम् आसाद्य समावस आश्रमम् ॥२-५४-४३॥",
        "index": 43,
        "shloka_num": 43
    },
    {
        "text": "इत्यार्षे श्रीमद्रामायणे वाल्मीकीये आदिकाव्ये अयोध्याकाण्डे भरद्वाजाश्रमाभिगमनम् नाम चतुःपञ्चाशः सर्गः ॥२-५४॥",
        "index": 44,
        "shloka_num": null
    }
]