[
    {
        "text": "अथ श्रीमद्वाल्मीकीयरामायणे अयोध्याकाण्डे यमुनातरणम् नाम पञ्चपञ्चाशः सर्गः ॥२-५५॥",
        "index": 0,
        "shloka_num": null
    },
    {
        "text": "उषित्वा रजनीम् तत्र राजपुत्रावरिम्दमौ ।\nमहर्षिमभिवाद्याथ जग्मतुस्तम् गिरिम् प्रति ॥२-५५-१॥",
        "index": 1,
        "shloka_num": 1
    },
    {
        "text": "तेषाम् चैव स्वस्त्ययनम् महर्षिः स चकार ह ।\nप्रस्थिताम्श्चैव तान् प्रेक्ष्यपिता पुत्रानिवान्वगात् ॥२-५५-२॥",
        "index": 2,
        "shloka_num": 2
    },
    {
        "text": "ततः प्रचक्रमे वक्तुम् वचनम् स महामुनिः ।\nभर्द्वाजो महातेजा रामम् सत्यपराक्रमम् ॥२-५५-३॥",
        "index": 3,
        "shloka_num": 3
    },
    {
        "text": "गङ्गायमुनयोः सन्धिमासाद्य मनुजर्षभौ ।\nकालिन्दीमनुगच्छेताम् नदीम् पश्चान्मुखाश्रिताम् ॥२-५५-४॥",
        "index": 4,
        "shloka_num": 4
    },
    {
        "text": "अथासाद्य तु कालिन्दीं शीघ्रस्रोतसमापगाम् प्रतिस्रोतःसमागताम् पाभे ।\nतस्यास्तीर्थम् प्रचरितम् पुराणम् प्रेक्ष्य राघवौ ॥२-५५-५॥",
        "index": 5,
        "shloka_num": 5
    },
    {
        "text": "तत्र यूयम् प्लवम् कृत्वा तरतांशुमतीं नदीम् ।\nततो न्यग्रोधमासाद्य महान्तम् हरितच्छदम् ॥२-५५-६॥",
        "index": 6,
        "shloka_num": 6
    },
    {
        "text": "विवृद्धम् बहुभिर्वऋक्षैह् श्यामम् सिद्धोपसेवितम् ।\nतस्मै सीताञ्जलिम् कृत्वा प्रयुञ्जीताशिषः शिवाः ॥२-५५-७॥",
        "index": 7,
        "shloka_num": 7
    },
    {
        "text": "समासाद्य तु तम् वृक्षम् वसेद्वातिक्रमेत वा ।\nक्रोशमात्रम् ततो गत्वा नीलम् द्रक्ष्यथ काननम् ॥२-५५-८॥",
        "index": 8,
        "shloka_num": 8
    },
    {
        "text": "पलाशबदरीमिश्रम् रम्यम् वम्शैश्च यामुनैः ।\nस पन्थाश्चित्रकूटस्य गतः सुबहुशो मया ॥२-५५-९॥",
        "index": 9,
        "shloka_num": 9
    },
    {
        "text": "रम्ये मार्दवयुक्तश्च वनदावैर्विपर्जितः ।\nइति पन्थानमावेद्य महर्षः स न्यवर्तत ॥२-५५-१०॥",
        "index": 10,
        "shloka_num": 10
    },
    {
        "text": "अभिवाद्य तथेत्युक्त्वा रामेण विनिवर्तितः ।\nउपावृत्ते मुनौ तस्मिन् रामो लक्ष्मणमब्रवीत् ॥२-५५-११॥",
        "index": 11,
        "shloka_num": 11
    },
    {
        "text": "कृतपुण्याः स्म सौमित्रे मुनिर्यन्नोऽनुकम्पते ।\nइति तौ पुरुषव्याघ्रौ मन्त्रयित्वा मनस्विनौ ॥२-५५-१२॥",
        "index": 12,
        "shloka_num": 12
    },
    {
        "text": "सीतामेवाग्रतः कृत्वा काइन्दीम् जग्मतुर्नदीम् ।\nअथा साद्य तु काइन्दीम् शीघ्रस्रोतोवहाम् नदीम् ॥२-५५-१३॥",
        "index": 13,
        "shloka_num": 13
    },
    {
        "text": "तौ काष्ठसम्घातमथो चक्रतुस्तु महाप्लवम् ॥२-५५-१४॥",
        "index": 14,
        "shloka_num": 14
    },
    {
        "text": "शुष्कैर्वम्शैः समास्तीर्णमुईरैश्च समावृतम् ।\nततो वेतसशाखाश्च जम्बूशाखाश्च वीर्यवान् ॥२-५५-१५॥",
        "index": 15,
        "shloka_num": 15
    },
    {
        "text": "चकार लक्ष्मणश्छित्वा सीतायाः सुखमासनम् ।\nतत्र श्रियमिवाचिन्त्याम् रामो दाशरथिः प्रियाम् ॥२-५५-१६॥",
        "index": 16,
        "shloka_num": 16
    },
    {
        "text": "ईष्त्सन्कह्हनाबान् तानग्तारिओअतत् प्लवम् ।\nपार्श्वे च तत्र वैदेह्या वसने चूष्णानि च ॥२-५५-१७॥",
        "index": 17,
        "shloka_num": 17
    },
    {
        "text": "प्लवे कठिनकाजम् च रामश्चक्रे सहायुधैः ।\nआरोप्य प्रथमम् सीताम् सम्घाटम् प्रतिगृह्य तौ ॥२-५५-१८॥",
        "index": 18,
        "shloka_num": 18
    },
    {
        "text": "ततः प्रतेरतुर्य त्तौ वीरौ दशरथात्मजौ ।\nकाइन्दीमध्यमायाता सीता त्वेनामवन्दत ॥२-५५-१९॥",
        "index": 19,
        "shloka_num": 19
    },
    {
        "text": "स्वस्ति देवि तरामि त्वाम् पार्येन्मे पतिर्वतम् ।\nयक्ष्ये त्वाम् गोनहस्रेण सुराघटशतेन च ॥२-५५-२०॥",
        "index": 20,
        "shloka_num": 20
    },
    {
        "text": "स्वस्ति प्रत्यागते रामे पुरीमिक्ष्वाकुपालिताम् ।\nकाइन्दीमथ सीता तु याचमाना कृताञ्जलिः ॥२-५५-२१॥",
        "index": 21,
        "shloka_num": 21
    },
    {
        "text": "तीरमेवाभिसम्प्राप्ता दक्षिणम् वरवर्णिनी ।\nततः प्लवेनाम्शुमतीम् शीघ्रगामूर्मिमालिनीम् ॥२-५५-२२॥",
        "index": 22,
        "shloka_num": 22
    },
    {
        "text": "तीरजैर्बहुभिर्वृक्षैः सम्तेरुर्यमुनाम् नदीम् ।\nते तीर्णाः प्लवमुत्सृज्य प्रस्थाय यमुनावनात् ॥२-५५-२३॥",
        "index": 23,
        "shloka_num": 23
    },
    {
        "text": "श्यामम् न्यग्रोधमासेदुः शीतलम् हरितच्छदम् ।\nन्य्ग्रोधम् तमुपागम्य वैदेहि वाक्यमब्रवीत् ॥२-५५-२४॥",
        "index": 24,
        "shloka_num": 24
    },
    {
        "text": "नमस्तेऽन्तु महावृक्ष पारयेन्मे पतिर्वतम् ।\nकौसल्याम् चैव पश्येयम् सुमित्राम् च यशस्विनीम् ॥२-५५-२५॥",
        "index": 25,
        "shloka_num": 25
    },
    {
        "text": "इति सीताञ्जलिम् कृत्वा पर्यगच्छद्वनस्पतिम् ।\nअवलोक्य ततः सीतामायाचन्तीमनिन्दिताम् ॥२-५५-२६॥",
        "index": 26,
        "shloka_num": 26
    },
    {
        "text": "दयिताम् च विधेयम् च रामो लक्ष्मणमब्रवीत् ।\nसीतामादाय गच्छ त्वमग्रतो भरतानुज ॥२-५५-२७॥",
        "index": 27,
        "shloka_num": 27
    },
    {
        "text": "पृष्ठतोऽहम् गमिष्यामि सायुधो द्विपदाम् वर ।\nयद्यत्फलम् प्रार्थयते पुष्पम् वा जनकात्मजा ॥२-५५-२८॥",
        "index": 28,
        "shloka_num": 28
    },
    {
        "text": "तत्तत्प्रदद्या वैदेह्या यत्रास्य रमते मनः ।\nगच्चतोस्तु तयोर्मध्ये बभूव जनकात्मजा ॥२-५५-२९॥",
        "index": 29,
        "shloka_num": 29
    },
    {
        "text": "मातङ्गयोर्मद्यगता शुभा नागवधूरिव ।\nएकैकम् पादपम् गुल्मम् लताम् वा पुष्पशालिनीम् ॥२-५५-३०॥",
        "index": 30,
        "shloka_num": 30
    },
    {
        "text": "अदृष्टपूर्वाम् पश्यन्ती रामम् पप्रच्छ साऽबला ।\nरमणीयान् बहुविधान् पादपान् कुसुमोत्कटान् ॥२-५५-३१॥",
        "index": 31,
        "shloka_num": 31
    },
    {
        "text": "सीतावचनसम्रब्द अनयामास लक्स्मणः ।\nविचित्रवालुकजलाम् हससारसनादिताम् ॥२-५५-३२॥",
        "index": 32,
        "shloka_num": 32
    },
    {
        "text": "रेमे जनकराजस्य तदा प्रेक्ष्य सुता नदीम् ।\nक्रोशमात्रम् ततो गत्वा भ्रातरौ रामलक्ष्मनौ ॥२-५५-३३॥",
        "index": 33,
        "shloka_num": 33
    },
    {
        "text": "बहून्मेध्यान् मृगान् हत्वा चेरतुर्यमुनावने ।\nविहृत्य ते बर्हिणपूगनादिते ।\nशुभे वने वानरवारणायुते ।\nसमम् नदीवप्रमुपेत्य सम्मतम् ।\nनिवासमाजग्मु रदीनदर्शनाः ॥२-५५-३४॥",
        "index": 34,
        "shloka_num": 34
    },
    {
        "text": "इत्यार्षे श्रीमद्रामायणे वाल्मीकीये आदिकाव्ये अयोध्याकाण्डे यमुनातरणम् नाम पञ्चपञ्चाशः सर्गः ॥२-५५॥",
        "index": 35,
        "shloka_num": null
    }
]