[
    {
        "text": "अथ श्रीमद्वाल्मीकीयरामायणे अयोध्याकाण्डे दशरथविलापः नाम एकोनषष्ठितमः सर्गः ॥२-५९॥",
        "index": 0,
        "shloka_num": null
    },
    {
        "text": "मम तु अश्वा निवृत्तस्य न प्रावर्तन्त वर्त्मनि ।\nउष्णम् अश्रु विमुन्चन्तः रामे सम्प्रस्थिते वनम् ॥२-५९-१॥",
        "index": 1,
        "shloka_num": 1
    },
    {
        "text": "उभाभ्याम् राज पुत्राभ्याम् अथ कृत्वा अहम् ज्ञलिम् ।\nप्रस्थितः रथम् आस्थाय तत् दुह्खम् अपि धारयन् ॥२-५९-२॥",
        "index": 2,
        "shloka_num": 2
    },
    {
        "text": "गुहा इव सार्धम् तत्र एव स्थितः अस्मि दिवसान् बहून् ।\nआशया यदि माम् रामः पुनः शब्दापयेद् इति ॥२-५९-३॥",
        "index": 3,
        "shloka_num": 3
    },
    {
        "text": "विषये ते महा राज माम व्यसन कर्शिताः ।\nअपि वृक्षाः परिम्लानः सपुष्प अन्कुर कोरकाः ॥२-५९-४॥",
        "index": 4,
        "shloka_num": 4
    },
    {
        "text": "उपतप्तोदका नद्यः पल्वलानि सराम्सि च ।\nपरिष्कुपलाशानि वनान्युपवनानि च ॥२-५९-५॥",
        "index": 5,
        "shloka_num": 5
    },
    {
        "text": "न च सर्पन्ति सत्त्वानि व्याला न प्रसरन्ति च ।\nराम शोक अभिभूतम् तन् निष्कूजम् अभवद् वनम् ॥२-५९-६॥",
        "index": 6,
        "shloka_num": 6
    },
    {
        "text": "लीन पुष्कर पत्राः च नर इन्द्र कलुष उदकाः ।\nसम्तप्त पद्माः पद्मिन्यो लीन मीन विहम्गमाः ॥२-५९-७॥",
        "index": 7,
        "shloka_num": 7
    },
    {
        "text": "जलजानि च पुष्पाणि माल्यानि स्थलजानि च ।\nन अद्य भान्ति अल्प गन्धीनि फलानि च यथा पुरम् ॥२-५९-८॥",
        "index": 8,
        "shloka_num": 8
    },
    {
        "text": "अत्रोद्यानानि शून्यानि प्रलीनविहगानि च ।\nन चाभिरामानारामान् पश्यामि मनुजर्षभ ॥२-५९-९॥",
        "index": 9,
        "shloka_num": 9
    },
    {
        "text": "प्रविशन्तम् अयोध्याम् माम् न कश्चित् अभिनन्दति ।\nनरा रामम् अपश्यन्तः निह्श्वसन्ति मुहुर् मुहुः ॥२-५९-१०॥",
        "index": 10,
        "shloka_num": 10
    },
    {
        "text": "देव राजरथम् दृष्ट्वा विना राममिहागतम् ।\nदुःखादश्रुमुखः सर्वो राजमार्गगतो जनः ॥२-५९-११॥",
        "index": 11,
        "shloka_num": 11
    },
    {
        "text": "हर्म्यैः विमानैः प्रासादैः अवेक्ष्य रथम् आगतम् ।\nहाहा कार कृता नार्यो राम अदर्शन कर्शिताः ॥२-५९-१२॥",
        "index": 12,
        "shloka_num": 12
    },
    {
        "text": "आयतैः विमलैः नेत्रैः अश्रु वेग परिप्लुतैः ।\nअन्योन्यम् अभिवीक्षन्ते व्यक्तम् आर्ततराः स्त्रियः ॥२-५९-१३॥",
        "index": 13,
        "shloka_num": 13
    },
    {
        "text": "न अमित्राणाम् न मित्राणाम् उदासीन जनस्य च ।\nअहम् आर्ततया कम्चित् विशेषम् न उपलक्षये ॥२-५९-१४॥",
        "index": 14,
        "shloka_num": 14
    },
    {
        "text": "अप्रहृष्ट मनुष्या च दीन नाग तुरम्गमा ।\nआर्त स्वर परिम्लाना विनिह्श्वसित निह्स्वना ॥२-५९-१५॥",
        "index": 15,
        "shloka_num": 15
    },
    {
        "text": "निरानन्दा महा राज राम प्रव्राजन आतुला ।\nकौसल्या पुत्र हीना इवायोध्या प्रतिभाति मा मा ॥२-५९-१६॥",
        "index": 16,
        "shloka_num": 16
    },
    {
        "text": "सूतस्य वचनम् श्रुत्वा वाचा परम दीनया ।\nबाष्प उपहतया राजा तम् सूतम् इदम् अब्रवीत् ॥२-५९-१७॥",
        "index": 17,
        "shloka_num": 17
    },
    {
        "text": "कैकेय्या विनियुक्तेन पाप अभिजन भावया ।\nमया न मन्त्र कुशलैः वृद्धैः सह समर्थितम् ॥२-५९-१८॥",
        "index": 18,
        "shloka_num": 18
    },
    {
        "text": "न सुहृद्भिर् न च अमात्यैः मन्त्रयित्वा न नैगमैः ।\nमया अयम् अर्थः सम्मोहात् स्त्री हेतोह् सहसा कृतः ॥२-५९-१९॥",
        "index": 19,
        "shloka_num": 19
    },
    {
        "text": "भवितव्यतया नूनम् इदम् वा व्यसनम् महत् ।\nकुलस्य अस्य विनाशाय प्राप्तम् सूत यदृच्चया ॥२-५९-२०॥",
        "index": 20,
        "shloka_num": 20
    },
    {
        "text": "सूत यद्य् अस्ति ते किम्चिन् मया अपि सुकृतम् कृतम् ।\nत्वम् प्रापय आशु माम् रामम् प्राणाः सम्त्वरयन्ति माम् ॥२-५९-२१॥",
        "index": 21,
        "shloka_num": 21
    },
    {
        "text": "यद् यद् या अपि मम एव आज्ञा निवर्तयतु राघवम् ।\nन शक्ष्यामि विना राम मुहूर्तम् अपि जीवितुम् ॥२-५९-२२॥",
        "index": 22,
        "shloka_num": 22
    },
    {
        "text": "अथवा अपि महा बाहुर् गतः दूरम् भविष्यति ।\nमाम् एव रथम् आरोप्य शीघ्रम् रामाय दर्शय ॥२-५९-२३॥",
        "index": 23,
        "shloka_num": 23
    },
    {
        "text": "वृत्त दम्ष्ट्रः महा इष्वासः क्व असौ लक्ष्मण पूर्वजः ।\nयदि जीवामि साध्व् एनम् पश्येयम् सह सीतया ॥२-५९-२४॥",
        "index": 24,
        "shloka_num": 24
    },
    {
        "text": "लोहित अक्षम् महा बाहुम् आमुक्त मणि कुण्डलम् ।\nरामम् यदि न पश्यामि गमिष्यामि यम क्षयम् ॥२-५९-२५॥",
        "index": 25,
        "shloka_num": 25
    },
    {
        "text": "अतः नु किम् दुह्खतरम् यो अहम् इक्ष्वाकु नन्दनम् ।\nइमाम् अवस्थाम् आपन्नो न इह पश्यामि राघवम् ॥२-५९-२६॥",
        "index": 26,
        "shloka_num": 26
    },
    {
        "text": "हा राम राम अनुज हा हा वैदेहि तपस्विनी ।\nन माम् जानीत दुह्खेन म्रियमाणम् अनाथवत् ॥२-५९-२७॥",
        "index": 27,
        "shloka_num": 27
    },
    {
        "text": "स तेन राजा दुःखेन भृशमर्पितचेतनः ।\nअवगाढः सुदुष्पारम् शोकसागमब्रवीत् ॥२-५९-२८॥",
        "index": 28,
        "shloka_num": 28
    },
    {
        "text": "रामशोकमहाभोगः सीताविरहपारगः ।\nश्वसितोर्मिमहावर्तो बाष्पफेनजलाविलः ॥२-५९-२९॥",
        "index": 29,
        "shloka_num": 29
    },
    {
        "text": "बाहुविक्षेपमीनौघो विक्रन्दितमहास्वनः ।\nप्रकीर्णकेशशैवालः कैकेयीबडबामुखः ॥२-५९-३०॥",
        "index": 30,
        "shloka_num": 30
    },
    {
        "text": "ममाश्रुवेगप्रभवः कुब्जावाक्यमहाग्रहः ।\nवरवेलो नृशम्साया रामप्रव्राजनायतः ॥२-५९-३१॥",
        "index": 31,
        "shloka_num": 31
    },
    {
        "text": "यस्मिन् बत निमग्नोऽहम् कौसल्ये राघवम् विना ।\nदुस्तरः जीवता देवि मया अयम् शोक सागरः ॥२-५९-३२॥",
        "index": 32,
        "shloka_num": 32
    },
    {
        "text": "अशोभनम् यो अहम् इह अद्य राघवम् ।\nदिदृक्षमाणो न लभे सलक्ष्मणम्इति इव राजा विलपन् महा यहाशःपपात तूर्णम् शयने स मूर्चितः ॥२-५९-३३॥",
        "index": 33,
        "shloka_num": 33
    },
    {
        "text": "इति विलपति पार्थिवे प्रनष्टे ।\nकरुणतरम् द्विगुणम् च राम हेतोः ।\nवचनम् अनुनिशम्य तस्य देवी ।\nभयम् अगमत् पुनर् एव राम माता ॥२-५९-३४॥",
        "index": 34,
        "shloka_num": 34
    },
    {
        "text": "इत्यार्षे श्रीमद्रामायणे वाल्मीकीये आदिकाव्ये अयोध्याकाण्डे दशरथविलापः नाम एकोनषष्ठितमः सर्गः ॥२-५९॥",
        "index": 35,
        "shloka_num": null
    }
]