[
    {
        "text": "अथ श्रीमद्वाल्मीकीयरामायणे अयोध्याकाण्डे भरतशपथः नाम पञ्चसप्ततितमः सर्गः ॥२-७५॥",
        "index": 0,
        "shloka_num": null
    },
    {
        "text": "दीर्घकालात्समुत्थाय सम्ज्ञाम् लब्ध्वा च वीर्यवान् ।\nनेत्राभ्यामश्रुपूर्णाभ्याम् दीनामुद्वीक्ष्य मातरम् ॥२-७५-१॥",
        "index": 1,
        "shloka_num": 1
    },
    {
        "text": "सोऽमात्यमध्येभरतो जननीमभ्यकुत्सयत् ।\nराज्यम् न कामये जातु मन्त्रये नापि मातरम् ॥२-७५-२॥",
        "index": 2,
        "shloka_num": 2
    },
    {
        "text": "अभिषेकम् न जानामि योभूद्रज्ना समीक्षितः ।\nविप्रकृष्टे ह्यहम् देशे शत्रुघ्न सहितोऽवसम् ॥२-७५-३॥",
        "index": 3,
        "shloka_num": 3
    },
    {
        "text": "वनवासम् न जानामि रामस्यहम् महात्मनः ।\nविवासनम् वा सौमित्रेः सीतायाश्च यथाभवत् ॥२-७५-४॥",
        "index": 4,
        "shloka_num": 4
    },
    {
        "text": "तथैव क्रोशतः तस्य भरतस्य महात्मनः ।\nकौसल्या शब्दम् आज्ञाय सुमित्राम् इदम् अब्रवीत् ॥२-७५-५॥",
        "index": 5,
        "shloka_num": 5
    },
    {
        "text": "आगतः क्रूर कार्यायाः कैकेय्या भरतः सुतः ।\nतम् अहम् द्रष्टुम् इच्चामि भरतम् दीर्घ दर्शिनम् ॥२-७५-६॥",
        "index": 6,
        "shloka_num": 6
    },
    {
        "text": "एवम् उक्त्वा सुमित्राम् सा विवर्णा मलिन अम्बरा ।\nप्रतस्थे भरतः यत्र वेपमाना विचेतना ॥२-७५-७॥",
        "index": 7,
        "shloka_num": 7
    },
    {
        "text": "स तु राम अनुजः च अपि शत्रुघ्न सहितः तदा ।\nप्रतस्थे भरतः यत्र कौसल्याया निवेशनम् ॥२-७५-८॥",
        "index": 8,
        "shloka_num": 8
    },
    {
        "text": "ततः शत्रुघ्न भरतौ कौसल्याम् प्रेक्ष्य दुह्खितौ ।\nपर्यष्वजेताम् दुह्ख आर्ताम् पतिताम् नष्ट चेतनाम् ॥२-७५-९॥",
        "index": 9,
        "shloka_num": 9
    },
    {
        "text": "रुदन्तौ रुदतीम् दुःखात्समेत्यार्याम् मनस्स्विनीम् ।\nभरतम् प्रत्युवाच इदम् कौसल्या भृश दुह्खिता ॥२-७५-१०॥",
        "index": 10,
        "shloka_num": 10
    },
    {
        "text": "इदम् ते राज्य कामस्य राज्यम् प्राप्तम् अकण्टकम् ।\nसम्प्राप्तम् बत कैकेय्या शीघ्रम् क्रूरेण कर्मणा ॥२-७५-११॥",
        "index": 11,
        "shloka_num": 11
    },
    {
        "text": "प्रस्थाप्य चीर वसनम् पुत्रम् मे वन वासिनम् ।\nकैकेयी कम् गुणम् तत्र पश्यति क्रूर दर्शिनी ॥२-७५-१२॥",
        "index": 12,
        "shloka_num": 12
    },
    {
        "text": "क्षिप्रम् माम् अपि कैकेयी प्रस्थापयितुम् अर्हति ।\nहिरण्य नाभो यत्र आस्ते सुतः मे सुमहा यशाः ॥२-७५-१३॥",
        "index": 13,
        "shloka_num": 13
    },
    {
        "text": "अथवा स्वयम् एव अहम् सुमित्र अनुचरा सुखम् ।\nअग्नि होत्रम् पुरः कृत्य प्रस्थास्ये यत्र राघवः ॥२-७५-१४॥",
        "index": 14,
        "shloka_num": 14
    },
    {
        "text": "कामम् वा स्वयम् एव अद्य तत्र माम् नेतुम् अर्हसि ।\nयत्र असौ पुरुष व्याघ्रः तप्यते मे तपः सुतः ॥२-७५-१५॥",
        "index": 15,
        "shloka_num": 15
    },
    {
        "text": "इदम् हि तव विस्तीर्णम् धन धान्य समाचितम् ।\nहस्ति अश्व रथ सम्पूर्णम् राज्यम् निर्यातितम् तया ॥२-७५-१६॥",
        "index": 16,
        "shloka_num": 16
    },
    {
        "text": "इत्यादिबहुभिर्वाक्यैः क्रूरैः सम्भर्स्तितोऽनघः ।\nविव्यथे भरतस्तीव्रम् व्रणे तुद्येव सूचिना ॥२-७५-१७॥",
        "index": 17,
        "shloka_num": 17
    },
    {
        "text": "पपात चरणौ तस्यास्तदा सम्भ्रान्तचेतनः ।\nविलप्य बहुधाऽसम्ज्ञो लब्धसम्ज्ञ्स्ततः स्थितः ॥२-७५-१८॥",
        "index": 18,
        "shloka_num": 18
    },
    {
        "text": "एवम् विलपमानाम् ताम् भरतः प्रान्जलिस् तदा ।\nकौसल्याम् प्रत्युवाच इदम् शोकैः बहुभिर् आवृताम् ॥२-७५-१९॥",
        "index": 19,
        "shloka_num": 19
    },
    {
        "text": "आर्ये कस्मात् अजानन्तम् गर्हसे माम् अकिल्बिषम् ।\nविपुलाम् च मम प्रीतिम् स्थिराम् जानासि राघवे ॥२-७५-२०॥",
        "index": 20,
        "shloka_num": 20
    },
    {
        "text": "कृता शास्त्र अनुगा बुद्धिर् मा भूत् तस्य कदाचन ।\nसत्य सम्धः सताम् श्रेष्ठो यस्य आर्यो अनुमते गतः ॥२-७५-२१॥",
        "index": 21,
        "shloka_num": 21
    },
    {
        "text": "प्रैष्यम् पापीयसाम् यातु सूर्यम् च प्रति मेहतु ।\nहन्तु पादेन गाम् सुप्ताम् यस्य आर्यो अनुमते गतः ॥२-७५-२२॥",
        "index": 22,
        "shloka_num": 22
    },
    {
        "text": "कारयित्वा महत् कर्म भर्ता भृत्यम् अनर्थकम् ।\nअधर्मः यो अस्य सो अस्याः तु यस्य आर्यो अनुमते गतः ॥२-७५-२३॥",
        "index": 23,
        "shloka_num": 23
    },
    {
        "text": "परिपालयमानस्य राज्ञो भूतानि पुत्रवत् ।\nततः तु द्रुह्यताम् पापम् यस्य आर्यो अनुमते गतः ॥२-७५-२४॥",
        "index": 24,
        "shloka_num": 24
    },
    {
        "text": "बलि षड् भागम् उद्धृत्य नृपस्य अरक्षतः प्रजाः ।\nअधर्मः यो अस्य सो अस्य अस्तु यस्य आर्यो अनुमते गतः ॥२-७५-२५॥",
        "index": 25,
        "shloka_num": 25
    },
    {
        "text": "सम्श्रुत्य च तपस्विभ्यः सत्रे वै यज्ञ दक्षिणाम् ।\nताम् विप्रलपताम् पापम् यस्य आर्यो अनुमते गतः ॥२-७५-२६॥",
        "index": 26,
        "shloka_num": 26
    },
    {
        "text": "हस्ति अश्व रथ सम्बाधे युद्धे शस्त्र समाकुले ।\nमा स्म कार्षीत् सताम् धर्मम् यस्य आर्यो अनुमते गतः ॥२-७५-२७॥",
        "index": 27,
        "shloka_num": 27
    },
    {
        "text": "उपदिष्टम् सुसूक्ष्म अर्थम् शास्त्रम् यत्नेन धीमता ।\nस नाशयतु दुष्ट आत्मा यस्य आर्यो अनुमते गतः ॥२-७५-२८॥",
        "index": 28,
        "shloka_num": 28
    },
    {
        "text": "मा च तम् प्यूढबाह्वम्सम् चन्द्रार्कसम्तेजनम् ।\nद्राक्षीद्राज्यस्थमासीनम् यस्यार्योऽनुमते गतः ॥२-७५-२९॥",
        "index": 29,
        "shloka_num": 29
    },
    {
        "text": "पायसम् कृसरम् चागम् वृथा सो अश्नातु निर्घृणः ।\nगुरूमः च अपि अवजानातु यस्य आर्यो अनुमते गतः ॥२-७५-३०॥",
        "index": 30,
        "shloka_num": 30
    },
    {
        "text": "गाश्च स्पृशतु पादेन गुरून् परिवदेत्स्वयम् ।\nमित्रे द्रुह्येत सोऽत्यन्तम् यस्यार्योऽनुमते गतः ॥२-७५-३१॥",
        "index": 31,
        "shloka_num": 31
    },
    {
        "text": "विश्वासात्कथितम् किम्चित्परिवादम् मिथः क्वचित् ।\nविवृणोतु स दुष्टात्मा यस्यार्योओऽनुमते गतः ॥२-७५-३२॥",
        "index": 32,
        "shloka_num": 32
    },
    {
        "text": "अकर्ता ह्यकृतज्ञश्च त्यक्तात्मा निरपत्रपः ।\nलोके भवतु विद्वेष्यो यस्यार्योऽनुमते गतः ॥२-७५-३३॥",
        "index": 33,
        "shloka_num": 33
    },
    {
        "text": "पुत्रैः दारैः च भृत्यैः च स्व गृहे परिवारितः ।\nस एको मृष्टम् अश्नातु यस्य आर्यो अनुमते गतः ॥२-७५-३४॥",
        "index": 34,
        "shloka_num": 34
    },
    {
        "text": "अप्राप्य सदृशान् दाराननपत्यः प्रमीयताम् ।\nअनवाप्य क्रियाम् धर्म्याम् यश्यार्योऽनुमते गतः ॥२-७५-३५॥",
        "index": 35,
        "shloka_num": 35
    },
    {
        "text": "मात्मनः सम्ततिम् द्राक्षीत्स्वेषु दारेषु दुःखितः ।\nआयुः समग्रमप्राप्य यस्यार्योऽनुमते गतः ॥२-७५-३६॥",
        "index": 36,
        "shloka_num": 36
    },
    {
        "text": "राज स्त्री बाल वृद्धानाम् वधे यत् पापम् उच्यते ।\nभृत्य त्यागे च यत् पापम् तत् पापम् प्रतिपद्यताम् ॥२-७५-३७॥",
        "index": 37,
        "shloka_num": 37
    },
    {
        "text": "लाक्षया मधुमाम्सेन लोहेन च विषेण च ।\nसदैव बिभृयाद्भृत्यान् यस्यार्योऽसुमते गतः ॥२-७५-३८॥",
        "index": 38,
        "shloka_num": 38
    },
    {
        "text": "सम्ग्रामे समुपोढे स शत्रुपक्ष्भयम्करे ।\nपलायामानो वध्येत यस्यार्योऽनुमे गतः ॥२-७५-३९॥",
        "index": 39,
        "shloka_num": 39
    },
    {
        "text": "कपालपाणिः पृथिवीमटताम् चीरसम्वृतः ।\nभिक्समाणो यथोन्मत्तो यस्यार्योऽनुमते गतह् ॥२-७५-४०॥",
        "index": 40,
        "shloka_num": 40
    },
    {
        "text": "पाने प्रसक्तो भवतु स्त्रीष्वक्षेषु च नित्यशः ।\nकाम्क्रोधाभिभूतस्तु यस्यार्योऽनुमते गतः ॥२-७५-४१॥",
        "index": 41,
        "shloka_num": 41
    },
    {
        "text": "यस्य धर्मे मनो भूयादधर्मम् स निषेवताम् ।\nअपात्रवर्षी भवतु यस्यार्योऽनुमते गतः ॥२-७५-४२॥",
        "index": 42,
        "shloka_num": 42
    },
    {
        "text": "सम्चितान्यस्य वित्तानि विविधानि सहस्रशः ।\nदस्युभिर्विप्रलुप्यन्ताम् यश्यार्योऽनुमते गतः ॥२-७५-४३॥",
        "index": 43,
        "shloka_num": 43
    },
    {
        "text": "उभे सम्ध्ये शयानस्य यत् पापम् परिकल्प्यते ।\nतच् च पापम् भवेत् तस्य यस्य आर्यो अनुमते गतः ॥२-७५-४४॥",
        "index": 44,
        "shloka_num": 44
    },
    {
        "text": "यद् अग्नि दायके पापम् यत् पापम् गुरु तल्पगे ।\nमित्र द्रोहे च यत् पापम् तत् पापम् प्रतिपद्यताम् ॥२-७५-४५॥",
        "index": 45,
        "shloka_num": 45
    },
    {
        "text": "देवतानाम् पितृऋणाम् च माता पित्रोस् तथैव च ।\nमा स्म कार्षीत् स शुश्रूषाम् यस्य आर्यो अनुमते गतः ॥२-७५-४६॥",
        "index": 46,
        "shloka_num": 46
    },
    {
        "text": "सताम् लोकात् सताम् कीर्त्याः सज् जुष्टात् कर्मणः तथा ।\nभ्रश्यतु क्षिप्रम् अद्य एव यस्य आर्यो अनुमते गतः ॥२-७५-४७॥",
        "index": 47,
        "shloka_num": 47
    },
    {
        "text": "अपास्य मातृशुश्रूषामनर्थे सोऽवतिष्ठताम् ।\nदीर्घबाहुर्महावक्षा यस्यार्योऽसुमते गतः ॥२-७५-४८॥",
        "index": 48,
        "shloka_num": 48
    },
    {
        "text": "बहुपुत्रो दरिद्रश्च ज्वररोगसमन्वितः ।\nस भूयात्सततक्लेशी यस्यार्योऽनुमते गतः ॥२-७५-४९॥",
        "index": 49,
        "shloka_num": 49
    },
    {
        "text": "आशामाशम् समानानाम् दीनानामूर्ध्वचक्षुषाम् ।\nआर्थिनाम् वितथाम् कुर्याद्यस्यार्योऽनुमते गतः ॥२-७५-५०॥",
        "index": 50,
        "shloka_num": 50
    },
    {
        "text": "मायया रमताम् नित्यम् परुषः पिशुनोऽशुचिः ।\nराज्नो भीत स्त्वधर्मात्मा यस्यार्योऽनुमते गतः ॥२-७५-५१॥",
        "index": 51,
        "shloka_num": 51
    },
    {
        "text": "ऋतुस्नाताम् सतीम् भार्यामृतुकालानुरोधिनीम् ।\nअतिवर्तेत दुष्टात्मा यस्यार्योऽनुमते गतः ॥२-७५-५२॥",
        "index": 52,
        "shloka_num": 52
    },
    {
        "text": "धर्मदारान् परित्यज्य परदारान्नि षेवताम् ।\nत्यक्तधर्मरतिर्मूढो यस्यार्योऽनुमते गतः ॥२-७५-५३॥",
        "index": 53,
        "shloka_num": 53
    },
    {
        "text": "विप्रलु प्तप्रजातस्य दुष्कृतम् ब्राह्मणस्य यत् ।\nतदेव प्रतिपद्येत यस्यार्योऽनुमते गतः ॥२-७५-५४॥",
        "index": 54,
        "shloka_num": 54
    },
    {
        "text": "पानीयदूषके पापम् तथैव विषदायके ।\nयत्तदेकः स लभताम् यस्यार्योऽनुमते गतः ॥२-७५-५५॥",
        "index": 55,
        "shloka_num": 55
    },
    {
        "text": "ब्राह्मणायोद्यताम् पूजाम् विहन्तु कलुषेन्द्रियः ।\nबालवत्साम् च गाम् दोग्दु यस्यर्योऽनुमते गतः ॥२-७५-५६॥",
        "index": 56,
        "shloka_num": 56
    },
    {
        "text": "तृष्णार्तम् सति पानीये विप्रलम्भेन योजयेत् ।\nलभेत तस्य यत्पापम् यस्यार्योऽनुमते गतः ॥२-७५-५७॥",
        "index": 57,
        "shloka_num": 57
    },
    {
        "text": "भक्त्या विवदमानेषु मार्गमाश्रित्य पश्यतः ।\nतस्य पापेन युज्येत यस्यार्योऽनुमते गतः ॥२-७५-५८॥",
        "index": 58,
        "shloka_num": 58
    },
    {
        "text": "विहीनाम् पति पुत्राभ्याम् कौसल्याम् पार्थिव आत्मजः ।\nएवम् आश्वसयन्न् एव दुह्ख आर्तः निपपात ह ॥२-७५-५९॥",
        "index": 59,
        "shloka_num": 59
    },
    {
        "text": "तथा तु शपथैः कष्टैः शपमानम् अचेतनम् ।\nभरतम् शोक सम्तप्तम् कौसल्या वाक्यम् अब्रवीत् ॥२-७५-६०॥",
        "index": 60,
        "shloka_num": 60
    },
    {
        "text": "मम दुह्खम् इदम् पुत्र भूयः समुपजायते ।\nशपथैः शपमानो हि प्राणान् उपरुणत्सि मे ॥२-७५-६१॥",
        "index": 61,
        "shloka_num": 61
    },
    {
        "text": "दिष्ट्या न चलितः धर्मात् आत्मा ते सह लक्ष्मणः ।\nवत्स सत्य प्रतिज्ञो मे सताम् लोकान् अवाप्स्यसि ॥२-७५-६२॥",
        "index": 62,
        "shloka_num": 62
    },
    {
        "text": "इत्युक्त्वा चाङ्कमानीय भरतम् भ्रातृवत्सलम् ।\nपरिष्वज्य महाबाहुम् रुरोद भृशदुःखिता ॥२-७५-६३॥",
        "index": 63,
        "shloka_num": 63
    },
    {
        "text": "एवम् विलपमानस्य दुह्ख आर्तस्य महात्मनः ।\nमोहाच् च शोक सम्रोधात् बभूव लुलितम् मनः ॥२-७५-६४॥",
        "index": 64,
        "shloka_num": 64
    },
    {
        "text": "लालप्यमानस्य विचेतनस्य ।\nप्रनष्ट बुद्धेः पतितस्य भूमौ ।\nमुहुर् मुहुर् निह्श्वसतः च दीर्घम् ।\nसा तस्य शोकेन जगाम रात्रिः ॥२-७५-६५॥",
        "index": 65,
        "shloka_num": 65
    },
    {
        "text": "इत्यार्षे श्रीमद्रामायणे वाल्मीकीये आदिकाव्ये अयोध्याकाण्डे भरतशपथः नाम पञ्चसप्ततितमः सर्गः ॥२-७५॥",
        "index": 66,
        "shloka_num": null
    }
]