[
    {
        "text": "अथ श्रीमद्वाल्मीकीयरामायणे अयोध्याकाण्डे मार्गसंस्कारः नाम अशीतितमः सर्गः ॥२-८०॥",
        "index": 0,
        "shloka_num": null
    },
    {
        "text": "अथ भूमि प्रदेशज्ञाः सूत्र कर्म विशारदाः ।\nस्व कर्म अभिरताः शूराः खनका यन्त्रकाः तथा ॥२-८०-१॥",
        "index": 1,
        "shloka_num": 1
    },
    {
        "text": "कर्म अन्तिकाः स्थपतयः पुरुषा यन्त्र कोविदाः ।\nतथा वर्धकयः चैव मार्गिणो वृक्ष तक्षकाः ॥२-८०-२॥",
        "index": 2,
        "shloka_num": 2
    },
    {
        "text": "कूप काराः सुधा कारा वम्श कर्म कृतः तथा ।\nसमर्था ये च द्रष्टारः पुरतः ते प्रतस्थिरे ॥२-८०-३॥",
        "index": 3,
        "shloka_num": 3
    },
    {
        "text": "स तु हर्षात् तम् उद्देशम् जन ओघो विपुलः प्रयान् ।\nअशोभत महा वेगः सागरस्य इव पर्वणि ॥२-८०-४॥",
        "index": 4,
        "shloka_num": 4
    },
    {
        "text": "ते स्व वारम् समास्थाय वर्त्म कर्माणि कोविदाः ।\nकरणैः विविध उपेतैः पुरस्तात् सम्प्रतस्थिरे ॥२-८०-५॥",
        "index": 5,
        "shloka_num": 5
    },
    {
        "text": "लता वल्लीः च गुल्मामः च स्थाणून् अश्मनएव च ।\nजनाः ते चक्रिरे मार्गम् चिन्दन्तः विविधान् द्रुमान् ॥२-८०-६॥",
        "index": 6,
        "shloka_num": 6
    },
    {
        "text": "अवृक्षेषु च देशेषु केचित् वृक्षान् अरोपयन् ।\nकेचित् कुठारैअः टन्कैः च दात्रैः चिन्दन् क्वचित् क्वचित् ॥२-८०-७॥",
        "index": 7,
        "shloka_num": 7
    },
    {
        "text": "अपरे वीरण स्तम्बान् बलिनो बलवत्तराः ।\nविधमन्ति स्म दुर्गाणि स्थलानि च ततः ततः ॥२-८०-८॥",
        "index": 8,
        "shloka_num": 8
    },
    {
        "text": "अपरे अपूरयन् कूपान् पाम्सुभिः श्वभ्रम् आयतम् ।\nनिम्न भागाम्स् तथा केचित् समामः चक्रुः समन्ततः ॥२-८०-९॥",
        "index": 9,
        "shloka_num": 9
    },
    {
        "text": "बबन्धुर् बन्धनीयामः च क्षोद्यान् सम्चुक्षुदुस् तदा ।\nबिभिदुर् भेदनीयामः च ताम्स् तान् देशान् नराः तदा ॥२-८०-१०॥",
        "index": 10,
        "shloka_num": 10
    },
    {
        "text": "अचिरेण एव कालेन परिवाहान् बहु उदकान् ।\nचक्रुर् बहु विध आकारान् सागर प्रतिमान् बहून् ॥२-८०-११॥",
        "index": 11,
        "shloka_num": 11
    },
    {
        "text": "निर्जलेषु च देशेषु खानयामासुरुत्तमान् ।\nउदपानान् बहुविधान् वेदिका परिमण्डितान् ॥२-८०-१२॥",
        "index": 12,
        "shloka_num": 12
    },
    {
        "text": "ससुधा कुट्टिम तलः प्रपुष्पित मही रुहः ।\nमत्त उद्घुष्ट द्विज गणः पताकाभिर् अलम्कृतः ॥२-८०-१३॥",
        "index": 13,
        "shloka_num": 13
    },
    {
        "text": "चन्दन उदक सम्सिक्तः नाना कुसुम भूषितः ।\nबह्व् अशोभत सेनायाः पन्थाः स्वर्ग पथ उपमः ॥२-८०-१४॥",
        "index": 14,
        "shloka_num": 14
    },
    {
        "text": "आज्ञाप्य अथ यथा आज्ञप्ति युक्ताः ते अधिकृता नराः ।\nरमणीयेषु देशेषु बहु स्वादु फलेषु च ॥२-८०-१५॥",
        "index": 15,
        "shloka_num": 15
    },
    {
        "text": "यो निवेशः तु अभिप्रेतः भरतस्य महात्मनः ।\nभूयः तम् शोभयाम् आसुर् भूषाभिर् भूषण उपमम् ॥२-८०-१६॥",
        "index": 16,
        "shloka_num": 16
    },
    {
        "text": "नक्षत्रेषु प्रशस्तेषु मुहूर्तेषु च तद्विदः ।\nनिवेशम् स्थापयाम् आसुर् भरतस्य महात्मनः ॥२-८०-१७॥",
        "index": 17,
        "shloka_num": 17
    },
    {
        "text": "बहु पाम्सु चयाः च अपि परिखा परिवारिताः ।\nतन्त्र इन्द्र कील प्रतिमाः प्रतोली वर शोभिताः ॥२-८०-१८॥",
        "index": 18,
        "shloka_num": 18
    },
    {
        "text": "प्रासाद माला सम्युक्ताः सौध प्राकार सम्वृताः ।\nपताका शोभिताः सर्वे सुनिर्मित महा पथाः ॥२-८०-१९॥",
        "index": 19,
        "shloka_num": 19
    },
    {
        "text": "विसर्पत्भिर् इव आकाशे विटन्क अग्र विमानकैः ।\nसमुच्च्रितैः निवेशाः ते बभुः शक्र पुर उपमाः ॥२-८०-२०॥",
        "index": 20,
        "shloka_num": 20
    },
    {
        "text": "जाह्नवीम् तु समासाद्य विविध द्रुम काननाम् ।\nशीतल अमल पानीयाम् महा मीन समाकुलाम् ॥२-८०-२१॥",
        "index": 21,
        "shloka_num": 21
    },
    {
        "text": "सचन्द्र तारा गण मण्डितम् यथा ।\nनभः क्षपायाम् अमलम् विराजते ।\nनर इन्द्र मार्गः स तथा व्यराजत ।\nक्रमेण रम्यः शुभ शिल्पि निर्मितः ॥२-८०-२२॥",
        "index": 22,
        "shloka_num": 22
    },
    {
        "text": "इत्यार्षे श्रीमद्रामायणे वाल्मीकीये आदिकाव्ये अयोध्याकाण्डे मार्गसंस्कारः नाम अशीतितमः सर्गः ॥२-८०॥",
        "index": 23,
        "shloka_num": null
    }
]