[
    {
        "text": "अथ श्रीमद्वाल्मीकीयरामायणे अयोध्याकाण्डे गुहागमनम् नाम चतुरशीतितमः सर्गः ॥२-८४॥",
        "index": 0,
        "shloka_num": null
    },
    {
        "text": "ततः निविष्टाम् ध्वजिनीम् गन्गाम् अन्वाश्रिताम् नदीम् ।\nनिषाद राजो दृष्ट्वा एव ज्ञातीन् सम्त्वरितः अब्रवीत् ॥२-८४-१॥",
        "index": 1,
        "shloka_num": 1
    },
    {
        "text": "महती इयम् अतः सेना सागर आभा प्रदृश्यते ।\nन अस्य अन्तम् अवगच्चामि मनसा अपि विचिन्तयन् ॥२-८४-२॥",
        "index": 2,
        "shloka_num": 2
    },
    {
        "text": "यथा तु खलु दुर्भद्धिर्भरतः स्वयमागतः ।\nस एष हि महा कायः कोविदार ध्वजो रथे ॥२-८४-३॥",
        "index": 3,
        "shloka_num": 3
    },
    {
        "text": "बन्धयिष्यति वा दाशान् अथ वा अस्मान् वधिष्यति ।\nअथ दाशरथिम् रामम् पित्रा राज्यात् विवासितम् ॥२-८४-४॥",
        "index": 4,
        "shloka_num": 4
    },
    {
        "text": "सम्पन्नाम् श्रियमन्विच्चम्स्तस्य राज्ञः सुदुर्लभाम् ।\nभरतः कैकेयी पुत्रः हन्तुम् समधिगच्चति ॥२-८४-५॥",
        "index": 5,
        "shloka_num": 5
    },
    {
        "text": "भर्ता चैव सखा चैव रामः दाशरथिर् मम ।\nतस्य अर्थ कामाः सम्नद्धा गन्गा अनूपे अत्र तिष्ठत ॥२-८४-६॥",
        "index": 6,
        "shloka_num": 6
    },
    {
        "text": "तिष्ठन्तु सर्व दाशाः च गन्गाम् अन्वाश्रिता नदीम् ।\nबल युक्ता नदी रक्षा माम्स मूल फल अशनाः ॥२-८४-७॥",
        "index": 7,
        "shloka_num": 7
    },
    {
        "text": "नावाम् शतानाम् पन्चानाम् कैवर्तानाम् शतम् शतम् ।\nसम्नद्धानाम् तथा यूनाम् तिष्ठन्तु अत्यभ्यचोदयत् ॥२-८४-८॥",
        "index": 8,
        "shloka_num": 8
    },
    {
        "text": "यदा तुष्टः तु भरतः रामस्य इह भविष्यति ।\nसा इयम् स्वस्तिमयी सेना गन्गाम् अद्य तरिष्यति ॥२-८४-९॥",
        "index": 9,
        "shloka_num": 9
    },
    {
        "text": "इति उक्त्वा उपायनम् गृह्य मत्स्य माम्स मधूनि च ।\nअभिचक्राम भरतम् निषाद अधिपतिर् गुहः ॥२-८४-१०॥",
        "index": 10,
        "shloka_num": 10
    },
    {
        "text": "तम् आयान्तम् तु सम्प्रेक्ष्य सूत पुत्रः प्रतापवान् ।\nभरताय आचचक्षे अथ विनयज्ञो विनीतवत् ॥२-८४-११॥",
        "index": 11,
        "shloka_num": 11
    },
    {
        "text": "एष ज्ञाति सहस्रेण स्थपतिः परिवारितः ।\nकुशलो दण्डक अरण्ये वृद्धो भ्रातुः च ते सखा ॥२-८४-१२॥",
        "index": 12,
        "shloka_num": 12
    },
    {
        "text": "तस्मात् पश्यतु काकुत्स्थ त्वाम् निषाद अधिपो गुहः ।\nअसम्शयम् विजानीते यत्र तौ राम लक्ष्मणौ ॥२-८४-१३॥",
        "index": 13,
        "shloka_num": 13
    },
    {
        "text": "एतत् तु वचनम् श्रुत्वा सुमन्त्रात् भरतः शुभम् ।\nउवाच वचनम् शीघ्रम् गुहः पश्यतु माम् इति ॥२-८४-१४॥",
        "index": 14,
        "shloka_num": 14
    },
    {
        "text": "लब्ध्वा अभ्यनुज्ञाम् सम्हृष्टः ज्ञातिभिः परिवारितः ।\nआगम्य भरतम् प्रह्वो गुहो वचनम् अब्रवीइत् ॥२-८४-१५॥",
        "index": 15,
        "shloka_num": 15
    },
    {
        "text": "निष्कुटः चैव देशो अयम् वन्चिताः च अपि ते वयम् ।\nनिवेदयामः ते सर्वे स्वके दाश कुले वस ॥२-८४-१६॥",
        "index": 16,
        "shloka_num": 16
    },
    {
        "text": "अस्ति मूलम् फलम् चैव निषादैः समुपाहृतम् ।\nआर्द्रम् च माम्सम् शुष्कम् च वन्यम् च उच्च अवचम् महत् ॥२-८४-१७॥",
        "index": 17,
        "shloka_num": 17
    },
    {
        "text": "आशम्से स्वाशिता सेना वत्स्यति इमाम् विभावरीम् ।\nअर्चितः विविधैः कामैः श्वः ससैन्यो गमिष्यसि ॥२-८४-१८॥",
        "index": 18,
        "shloka_num": 18
    },
    {
        "text": "इत्यार्षे श्रीमद्रामायणे वाल्मीकीये आदिकाव्ये अयोध्याकाण्डे गुहागमनम् नाम चतुरशीतितमः सर्गः ॥२-८४॥",
        "index": 19,
        "shloka_num": null
    }
]