[
    {
        "text": "अथ श्रीमद्वाल्मीकीयरामायणे अयोध्याकाण्डे भरद्वाजाश्रमनिवासः नाम नवतितमः सर्गः ॥२-९०॥",
        "index": 0,
        "shloka_num": null
    },
    {
        "text": "भरद्वाजाश्रमं दृष्ट्वा क्रोशादेव नरर्षभः ।\nबलं सर्वमवस्थाप्य जगाम सह मन्त्रिभिः ॥२-९०-१॥",
        "index": 1,
        "shloka_num": 1
    },
    {
        "text": "पद्भ्यामेव हि धर्मज्ञो न्यस्तशस्त्रपरिच्छदः ।\nवसानो वाससी क्षौमे पुरोधाय पुरोधसम् ॥२-९०-२॥",
        "index": 2,
        "shloka_num": 2
    },
    {
        "text": "ततः सन्दर्शने तस्य भरद्वाजस्य राघवः ।\nमन्त्रिणस्तानवस्थाप्य जगामानुपुरोहितम् ॥२-९०-३॥",
        "index": 3,
        "shloka_num": 3
    },
    {
        "text": "वसिष्ठमथ दृष्ट्वैव भरद्वाजो महातपाः ।\nसञ्चचालासनात्तूर्णं शिष्यानर्घ्यमिति ब्रुवन् ॥२-९०-४॥",
        "index": 4,
        "shloka_num": 4
    },
    {
        "text": "वसिष्ठसाहचर्य्यादिति भावः ॥२-९०-५॥",
        "index": 5,
        "shloka_num": 5
    },
    {
        "text": "ताभ्यामर्घ्यं च पाद्यं च दत्त्वा पश्चात् फलानि च ।\nआनुपूर्व्याच्च धर्मज्ञः पप्रच्छ कुशलं कुले ॥२-९०-६॥",
        "index": 6,
        "shloka_num": 6
    },
    {
        "text": "अयोध्यायां बले कोशे मित्रेष्वपि च मन्त्रिषु ।\nजानन् दशरथं वृत्तं न राजानमुदाहरत् ॥२-९०-७॥",
        "index": 7,
        "shloka_num": 7
    },
    {
        "text": "वसिष्ठो भरतश्चैनं पप्रच्छतुरनामयम् ।\nशरीरेऽग्निषु वृक्षेषु शिष्येषु मृगपक्षिषु ॥२-९०-८॥",
        "index": 8,
        "shloka_num": 8
    },
    {
        "text": "तथेति तत्प्रतिज्ञाय भरद्वाजो महातपाः ।\nभरतं प्रत्युवाचेदं राघवस्नेहबन्धनात् ॥२-९०-९॥",
        "index": 9,
        "shloka_num": 9
    },
    {
        "text": "किमिहागमने कार्य्यं तव राज्यं प्रशासतः ।\nएतदाचक्ष्व मे सर्वं नहि मे शुद्ध्यते मनः ॥२-९०-१०॥",
        "index": 10,
        "shloka_num": 10
    },
    {
        "text": "सुषुवे यममित्रघ्नं कौसल्या नन्दवर्द्धनम् ।\nभ्रात्रा सह सभार्यो यश्चिरं प्रव्राजितो वनम् ॥२-९०-११॥",
        "index": 11,
        "shloka_num": 11
    },
    {
        "text": "नियुक्तः स्त्रीनियुक्तेन पित्रा योऽसौ महायशाः ।\nवनवासी भवेतीह समाः किल चतुर्दश ॥२-९०-१२॥",
        "index": 12,
        "shloka_num": 12
    },
    {
        "text": "कच्चिन्न तस्यापापस्य पापं कर्तुमिहेच्छसि ।\nअकण्टकं भोक्तुमना राज्यं तस्यानुजस्य च ॥२-९०-१३॥",
        "index": 13,
        "shloka_num": 13
    },
    {
        "text": "एवमुक्तो भरद्वाजं भरतः प्रत्युवाच ह ।\nपर्य्यश्रुनयनो दुःखाद्वाचा संसज्जमानया ॥२-९०-१४॥",
        "index": 14,
        "shloka_num": 14
    },
    {
        "text": "हतोऽस्मि यदि मामेवं भगवानपि मन्यते ।\nमत्तो न दोषमाशङ्के नैवं मामनुशाधि हि ॥२-९०-१५॥",
        "index": 15,
        "shloka_num": 15
    },
    {
        "text": "न चैतदिष्टं माता मे यदवोचन्मदन्तरे ।\nनाहमेतेन तुष्टश्च न तद्वचनमाददे ॥२-९०-१६॥",
        "index": 16,
        "shloka_num": 16
    },
    {
        "text": "अहं तु तं नरव्याघ्रमुपयातः प्रसादकः ।\nप्रतिनेतुमयोध्यां च पादौ तस्याभिवन्दितुम् ॥२-९०-१७॥",
        "index": 17,
        "shloka_num": 17
    },
    {
        "text": "त्वं मामेवङ्गतं मत्वा प्रसादं कर्तुमर्हसि ।\nशंस मे भगवन् रामः क्व सम्प्रति महीपतिः ॥२-९०-१८॥",
        "index": 18,
        "shloka_num": 18
    },
    {
        "text": "वसिष्ठादिभिर्ऋत्विग्भिर्याचितो भगवांस्ततः ।\nउवाच तं भरद्वाजः प्रसादाद्भरतं वचः ॥२-९०-१९॥",
        "index": 19,
        "shloka_num": 19
    },
    {
        "text": "त्वय्येतत्पुरुषव्याघ्र युक्तं राघववंशजे ।\nगुरुवृत्तिर्दमश्चैव साधूनां चानुयायिता ॥२-९०-२०॥",
        "index": 20,
        "shloka_num": 20
    },
    {
        "text": "जाने चैतन्मनःस्थं ते दृढीकरणमस्त्विति ।\nअपृच्छं त्वां तथात्यर्थं कीर्त्तिं समभिवर्द्धयन् ॥२-९०-२१॥",
        "index": 21,
        "shloka_num": 21
    },
    {
        "text": "जाने च रामं धर्म्मज्ञं ससीतं सहलक्ष्मणम् ।\nअसौ वसति ते भ्राता चित्रकूटे महागिरौ ॥२-९०-२२॥",
        "index": 22,
        "shloka_num": 22
    },
    {
        "text": "श्वस्तु गन्तासि तं देशं वसाद्य सह मन्त्रिभिः ।\nएतं मे कुरु सुप्राज्ञ कामं कामार्थकोविद ॥२-९०-२३॥",
        "index": 23,
        "shloka_num": 23
    },
    {
        "text": "ततस्तथेत्येवमुदारदर्शनः प्रतीतरूपो भरतोऽब्रवीद्वचः ।\nचकार बुद्धिं च तदा तदाश्रमे निशानिवासाय नराधिपात्मजः ॥२-९०-२४॥",
        "index": 24,
        "shloka_num": 24
    },
    {
        "text": "इत्यार्षे श्रीमद्रामायणे वाल्मीकीये आदिकाव्ये अयोध्याकाण्डे भरद्वाजाश्रमनिवासः नाम नवतितमः सर्गः ॥२-९०॥",
        "index": 25,
        "shloka_num": null
    }
]