[
    {
        "text": "अथ श्रीमद्वाल्मीकीयरामायणे अयोध्याकाण्डे चित्रकूटवनप्रेक्षणम् नाम त्रिनवतितमः सर्गः ॥२-९३॥",
        "index": 0,
        "shloka_num": null
    },
    {
        "text": "तया महत्या यायिन्या ध्वजिन्या वनवासिनः ।\nअर्द्दिता यूथपा मत्ताः सयूथाः सम्प्रदुद्रुवुः ॥२-९३-१॥",
        "index": 1,
        "shloka_num": 1
    },
    {
        "text": "ऋक्षाः पृषतसङ्घाश्च रुरवश्च समतन्तः ।\nदृश्यन्ते वनराजीषु गिरिष्वपि नदीषु च ॥२-९३-२॥",
        "index": 2,
        "shloka_num": 2
    },
    {
        "text": "स सम्प्रतस्थे धर्मात्मा प्रीतो दशरथात्मजः ।\nवृतो महत्या नादिन्या सेनया चतुरङ्गया ॥२-९३-३॥",
        "index": 3,
        "shloka_num": 3
    },
    {
        "text": "सागरौघनिभा सेना भरतस्य महात्मनः ।\nमहीं सञ्छादयामास प्रावृषि द्यामिवाम्बुदः ॥२-९३-४॥",
        "index": 4,
        "shloka_num": 4
    },
    {
        "text": "चिरकालमित्यनेन कदाचिल्लक्ष्यत इति गम्यते ॥२-९३-५॥",
        "index": 5,
        "shloka_num": 5
    },
    {
        "text": "स यात्वा दूरमध्वानं सुपरिश्रान्तवाहनः ।\nउवाच भरतः श्रीमान् वसिष्ठं मन्त्रिणां वरम् ॥२-९३-६॥",
        "index": 6,
        "shloka_num": 6
    },
    {
        "text": "यादृशं लक्ष्यते रूपं यथा चैव श्रुतं मया ।\nव्यक्तं प्राप्ताः स्म तं देशं भरद्वाजो यमब्रवीत् ॥२-९३-७॥",
        "index": 7,
        "shloka_num": 7
    },
    {
        "text": "अयं गिरिश्चित्रकूट इयं मन्दाकिनी नदी ।\nएतत् प्रकाशते दूरान्नीलमेघनिभं वनम् ॥२-९३-८॥",
        "index": 8,
        "shloka_num": 8
    },
    {
        "text": "गिरेः सानूनि रम्याणि चित्रकूटस्य सम्प्रति ।\nवारणैरवमृद्यन्ते मामकैः पर्वतोपमैः ॥२-९३-९॥",
        "index": 9,
        "shloka_num": 9
    },
    {
        "text": "मुञ्चन्ति कुसुमान्येते नगाः पर्वतसानुषु ।\nनीला इवातपापाये तोयं तोयधरा घनाः ॥२-९३-१०॥",
        "index": 10,
        "shloka_num": 10
    },
    {
        "text": "किन्नराचरितं देशं पश्य शत्रुघ्न पर्वतम् ।\nमृगैः समन्तादाकीर्णं मकरैरिव सागरम् ॥२-९३-११॥",
        "index": 11,
        "shloka_num": 11
    },
    {
        "text": "एते मृगगणा भान्ति शीघ्रवेगाः प्रचोदिताः ।\nवायुप्रविद्धा शरदि मेघराजिरिवाम्बरे ॥२-९३-१२॥",
        "index": 12,
        "shloka_num": 12
    },
    {
        "text": "कुर्वन्ति कुसुमापीडान् शिरस्सु सुरभीनमी ।\nमेघप्रकाशैः फलकैर्दाक्षिणात्या यथा नराः ॥२-९३-१३॥",
        "index": 13,
        "shloka_num": 13
    },
    {
        "text": "निष्कूजमिव भूत्वेदं वनं घोरप्रदर्शनम् ।\nअयोध्येव जनाकीर्णा सम्प्रति प्रतिभाति मा ॥२-९३-१४॥",
        "index": 14,
        "shloka_num": 14
    },
    {
        "text": "खुरैरुदीरितो रेणुर्दिवं प्रच्छाद्य तिष्ठति ।\nतं वहत्यनिलः शीघ्रं कुर्वन्निव मम प्रियम् ॥२-९३-१५॥",
        "index": 15,
        "shloka_num": 15
    },
    {
        "text": "स्यन्दनांस्तुरगोपेतान् सूतमुख्यैरधिष्ठितान् ।\nएतान् सम्पततः शीघ्रं पश्य शत्रुघ्न कानने ॥२-९३-१६॥",
        "index": 16,
        "shloka_num": 16
    },
    {
        "text": "एतान् वित्रासितान् पश्य बर्हिणः प्रियदर्शनान् ।\nएतमाविशतः शीघ्रमधिवासं पतत्ऺित्रणः ॥२-९३-१७॥",
        "index": 17,
        "shloka_num": 17
    },
    {
        "text": "अतिमात्रमयं देशो मनोज्ञः प्रतिभाति मा ।\nतापसानां निवासोऽयं व्यक्तं स्वर्गपथो यथा ॥२-९३-१८॥",
        "index": 18,
        "shloka_num": 18
    },
    {
        "text": "मृगा मृगीभिः सहिता बहवः पृषता वने ।\nमनोज्ञरूपा लक्ष्यन्ते कुसुमैरिव चित्रिताः ॥२-९३-१९॥",
        "index": 19,
        "shloka_num": 19
    },
    {
        "text": "साधुसैन्याः प्रतिष्ठन्तां विचिन्वन्तु च कानने ।\nयथा तौ पुरुषव्याघ्रौ दृश्येते रामलक्ष्मणौ ॥२-९३-२०॥",
        "index": 20,
        "shloka_num": 20
    },
    {
        "text": "भरतस्य वचः श्रुत्वा पुरुषाः शस्त्रपाणयः ।\nविविशुस्तद्वनं शूरा धूमं च ददृशुस्ततः ॥२-९३-२१॥",
        "index": 21,
        "shloka_num": 21
    },
    {
        "text": "ते समालोक्य धूमाग्रमूचुर्भरतमागताः ।\nनामनुष्ये भवत्याग्निर्व्यक्तमत्रैव राघवौ ॥२-९३-२२॥",
        "index": 22,
        "shloka_num": 22
    },
    {
        "text": "अथ नात्र नरव्याघ्रौ राजपुत्रौ परन्तपौ ।\nमन्ये रामोपमाः सन्ति व्यक्तमत्र तपस्विनः ॥२-९३-२३॥",
        "index": 23,
        "shloka_num": 23
    },
    {
        "text": "तच्छ्रुत्वा भरतस्तेषां वचनं साधुसम्मतम् ।\nसैन्यानुवाच सर्वांस्तानमित्रबलमर्दनः ॥२-९३-२४॥",
        "index": 24,
        "shloka_num": 24
    },
    {
        "text": "यत्ता भवन्तस्तिष्ठन्तु नेतो गन्तव्यमग्रतः ।\nअहमेव गमिष्यामि सुमन्त्रो गुरुरेव च ॥२-९३-२५॥",
        "index": 25,
        "shloka_num": 25
    },
    {
        "text": "एवमुक्तास्ततः सर्वे तत्र तस्थुः समन्ततः ।\nभरतो यत्र धूमाग्रं तत्र दृष्टिं समादधात् ॥२-९३-२६॥",
        "index": 26,
        "shloka_num": 26
    },
    {
        "text": "व्यवस्थिता या भरतेन सा चमूर्निरीक्षमाणापि च धूममग्रतः ।\nबभूव हृष्टा नचिरेण जानती प्रियस्य रामस्य समागमं तदा ॥२-९३-२७॥",
        "index": 27,
        "shloka_num": 27
    },
    {
        "text": "इत्यार्षे श्रीमद्रामायणे वाल्मीकीये आदिकाव्ये अयोध्याकाण्डे चित्रकूटवनप्रेक्षणम् नाम त्रिनवतितमः सर्गः ॥२-९३॥",
        "index": 28,
        "shloka_num": null
    }
]