[
    {
        "text": "अथ श्रीमद्वाल्मीकीयरामायणे अयोध्याकाण्डे मन्दाकिनीवर्णनम् नाम पञ्चनवतितमः सर्गः ॥२-९५॥",
        "index": 0,
        "shloka_num": null
    },
    {
        "text": "अथ शैलाद्विनिष्क्रम्य मैथिलीं कोसलेश्वरः ।\nअदर्शयच्छुभजलां रम्यां मन्दाकिनीं नदीम् ॥२-९५-१॥",
        "index": 1,
        "shloka_num": 1
    },
    {
        "text": "अब्रवीच्च वरारोहां चारुचन्द्रनिभाननाम् ।\nविदेहराजस्य सुतां रामो राजीवलोचनः ॥२-९५-२॥",
        "index": 2,
        "shloka_num": 2
    },
    {
        "text": "विचित्रपुलिनां रम्यां हंससारससेविताम् ।\nकमलैरुपसम्पन्नां पश्य मन्दाकिनीं नदीम् ॥२-९५-३॥",
        "index": 3,
        "shloka_num": 3
    },
    {
        "text": "नानाविधैस्तीररुहैर्वृतां पुष्पफलद्रुमैः ।\nराजन्तीं राजराजस्य नलिनीमिव सर्वतः ॥२-९५-४॥",
        "index": 4,
        "shloka_num": 4
    },
    {
        "text": "मृगयूथनिपीतानि कलुषाम्भांसि साम्प्रतम् ।\nतीर्थानि रमणीयानि रतिं सञ्जनयन्ति मे ॥२-९५-५॥",
        "index": 5,
        "shloka_num": 5
    },
    {
        "text": "जटाजिनधराः काले वल्कलोत्तरवाससः ।\nऋषयस्त्ववगाहन्ते नदीं मन्दाकिनीं प्रिये ॥२-९५-६॥",
        "index": 6,
        "shloka_num": 6
    },
    {
        "text": "आदित्यमुपतिष्ठन्ते नियमादूर्द्ध्वबाहवः ।\nएते परे विशालाक्षि मुनयः संशितव्रताः ॥२-९५-७॥",
        "index": 7,
        "shloka_num": 7
    },
    {
        "text": "मारुतोद्धूतशिखरैः प्रनृत्त इव पर्वतः ।\nपादपैः पत्ऺत्रपुष्पाणि सृजद्भिरभितो नदीम् ॥२-९५-८॥",
        "index": 8,
        "shloka_num": 8
    },
    {
        "text": "क्वचिन्मणिनिकाशोदां क्वचित्पुलिनशालिनीम् ।\nक्वचित्सिद्धजनाकीर्णां पश्य मन्दाकिनीं नदीम् ॥२-९५-९॥",
        "index": 9,
        "shloka_num": 9
    },
    {
        "text": "निर्द्धूतान् वायुना पश्य विततान् पुष्पसञ्चयान् ।\nपोप्लूयमानानपरान् पश्य त्वं जलमध्यगान् ॥२-९५-१०॥",
        "index": 10,
        "shloka_num": 10
    },
    {
        "text": "तांश्चातिवल्गुवचसो रथाङ्गाह्वयना द्विजाः ।\nअधिरोहन्ति कल्याणि विकूजन्तः शुभा गिरः ॥२-९५-११॥",
        "index": 11,
        "shloka_num": 11
    },
    {
        "text": "दर्शनं चित्र कूटस्य मन्दाकिन्याश्च शोभने ।\nअधिकं पुरवासाच्च मन्ये च तव दर्शनात् ॥२-९५-१२॥",
        "index": 12,
        "shloka_num": 12
    },
    {
        "text": "विधूतकलुषैः सिद्धैस्तपोदमशमान्वितैः ।\nनित्यविक्षोभितजलां विगाहस्व मया सह ॥२-९५-१३॥",
        "index": 13,
        "shloka_num": 13
    },
    {
        "text": "सखीवच्च विगाहस्व सीते मन्दाकिनीं नदीम् ।\nकमलान्यवमज्जन्ती पुष्कराणि च भामिनि ॥२-९५-१४॥",
        "index": 14,
        "shloka_num": 14
    },
    {
        "text": "त्वं पौरजनवद्व्यालानयोध्यामिव पर्वतम् ।\nमन्यस्व वनिते नित्यं सरयूवदिमां नदीम् ॥२-९५-१५॥",
        "index": 15,
        "shloka_num": 15
    },
    {
        "text": "लक्ष्मणश्चापि धर्मात्मा मन्निदेशे व्यवस्थितः ।\nत्वं चानुकूला वैदेहि प्रीतिं जनयथो मम ॥२-९५-१६॥",
        "index": 16,
        "shloka_num": 16
    },
    {
        "text": "उपस्पृशंस्त्रिषवणं मधुमूलफलाशनः ।\nनायोध्यायै न राज्याय स्पृहयेऽद्य त्वया सह ॥२-९५-१७॥",
        "index": 17,
        "shloka_num": 17
    },
    {
        "text": "इमां हि रम्यां मृगयूथशालिनीं निपीततोयां गजसिंहवानरैः ।\nसुपुष्पितैः पुष्पधरैरलङ्कृतां न सोऽस्ति यः स्यादगतक्लमः सुखी ॥२-९५-१८॥",
        "index": 18,
        "shloka_num": 18
    },
    {
        "text": "इतीव रामो बहुसङ्गतं वचः प्रियासहायः सरितं प्रति ब्रुवन् ।\nचचार रम्यं नयनाञ्जनप्रभं स चित्रकूटं रघुवंशवर्द्धनः ॥२-९५-१९॥",
        "index": 19,
        "shloka_num": 19
    },
    {
        "text": "इत्यार्षे श्रीमद्रामायणे वाल्मीकीये आदिकाव्ये अयोध्याकाण्डे मन्दाकिनीवर्णनम् नाम पञ्चनवतितमः सर्गः ॥२-९५॥",
        "index": 20,
        "shloka_num": null
    }
]