[
    {
        "text": "अथ श्रीमद्वाल्मीकीयरामायणे किष्किन्धाकाण्डे राज्यनिर्वासकथनम् नाम दशमः सर्गः ॥४-१०॥",
        "index": 0,
        "shloka_num": null
    },
    {
        "text": "ततः क्रोधसमाविष्टं संरब्धं तमुपागतम् ।\nअहं प्रसादयांचक्रे भ्रातरं हितकाम्यया ॥४-१०-१॥",
        "index": 1,
        "shloka_num": 1
    },
    {
        "text": "दिष्ट्यासि कुशली प्राप्तो निहतश्च त्वया रिपुः ।\nअनाथस्य हि मे नाथस्त्वमेकोऽनाथनन्दन ॥४-१०-२॥",
        "index": 2,
        "shloka_num": 2
    },
    {
        "text": "इदं बहुशलाकं ते पूर्णचन्द्रमिवोदितम् ।\nछत्रं सवालव्यजनं प्रतीच्छस्व मया धृतम् ॥४-१०-३॥",
        "index": 3,
        "shloka_num": 3
    },
    {
        "text": "आर्तस्तत्र बिलद्वारि स्थितः संवत्सरं नृप ।\nदृष्ट्वा च शोणितं द्वारि बिलाच्चापि समुत्थितम् ॥४-१०-४॥",
        "index": 4,
        "shloka_num": 4
    },
    {
        "text": "शोकसंविग्नहृदयो भृशं व्याकुलितेन्द्रियः ।\nअपिधाय बिलद्वारं शैलशृङ्गेण तत् तदा ॥४-१०-५॥",
        "index": 5,
        "shloka_num": 5
    },
    {
        "text": "तस्माद् देशादपाक्रम्य किष्किन्धां प्राविशं पुनः ।\nविषादात्त्विह मां दृष्ट्वा पौरैर्मन्त्रिभिरेव च ॥४-१०-६॥",
        "index": 6,
        "shloka_num": 6
    },
    {
        "text": "अभिषिक्तो न कामेन तन्मे क्षन्तुं त्वमर्हसि ।\nत्वमेव राजा मानार्हः सदा चाहं यथा पुरा ॥४-१०-७॥",
        "index": 7,
        "shloka_num": 7
    },
    {
        "text": "राजभावे नियोगोऽयं मम त्वद्विरहात् कृतः ।\nसामात्यपौरनगरं स्थितं निहतकण्टकम् ॥४-१०-८॥",
        "index": 8,
        "shloka_num": 8
    },
    {
        "text": "न्यासभूतमिदं राज्यं तव निर्यातयाम्यहम् ।\nमा च रोषं कृथाः सौम्य मम शत्रुनिषूदन ॥४-१०-९॥",
        "index": 9,
        "shloka_num": 9
    },
    {
        "text": "याचे त्वां शिरसा राजन् मया बद्धोऽयमञ्जलिः ।\nबलादस्मिन् समागम्य मन्त्रिभिः पुरवासिभिः ॥४-१०-१०॥",
        "index": 10,
        "shloka_num": 10
    },
    {
        "text": "राजभावे नियुक्तोऽहं शून्यदेशजिगीषया ।\nस्निग्धमेवं ब्रुवाणं मां स विनिर्भर्त्स्य वानरः ॥४-१०-११॥",
        "index": 11,
        "shloka_num": 11
    },
    {
        "text": "धिक्त्वामिति च मामुक्त्वा बहु तत्तदुवाच ह ।\nप्रकृतीश्च समानीय मन्त्रिणश्चैव सम्मतान् ॥४-१०-१२॥",
        "index": 12,
        "shloka_num": 12
    },
    {
        "text": "मामाह सुहृदां मध्ये वाक्यं परमगर्हितम् ।\nविदितं वो मया रात्रौ मायावी स महासुरः ॥४-१०-१३॥",
        "index": 13,
        "shloka_num": 13
    },
    {
        "text": "मां समाह्वयत क्रुद्धो युद्धाकांक्षी तदा पुरा ।\nतस्य तद् भाषितं श्रुत्वा निःसृतोऽहं नृपालयात् ॥४-१०-१४॥",
        "index": 14,
        "shloka_num": 14
    },
    {
        "text": "अनुयातश्च मां तूर्णमयं भ्राता सुदारुणः ।\nस तु दृष्ट्वैव मां रात्रौ सद्वितीयं महाबलः ॥४-१०-१५॥",
        "index": 15,
        "shloka_num": 15
    },
    {
        "text": "प्राद्रवद् भयसंत्रस्तो वीक्ष्यावां समुपागतौ ।\nअभिद्रुतस्तु वेगेन विवेश स महाबिलम् ॥४-१०-१६॥",
        "index": 16,
        "shloka_num": 16
    },
    {
        "text": "तं प्रविष्टं विदित्वा तु सुघोरं सुमहद्बिलम् ।\nअयमुक्तोऽथ मे भ्राता मया तु क्रूरदर्शनः ॥४-१०-१७॥",
        "index": 17,
        "shloka_num": 17
    },
    {
        "text": "अहत्वा नास्ति मे शक्तिः प्रतिगन्तुमितः पुरीम् ।\nबिलद्वारि प्रतीक्ष त्वं यावदेनं निहन्म्यहम् ॥४-१०-१८॥",
        "index": 18,
        "shloka_num": 18
    },
    {
        "text": "स्थितोऽयमिति मत्वाहं प्रविष्टस्तु दुरासदम् ।\nतं मे मार्गयतस्तत्र गतः संवत्सरस्तदा ॥४-१०-१९॥",
        "index": 19,
        "shloka_num": 19
    },
    {
        "text": "स तु दृष्टो मया शत्रुरनिर्वेदाद् भयावहः ।\nनिहतश्च मया सद्यः स सर्वैः सह बन्धुभिः ॥४-१०-२०॥",
        "index": 20,
        "shloka_num": 20
    },
    {
        "text": "तस्यास्यात्तु प्रवृत्तेन रुधिरौघेण तद्बिलम् ।\nपूर्णमासीद् दुराक्रामं स्तनतस्तस्य भूतले ॥४-१०-२१॥",
        "index": 21,
        "shloka_num": 21
    },
    {
        "text": "सूदयित्वा तु तं शत्रुं विक्रान्तं तमहं सुखम् ।\nनिष्क्रामं नैव पश्यामि बिलस्य पिहितं मुखम् ॥४-१०-२२॥",
        "index": 22,
        "shloka_num": 22
    },
    {
        "text": "विक्रोशमानस्य तु मे सुग्रीवेति पुनः पुनः ।\nयतः प्रतिवचो नास्ति ततोऽहं भृशदुःखितः ॥४-१०-२३॥",
        "index": 23,
        "shloka_num": 23
    },
    {
        "text": "पादप्रहारैस्तु मया बहुभिः परिपातितम् ।\nततोऽहं तेन निष्क्रम्य पथा पुरमुपागतः ॥४-१०-२४॥",
        "index": 24,
        "shloka_num": 24
    },
    {
        "text": "तत्रानेनास्मि संरुद्धो राज्यं मृगयताऽऽत्मनः ।\nसुग्रीवेण नृशंसेन विस्मृत्य भ्रातृसौहृदम् ॥४-१०-२५॥",
        "index": 25,
        "shloka_num": 25
    },
    {
        "text": "एवमुक्त्वा तु मां तत्र वस्त्रेणैकेन वानरः ।\nतदा निर्वासयामास वाली विगतसाध्वसः ॥४-१०-२६॥",
        "index": 26,
        "shloka_num": 26
    },
    {
        "text": "तेनाहमपविद्धश्च हृतदारश्च राघव ।\nतद्भयाच्च महीं सर्वां क्रान्तवान् सवनार्णवाम् ॥४-१०-२७॥",
        "index": 27,
        "shloka_num": 27
    },
    {
        "text": "ऋष्यमूकं गिरिवरं भार्याहरणदुःखितः ।\nप्रविष्टोऽस्मि दुराधर्षं वालिनः कारणान्तरे ॥४-१०-२८॥",
        "index": 28,
        "shloka_num": 28
    },
    {
        "text": "एतत्ते सर्वमाख्यातं वैरानुकथनं महत् ।\nअनागसा मया प्राप्तं व्यसनं पश्य राघव ॥४-१०-२९॥",
        "index": 29,
        "shloka_num": 29
    },
    {
        "text": "वालिनश्च भयात् तस्य सर्वलोकभयापह ।\nकर्तुमर्हसि मे वीर प्रसादं तस्य निग्रहात् ॥४-१०-३०॥",
        "index": 30,
        "shloka_num": 30
    },
    {
        "text": "एवमुक्तः स तेजस्वी धर्मज्ञो धर्मसंहितम् ।\nवचनं वक्तुमारेभे सुग्रीवं प्रहसन्निव ॥४-१०-३१॥",
        "index": 31,
        "shloka_num": 31
    },
    {
        "text": "अमोघाः सूर्यसंकाशा निशिता मे शरा इमे ।\nतस्मिन् वालिनि दुर्वृत्ते पतिष्यन्ति रुषान्विताः ॥४-१०-३२॥",
        "index": 32,
        "shloka_num": 32
    },
    {
        "text": "यावत् तं नहि पश्येयं तव भार्यापहारिणम् ।\nतावत् स जीवेत् पापात्मा वाली चारित्रदूषकः ॥४-१०-३३॥",
        "index": 33,
        "shloka_num": 33
    },
    {
        "text": "आत्मानुमानात् पश्यामि मग्नस्त्वं शोकसागरे ।\nत्वामहं तारयिष्यामि बाढं प्राप्स्यसि पुष्कलम् ॥४-१०-३४॥",
        "index": 34,
        "shloka_num": 34
    },
    {
        "text": "तस्य तद् वचनं श्रुत्वा हर्षपौरुषवर्धनम् ।\nसुग्रीवः परमप्रीतः सुमहद्वाक्यमब्रवीत् ॥४-१०-३५॥",
        "index": 35,
        "shloka_num": 35
    },
    {
        "text": "इत्यार्षे श्रीमद्रामायणे वाल्मीकीये आदिकाव्ये किष्किन्धाकाण्डे राज्यनिर्वासकथनम् नाम दशमः सर्गः ॥४-१०॥",
        "index": 36,
        "shloka_num": null
    }
]