[
    {
        "text": "अथ श्रीमद्वाल्मीकीयरामायणे किष्किन्धाकाण्डे ताराहितोक्तिः नाम पञ्चदशः सर्गः ॥४-१५॥",
        "index": 0,
        "shloka_num": null
    },
    {
        "text": "अथ तस्य निनादं तं सुग्रीवस्य महात्मनः ।\nशुश्रावान्तःपुरगतो वाली भ्रातुरमर्षणः ॥४-१५-१॥",
        "index": 1,
        "shloka_num": 1
    },
    {
        "text": "श्रुत्वा तु तस्य निनदं सर्वभूतप्रकम्पनम् ।\nमदश्चैकपदे नष्टः क्रोधश्चापादितो महान् ॥४-१५-२॥",
        "index": 2,
        "shloka_num": 2
    },
    {
        "text": "ततो रोषपरीताङ्गो वाली स कनकप्रभः ।\nउपरक्त इवादित्यः सद्यो निष्प्रभतां गतः ॥४-१५-३॥",
        "index": 3,
        "shloka_num": 3
    },
    {
        "text": "वाली दंष्ट्राकरालस्तु क्रोधाद् दीप्ताग्निलोचनः ।\nभात्युत्पतितपद्माभः समृणाल इव ह्रदः ॥४-१५-४॥",
        "index": 4,
        "shloka_num": 4
    },
    {
        "text": "शब्दं दुर्मर्षणं श्रुत्वा निष्पपात ततो हरिः ।\nवेगेन च पदन्यासैर्दारयन्निव मेदिनीम् ॥४-१५-५॥",
        "index": 5,
        "shloka_num": 5
    },
    {
        "text": "तं तु तारा परिष्वज्य स्नेहाद् दर्शितसौहृदा ।\nउवाच त्रस्तसम्भ्रान्ता हितोदर्कमिदं वचः ॥४-१५-६॥",
        "index": 6,
        "shloka_num": 6
    },
    {
        "text": "साधु क्रोधमिमं वीर नदीवेगमिवागतम् ।\nशयनादुत्थितः काल्यं त्यज भुक्तामिव स्रजम् ॥४-१५-७॥",
        "index": 7,
        "shloka_num": 7
    },
    {
        "text": "काल्यमेतेन संग्रामं करिष्यसि च वानर ।\nवीर ते शत्रुबाहुल्यं फल्गुता वा न विद्यते ॥४-१५-८॥",
        "index": 8,
        "shloka_num": 8
    },
    {
        "text": "सहसा तव निष्क्रामो मम तावन्न रोचते ।\nश्रूयतामभिधास्यामि यन्निमित्तं निवार्यते ॥४-१५-९॥",
        "index": 9,
        "shloka_num": 9
    },
    {
        "text": "पूर्वमापतितः क्रोधात् स त्वामाह्वयते युधि ।\nनिष्पत्य च निरस्तस्ते हन्यमानो दिशो गतः ॥४-१५-१०॥",
        "index": 10,
        "shloka_num": 10
    },
    {
        "text": "त्वया तस्य निरस्तस्य पीडितस्य विशेषतः ।\nइहैत्य पुनराह्वानं शङ्कां जनयतीव मे ॥४-१५-११॥",
        "index": 11,
        "shloka_num": 11
    },
    {
        "text": "दर्पश्च व्यवसायश्च यादृशस्तस्य नर्दतः ।\nनिनादस्य च संरम्भो नैतदल्पं हि कारणम् ॥४-१५-१२॥",
        "index": 12,
        "shloka_num": 12
    },
    {
        "text": "नासहायमहं मन्ये सुग्रीवं तमिहागतम् ।\nअवष्टब्धसहायश्च यमाश्रित्यैष गर्जति ॥४-१५-१३॥",
        "index": 13,
        "shloka_num": 13
    },
    {
        "text": "प्रकृत्या निपुणश्चैव बुद्धिमांश्चैव वानरः ।\nनापरीक्षितवीर्येण सुग्रीवः सख्यमेष्यति ॥४-१५-१४॥",
        "index": 14,
        "shloka_num": 14
    },
    {
        "text": "पूर्वमेव मया वीर श्रुतं कथयतो वचः ।\nअङ्गदस्य कुमारस्य वक्ष्याम्यद्य हितं वचः ॥४-१५-१५॥",
        "index": 15,
        "shloka_num": 15
    },
    {
        "text": "अङ्गदस्तु कुमारोऽयं वनान्तमुपनिर्गतः ।\nप्रवृत्तिस्तेन कथिता चारैरासीन्निवेदिता ॥४-१५-१६॥",
        "index": 16,
        "shloka_num": 16
    },
    {
        "text": "अयोध्याधिपतेः पुत्रौ शूरौ समरदुर्जयौ ।\nइक्ष्वाकूणां कुले जातौ प्रथितौ रामलक्ष्मणौ ॥४-१५-१७॥",
        "index": 17,
        "shloka_num": 17
    },
    {
        "text": "सुग्रीवप्रियकामार्थं प्राप्तौ तत्र दुरासदौ ।\nस ते भ्रातुर्हि विख्यातः सहायो रणकर्मणि ॥४-१५-१८॥",
        "index": 18,
        "shloka_num": 18
    },
    {
        "text": "रामः परबलामर्दी युगान्ताग्निरिवोत्थितः ।\nनिवासवृक्षः साधूनामापन्नानां परा गतिः ॥४-१५-१९॥",
        "index": 19,
        "shloka_num": 19
    },
    {
        "text": "आर्तानां संश्रयश्चैव यशसश्चैकभाजनम् ।\nज्ञानविज्ञानसम्पन्नो निदेशे निरतः पितुः ॥४-१५-२०॥",
        "index": 20,
        "shloka_num": 20
    },
    {
        "text": "धातूनामिव शैलेन्द्रो गुणानामाकरो महान् ।\nतत् क्षमो न विरोधस्ते सह तेन महात्मना ॥४-१५-२१॥",
        "index": 21,
        "shloka_num": 21
    },
    {
        "text": "दुर्जयेनाप्रमेयेण रामेण रणकर्मसु ।\nशूर वक्ष्यामि ते किंचिन्न चेच्छाम्यभ्यसूयितुम् ॥४-१५-२२॥",
        "index": 22,
        "shloka_num": 22
    },
    {
        "text": "श्रूयतां क्रियतां चैव तव वक्ष्यामि यद्धितम् ।\nयौवराज्येन सुग्रीवं तूर्णं साध्वभिषेचय ॥४-१५-२३॥",
        "index": 23,
        "shloka_num": 23
    },
    {
        "text": "विग्रहं मा कृथा वीर भ्रात्रा राजन् यवीयसा ।\nअहं हि ते क्षमं मन्ये तेन रामेण सौहृदम् ॥४-१५-२४॥",
        "index": 24,
        "shloka_num": 24
    },
    {
        "text": "सुग्रीवेण च सम्प्रीतिं वैरमुत्सृज्य दूरतः ।\nलालनीयो हि ते भ्राता यवीयानेष वानरः ॥४-१५-२५॥",
        "index": 25,
        "shloka_num": 25
    },
    {
        "text": "तत्र वा सन्निहस्थो वा सर्वथा बन्धुरेव ते ।\nनहि तेन समं बन्धुं भुवि पश्यामि कंचन ॥४-१५-२६॥",
        "index": 26,
        "shloka_num": 26
    },
    {
        "text": "दानमानादिसत्कारैः कुरुष्व प्रत्यनन्तरम् ।\nवैरमेतत् समुत्सृज्य तव पार्श्वे स तिष्ठतु ॥४-१५-२७॥",
        "index": 27,
        "shloka_num": 27
    },
    {
        "text": "सुग्रीवो विपुलग्रीवो महाबन्धुर्मतस्तव ।\nभ्रातृसौहृदमालम्ब्य नान्या गतिरिहास्ति ते ॥४-१५-२८॥",
        "index": 28,
        "shloka_num": 28
    },
    {
        "text": "यदि ते मत्प्रियं कार्यं यदि चावैषि मां हिताम् ।\nयाच्यमानः प्रियत्वेन साधु वाक्यं कुरुष्व मे ॥४-१५-२९॥",
        "index": 29,
        "shloka_num": 29
    },
    {
        "text": "प्रसीद पथ्यं शृणु जल्पितं हि मे न रोषमेवानुविधातुमर्हसि ।\nक्षमो हि ते कोशलराजसूनुना न विग्रहः शक्रसमानतेजसा ॥४-१५-३०॥",
        "index": 30,
        "shloka_num": 30
    },
    {
        "text": "तदा हि तारा हितमेव वाक्यं तं वालिनं पथ्यमिदं बभाषे ।\nन रोचते तद् वचनं हि तस्य कालाभिपन्नस्य विनाशकाले ॥४-१५-३१॥",
        "index": 31,
        "shloka_num": 31
    },
    {
        "text": "इत्यार्षे श्रीमद्रामायणे वाल्मीकीये आदिकाव्ये किष्किन्धाकाण्डे ताराहितोक्तिः नाम पञ्चदशः सर्गः ॥४-१५॥",
        "index": 32,
        "shloka_num": null
    }
]