[
    {
        "text": "अथ श्रीमद्वाल्मीकीयरामायणे किष्किन्धाकाण्डे रामाधिक्षेपः नाम सप्तदशः सर्गः ॥४-१७॥",
        "index": 0,
        "shloka_num": null
    },
    {
        "text": "ततः शरेणाभिहतो रामेण रणकर्कशः ।\nपपात सहसा वाली निकृत्त इव पादपः ॥४-१७-१॥",
        "index": 1,
        "shloka_num": 1
    },
    {
        "text": "स भूमौ न्यस्तसर्वाङ्गस्तप्तकाञ्चनभूषणः ।\nअपतद् देवराजस्य मुक्तरश्मिरिव ध्वजः ॥४-१७-२॥",
        "index": 2,
        "shloka_num": 2
    },
    {
        "text": "अस्मिन् निपतिते भूमौ हर्यृक्षाणां गणेश्वरे ।\nनष्टचन्द्रमिव व्योम न व्यराजत मेदिनी ॥४-१७-३॥",
        "index": 3,
        "shloka_num": 3
    },
    {
        "text": "भूमौ निपतितस्यापि तस्य देहं महात्मनः ।\nन श्रीर्जहाति न प्राणा न तेजो न पराक्रमः ॥४-१७-४॥",
        "index": 4,
        "shloka_num": 4
    },
    {
        "text": "शक्रदत्ता वरा माला काञ्चनी रत्नभूषिता ।\nदधार हरिमुख्यस्य प्राणांस्तेजः श्रियं च सा ॥४-१७-५॥",
        "index": 5,
        "shloka_num": 5
    },
    {
        "text": "स तया मालया वीरो हैमया हरियूथपः ।\nसंध्यानुगतपर्यन्तः पयोधर इवाभवत् ॥४-१७-६॥",
        "index": 6,
        "shloka_num": 6
    },
    {
        "text": "तस्य माला च देहश्च मर्मघाती च यः शरः ।\nत्रिधेव रचिता लक्ष्मीः पतितस्यापि शोभते ॥४-१७-७॥",
        "index": 7,
        "shloka_num": 7
    },
    {
        "text": "तदस्त्रं तस्य वीरस्य स्वर्गमार्गप्रभावनम् ।\nरामबाणासनक्षिप्तमावहत् परमां गतिम् ॥४-१७-८॥",
        "index": 8,
        "shloka_num": 8
    },
    {
        "text": "तं तथा पतितं संख्ये गतार्चिषमिवानलम् ।\nययातिमिव पुण्यान्ते देवलोकादिह च्युतम् ॥४-१७-९॥",
        "index": 9,
        "shloka_num": 9
    },
    {
        "text": "आदित्यमिव कालेन युगान्ते भुवि पातितम् ।\nमहेन्द्रमिव दुर्धर्षमुपेन्द्रमिव दुःसहम् ॥४-१७-१०॥",
        "index": 10,
        "shloka_num": 10
    },
    {
        "text": "महेन्द्रपुत्रं पतितं वालिनं हेममालिनम् ।\nव्यूढोरस्कं महाबाहुं दीप्तास्यं हरिलोचनम् ॥४-१७-११॥",
        "index": 11,
        "shloka_num": 11
    },
    {
        "text": "लक्ष्मणानुचरो रामो ददर्शोपससर्प च ।\nतं तथा पतितं वीरं गतार्चिषमिवानलम् ॥४-१७-१२॥",
        "index": 12,
        "shloka_num": 12
    },
    {
        "text": "बहुमान्य च तं वीरं वीक्षमाणं शनैरिव ।\nउपयातौ महावीर्यौ भ्रातरौ रामलक्ष्मणौ ॥४-१७-१३॥",
        "index": 13,
        "shloka_num": 13
    },
    {
        "text": "तं दृष्ट्वा राघवं वाली लक्ष्मणं च महाबलम् ।\nअब्रवीत् परुषं वाक्यं प्रश्रितं धर्मसंहितम् ॥४-१७-१४॥",
        "index": 14,
        "shloka_num": 14
    },
    {
        "text": "स भूमावल्पतेजोऽसुर्निहतो नष्टचेतनः ।\nअर्थसंहितया वाचा गर्वितं रणगर्वितम् ॥४-१७-१५॥",
        "index": 15,
        "shloka_num": 15
    },
    {
        "text": "त्वं नराधिपतेः पुत्रः प्रथितः प्रियदर्शनः ।\nपराङ्मुखवधं कृत्वा कोऽत्र प्राप्तस्त्वया गुणः ।\nयदहं युद्धसंरब्धस्त्वत्कृते निधनं गतः ॥४-१७-१६॥",
        "index": 16,
        "shloka_num": 16
    },
    {
        "text": "कुलीनः सत्त्वसम्पन्नस्तेजस्वी चरितव्रतः ।\nरामः करुणवेदी च प्रजानां च हिते रतः ॥४-१७-१७॥",
        "index": 17,
        "shloka_num": 17
    },
    {
        "text": "सानुक्रोशो महोत्साहः समयज्ञो दृढव्रतः ।\nइत्येतत् सर्वभूतानि कथयन्ति यशो भुवि ॥४-१७-१८॥",
        "index": 18,
        "shloka_num": 18
    },
    {
        "text": "दमः शमः क्षमा धर्मो धृतिः सत्यं पराक्रमः ।\nपार्थिवानां गुणा राजन् दण्डश्चाप्यपकारिषु ॥४-१७-१९॥",
        "index": 19,
        "shloka_num": 19
    },
    {
        "text": "तान् गुणान् सम्प्रधार्याहमग्र्यं चाभिजनं तव ।\nतारया प्रतिषिद्धः सन् सुग्रीवेण समागतः ॥४-१७-२०॥",
        "index": 20,
        "shloka_num": 20
    },
    {
        "text": "न मामन्येन संरब्धं प्रमत्तं वेद्धुमर्हसि ।\nइति मे बुद्धिरुत्पन्ना बभूवादर्शने तव ॥४-१७-२१॥",
        "index": 21,
        "shloka_num": 21
    },
    {
        "text": "स त्वां विनिहतात्मानं धर्मध्वजमधार्मिकम् ।\nजाने पापसमाचारं तृणैः कूपमिवावृतम् ॥४-१७-२२॥",
        "index": 22,
        "shloka_num": 22
    },
    {
        "text": "सतां वेषधरं पापं प्रच्छन्नमिव पावकम् ।\nनाहं त्वामभिजानामि धर्मच्छद्माभिसंवृतम् ॥४-१७-२३॥",
        "index": 23,
        "shloka_num": 23
    },
    {
        "text": "विषये वा पुरे वा ते यदा पापं करोम्यहम् ।\nन च त्वामवजानेऽहं कस्मात् तं हंस्यकिल्बिषम् ॥४-१७-२४॥",
        "index": 24,
        "shloka_num": 24
    },
    {
        "text": "फलमूलाशनं नित्यं वानरं वनगोचरम् ।\nमामिहाप्रतियुध्यन्तमन्येन च समागतम् ॥४-१७-२५॥",
        "index": 25,
        "shloka_num": 25
    },
    {
        "text": "त्वं नराधिपतेः पुत्रः प्रतीतः प्रियदर्शनः ।\nलिङ्गमप्यस्ति ते राजन् दृश्यते धर्मसंहितम् ॥४-१७-२६॥",
        "index": 26,
        "shloka_num": 26
    },
    {
        "text": "कः क्षत्रियकुले जातः श्रुतवान् नष्टसंशयः ।\nधर्मलिङ्गप्रतिच्छन्नः क्रूरं कर्म समाचरेत् ॥४-१७-२७॥",
        "index": 27,
        "shloka_num": 27
    },
    {
        "text": "त्वं राघवकुले जातो धर्मवानिति विश्रुतः ।\nअभव्यो भव्यरूपेण किमर्थं परिधावसे ॥४-१७-२८॥",
        "index": 28,
        "shloka_num": 28
    },
    {
        "text": "साम दानं क्षमा धर्मः सत्यं धृतिपराक्रमौ ।\nपार्थिवानां गुणा राजन् दण्डश्चाप्यपकारिषु ॥४-१७-२९॥",
        "index": 29,
        "shloka_num": 29
    },
    {
        "text": "वयं वनचरा राम मृगा मूलफलाशिनः ।\nएषा प्रकृतिरस्माकं पुरुषस्त्वं नरेश्वर ॥४-१७-३०॥",
        "index": 30,
        "shloka_num": 30
    },
    {
        "text": "भूमिर्हिरण्यं रूपं च विग्रहे कारणानि च ।\nतत्र कस्ते वने लोभो मदीयेषु फलेषु वा ॥४-१७-३१॥",
        "index": 31,
        "shloka_num": 31
    },
    {
        "text": "नयश्च विनयश्चोभौ निग्रहानुग्रहावपि ।\nराजवृत्तिरसंकीर्णा न नृपाः कामवृत्तयः ॥४-१७-३२॥",
        "index": 32,
        "shloka_num": 32
    },
    {
        "text": "त्वं तु कामप्रधानश्च कोपनश्चानवस्थितः ।\nराजवृत्तेषु संकीर्णः शरासनपरायणः ॥४-१७-३३॥",
        "index": 33,
        "shloka_num": 33
    },
    {
        "text": "न तेऽस्त्यपचितिर्धर्मे नार्थे बुद्धिरवस्थिता ।\nइन्द्रियैः कामवृत्तः सन् कृष्यसे मनुजेश्वर ॥४-१७-३४॥",
        "index": 34,
        "shloka_num": 34
    },
    {
        "text": "हत्वा बाणेन काकुत्स्थ मामिहानपराधिनम् ।\nकिं वक्ष्यसि सतां मध्ये कर्म कृत्वा जुगुप्सितम् ॥४-१७-३५॥",
        "index": 35,
        "shloka_num": 35
    },
    {
        "text": "राजहा ब्रह्महा गोघ्नश्चोरः प्राणिवधे रतः ।\nनास्तिकः परिवेत्ता च सर्वे निरयगामिनः ॥४-१७-३६॥",
        "index": 36,
        "shloka_num": 36
    },
    {
        "text": "सूचकश्च कदर्यश्च मित्रघ्नो गुरुतल्पगः ।\nलोकं पापात्मनामेते गच्छन्ते नात्र संशयः ॥४-१७-३७॥",
        "index": 37,
        "shloka_num": 37
    },
    {
        "text": "अधार्यं चर्म मे सद्भी रोमाण्यस्थि च वर्जितम् ।\nअभक्ष्याणि च मांसानि त्वद्विधैर्धर्मचारिभिः ॥४-१७-३८॥",
        "index": 38,
        "shloka_num": 38
    },
    {
        "text": "पञ्च पञ्चनखा भक्ष्या ब्रह्मक्षत्रेण राघव ।\nशल्यकः श्वाविधो गोधा शशः कूर्मश्च पञ्चमः ॥४-१७-३९॥",
        "index": 39,
        "shloka_num": 39
    },
    {
        "text": "चर्म चास्थि च मे राम न स्पृशन्ति मनीषिणः ।\nअभक्ष्याणि च मांसानि सोऽहं पञ्चनखो हतः ॥४-१७-४०॥",
        "index": 40,
        "shloka_num": 40
    },
    {
        "text": "तारया वाक्यमुक्तोऽहं सत्यं सर्वज्ञया हितम् ।\nतदतिक्रम्य मोहेन कालस्य वशमागतः ॥४-१७-४१॥",
        "index": 41,
        "shloka_num": 41
    },
    {
        "text": "त्वया नाथेन काकुत्स्थ न सनाथा वसुंधरा ।\nप्रमदा शीलसम्पूर्णा पत्येव च विधर्मणा ॥४-१७-४२॥",
        "index": 42,
        "shloka_num": 42
    },
    {
        "text": "शठो नैकृतिकः क्षुद्रो मिथ्याप्रश्रितमानसः ।\nकथं दशरथेन त्वं जातः पापो महात्मना ॥४-१७-४३॥",
        "index": 43,
        "shloka_num": 43
    },
    {
        "text": "छिन्नचारित्र्यकक्ष्येण सतां धर्मातिवर्तिना ।\nत्यक्तधर्माङ्कुशेनाहं निहतो रामहस्तिना ॥४-१७-४४॥",
        "index": 44,
        "shloka_num": 44
    },
    {
        "text": "अशुभं चाप्ययुक्तं च सतां चैव विगर्हितम् ।\nवक्ष्यसे चेदृशं कृत्वा सद्भिः सह समागतः ॥४-१७-४५॥",
        "index": 45,
        "shloka_num": 45
    },
    {
        "text": "उदासीनेषु योऽस्मासु विक्रमोऽयं प्रकाशितः ।\nअपकारिषु ते राम नैवं पश्यामि विक्रमम् ॥४-१७-४६॥",
        "index": 46,
        "shloka_num": 46
    },
    {
        "text": "दृश्यमानस्तु युध्येथा मया युधि नृपात्मज ।\nअद्य वैवस्वतं देवं पश्येस्त्वं निहतो मया ॥४-१७-४७॥",
        "index": 47,
        "shloka_num": 47
    },
    {
        "text": "त्वयादृश्येन तु रणे निहतोऽहं दुरासदः ।\nप्रसुप्तः पन्नगेनैव नरः पापवशं गतः ॥४-१७-४८॥",
        "index": 48,
        "shloka_num": 48
    },
    {
        "text": "सुग्रीवप्रियकामेन यदहं निहतस्त्वया ।\nमामेव यदि पूर्वं त्वमेतदर्थमचोदयः ।\nमैथिलीमहमेकाह्ना तव चानीतवान् भवेः ॥४-१७-४९॥",
        "index": 49,
        "shloka_num": 49
    },
    {
        "text": "राक्षसं च दुरात्मानं तव भार्यापहारिणम् ।\nकण्ठे बद्ध्वा प्रदद्यां तेऽनिहतं रावणं रणे ॥४-१७-५०॥",
        "index": 50,
        "shloka_num": 50
    },
    {
        "text": "न्यस्तां सागरतोये वा पाताले वापि मैथिलीम् ।\nआनयेयं तवादेशाच्छ्वेतामश्वतरीमिव ॥४-१७-५१॥",
        "index": 51,
        "shloka_num": 51
    },
    {
        "text": "युक्तं यत्प्राप्नुयाद् राज्यं सुग्रीवः स्वर्गते मयि ।\nअयुक्तं यदधर्मेण त्वयाहं निहतो रणे ॥४-१७-५२॥",
        "index": 52,
        "shloka_num": 52
    },
    {
        "text": "काममेवंविधो लोकः कालेन विनियुज्यते ।\nक्षमं चेद्भवता प्राप्तमुत्तरं साधु चिन्त्यताम् ॥४-१७-५३॥",
        "index": 53,
        "shloka_num": 53
    },
    {
        "text": "इत्येवमुक्त्वा परिशुष्कवक्त्रः शराभिघाताद् व्यथितो महात्मा ।\nसमीक्ष्य रामं रविसंनिकाशं तूष्णीं बभौ वानरराजसूनुः ॥४-१७-५४॥",
        "index": 54,
        "shloka_num": 54
    },
    {
        "text": "इत्यार्षे श्रीमद्रामायणे वाल्मीकीये आदिकाव्ये किष्किन्धाकाण्डे रामाधिक्षेपः नाम सप्तदशः सर्गः ॥४-१७॥",
        "index": 55,
        "shloka_num": null
    }
]