[
    {
        "text": "अथ श्रीमद्वाल्मीकीयरामायणे किष्किन्धाकाण्डे वालिसंस्कारः नाम पञ्चविंशः सर्गः ॥४-२५॥",
        "index": 0,
        "shloka_num": null
    },
    {
        "text": "स सुग्रीवं च तारां च साङ्गदां सहलक्ष्मणः ।\nसमानशोकः काकुत्स्थः सान्त्वयन्निदमब्रवीत् ॥४-२५-१॥",
        "index": 1,
        "shloka_num": 1
    },
    {
        "text": "न शोकपरितापेन श्रेयसा युज्यते मृतः ।\nयदत्रानन्तरं कार्यं तत् समाधातुमर्हथ ॥४-२५-२॥",
        "index": 2,
        "shloka_num": 2
    },
    {
        "text": "लोकवृत्तमनुष्ठेयं कृतं वो बाष्पमोक्षणम् ।\nन कालादुत्तरं किंचित् कर्मशक्यमुपासितुम् ॥४-२५-३॥",
        "index": 3,
        "shloka_num": 3
    },
    {
        "text": "नियतिः कारणं लोके नियतिः कर्मसाधनम् ।\nनियतिः सर्वभूतानां नियोगेष्विह कारणम् ॥४-२५-४॥",
        "index": 4,
        "shloka_num": 4
    },
    {
        "text": "न कर्ता कस्यचित् कश्चिन्नियोगे नापि चेश्वरः ।\nस्वभावे वर्तते लोकस्तस्य कालः परायणम् ॥४-२५-५॥",
        "index": 5,
        "shloka_num": 5
    },
    {
        "text": "न कालः कालमत्येति न कालः परिहीयते ।\nस्वभावं च समासाद्य न कश्चिदतिवर्तते ॥४-२५-६॥",
        "index": 6,
        "shloka_num": 6
    },
    {
        "text": "न कालस्यास्ति बन्धुत्वं न हेतुर्न पराक्रमः ।\nन मित्रज्ञातिसम्बन्धः कारणं नात्मनो वशः ॥४-२५-७॥",
        "index": 7,
        "shloka_num": 7
    },
    {
        "text": "किं तु कालपरीणामो द्रष्टव्यः साधु पश्यता ।\nधर्मश्चार्थश्च कामश्च कालक्रमसमाहिताः ॥४-२५-८॥",
        "index": 8,
        "shloka_num": 8
    },
    {
        "text": "इतः स्वां प्रकृतिं वाली गतः प्राप्तः क्रियाफलम् ।\nसामदानार्थसंयोगैः पवित्रं प्लवगेश्वरः ॥४-२५-९॥",
        "index": 9,
        "shloka_num": 9
    },
    {
        "text": "स्वधर्मस्य च संयोगाज्जितस्तेन महात्मना ।\nस्वर्गः परिगृहीतश्च प्राणानपरिरक्षता ॥४-२५-१०॥",
        "index": 10,
        "shloka_num": 10
    },
    {
        "text": "एषा वै नियतिः श्रेष्ठा यां गतो हरियूथपः ।\nतदलं परितापेन प्राप्तकालमुपास्यताम् ॥४-२५-११॥",
        "index": 11,
        "shloka_num": 11
    },
    {
        "text": "वचनान्ते तु रामस्य लक्ष्मणः परवीरहा ।\nअवदत् प्रश्रितं वाक्यं सुग्रीवं गतचेतसम् ॥४-२५-१२॥",
        "index": 12,
        "shloka_num": 12
    },
    {
        "text": "कुरु त्वमस्य सुग्रीव प्रेतकार्यमनन्तरम् ।\nताराङ्गदाभ्यां सहितो वालिनो दहनं प्रति ॥४-२५-१३॥",
        "index": 13,
        "shloka_num": 13
    },
    {
        "text": "समाज्ञापय काष्ठानि शुष्काणि च बहूनि च ।\nचन्दनानि च दिव्यानि वालिसंस्कारकारणात् ॥४-२५-१४॥",
        "index": 14,
        "shloka_num": 14
    },
    {
        "text": "समाश्वासय दीनं त्वमङ्गदं दीनचेतसम् ।\nमा भूर्बालिशबुद्धिस्त्वं त्वदधीनमिदं पुरम् ॥४-२५-१५॥",
        "index": 15,
        "shloka_num": 15
    },
    {
        "text": "अङ्गदस्त्वानयेन्माल्यं वस्त्राणि विविधानि च ।\nघृतं तैलमथो गन्धान् यच्चात्र समनन्तरम् ॥४-२५-१६॥",
        "index": 16,
        "shloka_num": 16
    },
    {
        "text": "त्वं तार शिबिकां शीघ्रमादायागच्छ सम्भ्रमात् ।\nत्वरा गुणवती युक्ता ह्यस्मिन् काले विशेषतः ॥४-२५-१७॥",
        "index": 17,
        "shloka_num": 17
    },
    {
        "text": "सज्जीभवन्तु प्लवगाः शिबिकावाहनोचिताः ।\nसमर्था बलिनश्चैव निर्हरिष्यन्ति वालिनम् ॥४-२५-१८॥",
        "index": 18,
        "shloka_num": 18
    },
    {
        "text": "एवमुक्त्वा तु सुग्रीवं सुमित्रानन्दवर्धनः ।\nतस्थौ भ्रातृसमीपस्थो लक्ष्मणः परवीरहा ॥४-२५-१९॥",
        "index": 19,
        "shloka_num": 19
    },
    {
        "text": "लक्ष्मणस्य वचः श्रुत्वा तारः सम्भ्रान्तमानसः ।\nप्रविवेश गुहां शीघ्रं शिबिकासक्तमानसः ॥४-२५-२०॥",
        "index": 20,
        "shloka_num": 20
    },
    {
        "text": "आदाय शिबिकां तारः स तु पर्यापतत् पुनः ।\nवानरैरुह्यमानां तां शूरैरुद्वहनोचितैः ॥४-२५-२१॥",
        "index": 21,
        "shloka_num": 21
    },
    {
        "text": "दिव्यां भद्रासनयुतां शिबिकां स्यन्दनोपमाम् ।\nपक्षिकर्मभिराचित्रां द्रुमकर्मविभूषिताम् ॥४-२५-२२॥",
        "index": 22,
        "shloka_num": 22
    },
    {
        "text": "आचितां चित्रपत्तीभिः सुनिविष्टां समन्ततः ।\nविमानमिव सिद्धानां जालवातायनायुताम् ॥४-२५-२३॥",
        "index": 23,
        "shloka_num": 23
    },
    {
        "text": "सुनियुक्तां विशालां च सुकृतां शिल्पिभिः कृताम् ।\nदारुपर्वतकोपेतां चारुकर्मपरिष्कृताम् ॥४-२५-२४॥",
        "index": 24,
        "shloka_num": 24
    },
    {
        "text": "वराभरणहारैश्च चित्रमाल्योपशोभिताम् ।\nगुहागहनसंछन्नां रक्तचन्दनभूषिताम् ॥४-२५-२५॥",
        "index": 25,
        "shloka_num": 25
    },
    {
        "text": "पुष्पौघैः समभिच्छन्नां पद्ममालाभिरेव च ।\nतरुणादित्यवर्णाभिर्भ्राजमानाभिरावृताम् ॥४-२५-२६॥",
        "index": 26,
        "shloka_num": 26
    },
    {
        "text": "ईदृशीं शिबिकां दृष्ट्वा रामो लक्ष्मणमब्रवीत् ।\nक्षिप्रं विनीयतां वाली प्रेतकार्यं विधीयताम् ॥४-२५-२७॥",
        "index": 27,
        "shloka_num": 27
    },
    {
        "text": "ततो वालिनमुद्यम्य सुग्रीवः शिबिकां तदा ।\nआरोपयत विक्रोशन्नङ्गदेन सहैव तु ॥४-२५-२८॥",
        "index": 28,
        "shloka_num": 28
    },
    {
        "text": "आरोप्य शिबिकां चैव वालिनं गतजीवितम् ।\nअलंकारैश्च विविधैर्माल्यैर्वस्त्रैश्च भूषितम् ॥४-२५-२९॥",
        "index": 29,
        "shloka_num": 29
    },
    {
        "text": "आज्ञापयत् तदा राजा सुग्रीवः प्लवगेश्वरः ।\nऔर्ध्वदेहिकमार्यस्य क्रियतामनुकूलतः ॥४-२५-३०॥",
        "index": 30,
        "shloka_num": 30
    },
    {
        "text": "विश्राणयन्तो रत्नानि विविधानि बहूनि च ।\nअग्रतः प्लवगा यान्तु शिबिका तदनन्तरम् ॥४-२५-३१॥",
        "index": 31,
        "shloka_num": 31
    },
    {
        "text": "राज्ञामृद्धिविशेषा हि दृश्यन्ते भुवि यादृशाः ।\nतादृशैरिह कुर्वन्तु वानरा भर्तृसत्क्रियाम् ॥४-२५-३२॥",
        "index": 32,
        "shloka_num": 32
    },
    {
        "text": "तादृशं वालिनः क्षिप्रं प्राकुर्वन्नौर्ध्वदेहिकम् ।\nअङ्गदं परिरभ्याशु तारप्रभृतयस्तदा ॥४-२५-३३॥",
        "index": 33,
        "shloka_num": 33
    },
    {
        "text": "क्रोशन्तः प्रययुः सर्वे वानरा हतबान्धवाः ।\nततः प्रणिहिताः सर्वा वानर्योऽस्य वशानुगाः ॥४-२५-३४॥",
        "index": 34,
        "shloka_num": 34
    },
    {
        "text": "चुक्रुशुर्वीरवीरेति भूयः क्रोशन्ति ताः प्रियम् ।\nताराप्रभृतयः सर्वा वानर्यो हतबान्धवाः ॥४-२५-३५॥",
        "index": 35,
        "shloka_num": 35
    },
    {
        "text": "अनुजग्मुश्च भर्तारं क्रोशन्त्यः करुणस्वनाः ।\nतासां रुदितशब्देन वानरीणां वनान्तरे ॥४-२५-३६॥",
        "index": 36,
        "shloka_num": 36
    },
    {
        "text": "वनानि गिरयश्चैव विक्रोशन्तीव सर्वतः ।\nपुलिने गिरिनद्यास्तु विविक्ते जलसंवृते ॥४-२५-३७॥",
        "index": 37,
        "shloka_num": 37
    },
    {
        "text": "चितां चक्रुः सुबहवो वानरा वनचारिणः ।\nअवरोप्य ततः स्कन्धाच्छिबिकां वानरोत्तमाः ॥४-२५-३८॥",
        "index": 38,
        "shloka_num": 38
    },
    {
        "text": "तस्थुरेकान्तमाश्रित्य सर्वे शोकपरायणाः ।\nततस्तारा पतिं दृष्ट्वा शिबिकातलशायिनम् ॥४-२५-३९॥",
        "index": 39,
        "shloka_num": 39
    },
    {
        "text": "आरोप्याङ्के शिरस्तस्य विललाप सुदुःखिता ।\nहा वानरमहाराज हा नाथ मम वत्सल ॥४-२५-४०॥",
        "index": 40,
        "shloka_num": 40
    },
    {
        "text": "हा महार्ह महाबाहो हा मम प्रिय पश्य माम् ।\nजनं न पश्यसीमं त्वं कस्माच्छोकाभिपीडितम् ॥४-२५-४१॥",
        "index": 41,
        "shloka_num": 41
    },
    {
        "text": "प्रहृष्टमिह ते वक्त्रं गतासोरपि मानद ।\nअस्तार्कसमवर्णं च दृश्यते जीवतो यथा ॥४-२५-४२॥",
        "index": 42,
        "shloka_num": 42
    },
    {
        "text": "एष त्वां रामरूपेण कालः कर्षति वानर ।\nयेन स्म विधवाः सर्वाः कृता एकेषुणा रणे ॥४-२५-४३॥",
        "index": 43,
        "shloka_num": 43
    },
    {
        "text": "इमास्तास्तव राजेन्द्र वानर्योऽप्लवगास्तव ।\nपादैर्विकृष्टमध्वानमागताः किं न बुध्यसे ॥४-२५-४४॥",
        "index": 44,
        "shloka_num": 44
    },
    {
        "text": "तवेष्टा ननु चैवेमा भार्याश्चन्द्रनिभाननाः ।\nइदानीं नेक्षसे कस्मात् सुग्रीवं प्लवगेश्वर ॥४-२५-४५॥",
        "index": 45,
        "shloka_num": 45
    },
    {
        "text": "एते हि सचिवा राजंस्तारप्रभृतयस्तव ।\nपुरवासिजनश्चायं परिवार्य विषीदति ॥४-२५-४६॥",
        "index": 46,
        "shloka_num": 46
    },
    {
        "text": "विसर्जयैनान् सचिवान् यथापुरमरिंदम ।\nततः क्रीडामहे सर्वा वनेषु मदनोत्कटाः ॥४-२५-४७॥",
        "index": 47,
        "shloka_num": 47
    },
    {
        "text": "एवं विलपतीं तारां पतिशोकपरीवृताम् ।\nउत्थापयन्ति स्म तदा वानर्यः शोककर्शिताः ॥४-२५-४८॥",
        "index": 48,
        "shloka_num": 48
    },
    {
        "text": "सुग्रीवेण ततः सार्धं सोऽङ्गदः पितरं रुदन् ।\nचितामारोपयामास शोकेनाभिप्लुतेन्द्रियः ॥४-२५-४९॥",
        "index": 49,
        "shloka_num": 49
    },
    {
        "text": "ततोऽग्निं विधिवद् दत्त्वा सोऽपसव्यं चकार ह ।\nपितरं दीर्घमध्वानं प्रस्थितं व्याकुलेन्द्रियः ॥४-२५-५०॥",
        "index": 50,
        "shloka_num": 50
    },
    {
        "text": "संस्कृत्य वालिनं तं तु विधिवत् प्लवगर्षभाः ।\nआजग्मुरुदकं कर्तुं नदीं शुभजलां शिवाम् ॥४-२५-५१॥",
        "index": 51,
        "shloka_num": 51
    },
    {
        "text": "ततस्ते सहितास्तत्र ह्यङ्गदं स्थाप्य चाग्रतः ।\nसुग्रीवतारासहिताः सिषिचुर्वालिने जलम् ॥४-२५-५२॥",
        "index": 52,
        "shloka_num": 52
    },
    {
        "text": "सुग्रीवेणैव दीनेन दीनो भूत्वा महाबलः ।\nसमानशोकः काकुत्स्थः प्रेतकार्याण्यकारयत् ॥४-२५-५३॥",
        "index": 53,
        "shloka_num": 53
    },
    {
        "text": "ततोऽथ तं वालिनमग्र्यपौरुषं प्रकाशमिक्ष्वाकुवरेषुणा हतम् ।\nप्रदीप्य दीप्ताग्निसमौजसं तदा सलक्ष्मणं राममुपेयिवान् हरिः ॥४-२५-५४॥",
        "index": 54,
        "shloka_num": 54
    },
    {
        "text": "इत्यार्षे श्रीमद्रामायणे वाल्मीकीये आदिकाव्ये किष्किन्धाकाण्डे वालिसंस्कारः नाम पञ्चविंशः सर्गः ॥४-२५॥",
        "index": 55,
        "shloka_num": null
    }
]