[
    {
        "text": "अथ श्रीमद्वाल्मीकीयरामायणे किष्किन्धाकाण्डे रामसमीपगमनम् नाम अष्टात्रिंशः सर्गः ॥४-३८॥",
        "index": 0,
        "shloka_num": null
    },
    {
        "text": "प्रतिगृह्य च तत् सर्वमुपायनमुपाहृतम् ।\nवानरान् सान्त्वयित्वा च सर्वानेव व्यसर्जयत् ॥४-३८-१॥",
        "index": 1,
        "shloka_num": 1
    },
    {
        "text": "विसर्जयित्वा स हरीन् सहस्रान् कृतकर्मणः ।\nमेने कृतार्थमात्मानं राघवं च महाबलम् ॥४-३८-२॥",
        "index": 2,
        "shloka_num": 2
    },
    {
        "text": "स लक्ष्मणो भीमबलं सर्ववानरसत्तमम् ।\nअब्रवीत् प्रश्रितं वाक्यं सुग्रीवं सम्प्रहर्षयन् ॥४-३८-३॥",
        "index": 3,
        "shloka_num": 3
    },
    {
        "text": "किष्किन्धाया विनिष्क्राम यदि ते सौम्य रोचते ।\nतस्य तद् वचनं श्रुत्वा लक्ष्मणस्य सुभाषितम् ॥४-३८-४॥",
        "index": 4,
        "shloka_num": 4
    },
    {
        "text": "सुग्रीवः परमप्रीतो वाक्यमेतदुवाच ह ।\nएवं भवतु गच्छाम स्थेयं त्वच्छासने मया ॥४-३८-५॥",
        "index": 5,
        "shloka_num": 5
    },
    {
        "text": "तमेवमुक्त्वा सुग्रीवो लक्ष्मणं शुभलक्षणम् ।\nविसर्जयामास तदा ताराद्याश्चैव योषितः ॥४-३८-६॥",
        "index": 6,
        "shloka_num": 6
    },
    {
        "text": "एहीत्युच्चैर्हरिवरान् सुग्रीवः समुदाहरत् ।\nतस्य तद् वचनं श्रुत्वा हरयः शीघ्रमाययुः ॥४-३८-७॥",
        "index": 7,
        "shloka_num": 7
    },
    {
        "text": "बद्धाञ्जलिपुटाः सर्वे ये स्युः स्त्रीदर्शनक्षमाः ।\nतानुवाच ततः प्राप्तान् राजार्कसदृशप्रभः ॥४-३८-८॥",
        "index": 8,
        "shloka_num": 8
    },
    {
        "text": "उपस्थापयत क्षिप्रं शिबिकां मम वानराः ।\nश्रुत्वा तु वचनं तस्य हरयः शीघ्रविक्रमाः ॥४-३८-९॥",
        "index": 9,
        "shloka_num": 9
    },
    {
        "text": "समुपस्थापयामासुः शिबिकां प्रियदर्शनाम् ।\nतामुपस्थापितां दृष्ट्वा शिबिकां वानराधिपः ॥४-३८-१०॥",
        "index": 10,
        "shloka_num": 10
    },
    {
        "text": "लक्ष्मणारुह्यतां शीघ्रमिति सौमित्रिमब्रवीत् ।\nइत्युक्त्वा काञ्चनं यानं सुग्रीवः सूर्यसंनिभम् ॥४-३८-११॥",
        "index": 11,
        "shloka_num": 11
    },
    {
        "text": "बहुभिर्हरिभिर्युक्तमारुरोह सलक्ष्मणः ।\nपाण्डुरेणातपत्रेण ध्रियमाणेन मूर्धनि ॥४-३८-१२॥",
        "index": 12,
        "shloka_num": 12
    },
    {
        "text": "शुक्लैश्च वालव्यजनैर्धूयमानैः समन्ततः ।\nशंखभेरीनिनादैश्च बन्दिभिश्चाभिनन्दितः ॥४-३८-१३॥",
        "index": 13,
        "shloka_num": 13
    },
    {
        "text": "निर्ययौ प्राप्य सुग्रीवो राज्यश्रियमनुत्तमाम् ।\nस वानरशतैस्तीक्ष्णैर्बहुभिः शस्त्रपाणिभिः ॥४-३८-१४॥",
        "index": 14,
        "shloka_num": 14
    },
    {
        "text": "परिकीर्णो ययौ तत्र यत्र रामो व्यवस्थितः ।\nस तं देशमनुप्राप्य श्रेष्ठं रामनिषेवितम् ॥४-३८-१५॥",
        "index": 15,
        "shloka_num": 15
    },
    {
        "text": "अवातरन्महातेजाः शिबिकायाः सलक्ष्मणः ।\nआसाद्य च ततो रामं कृताञ्जलिपुटोऽभवत् ॥४-३८-१६॥",
        "index": 16,
        "shloka_num": 16
    },
    {
        "text": "कृताञ्जलौ स्थिते तस्मिन् वानराश्चाभवंस्तथा ।\nतटाकमिव तं दृष्ट्वा रामः कुड्मलपङ्कजम् ॥४-३८-१७॥",
        "index": 17,
        "shloka_num": 17
    },
    {
        "text": "वानराणां महत् सैन्यं सुग्रीवे प्रीतिमानभूत् ।\nपादयोः पतितं मूर्ध्ना तमुत्थाप्य हरीश्वरम् ॥४-३८-१८॥",
        "index": 18,
        "shloka_num": 18
    },
    {
        "text": "प्रेम्णा च बहुमानाच्च राघवः परिषस्वजे ।\nपरिष्वज्य च धर्मात्मा निषीदेति ततोऽब्रवीत् ॥४-३८-१९॥",
        "index": 19,
        "shloka_num": 19
    },
    {
        "text": "निषण्णं तं ततो दृष्ट्वा क्षितौ रामोऽब्रवीत् ततः ।\nधर्ममर्थं च कामं च काले यस्तु निषेवते ॥४-३८-२०॥",
        "index": 20,
        "shloka_num": 20
    },
    {
        "text": "विभज्य सततं वीर स राजा हरिसत्तम ।\nहित्वा धर्मं तथार्थं च कामं यस्तु निषेवते ॥४-३८-२१॥",
        "index": 21,
        "shloka_num": 21
    },
    {
        "text": "स वृक्षाग्रे यथा सुप्तः पतितः प्रतिबुध्यते ।\nअमित्राणां वधे युक्तो मित्राणां संग्रहे रतः ॥४-३८-२२॥",
        "index": 22,
        "shloka_num": 22
    },
    {
        "text": "त्रिवर्गफलभोक्ता च राजा धर्मेण युज्यते ।\nउद्योगसमयस्त्वेष प्राप्तः शत्रुनिषूदन ॥४-३८-२३॥",
        "index": 23,
        "shloka_num": 23
    },
    {
        "text": "संचिन्त्यतां हि पिङ्गेश हरिभिः सह मन्त्रिभिः ।\nएवमुक्तस्तु सुग्रीवो रामं वचनमब्रवीत् ॥४-३८-२४॥",
        "index": 24,
        "shloka_num": 24
    },
    {
        "text": "प्रणष्टा श्रीश्च कीर्तिश्च कपिराज्यं च शाश्वतम् ।\nत्वत्प्रसादान्महाबाहो पुनः प्राप्तमिदं मया ॥४-३८-२५॥",
        "index": 25,
        "shloka_num": 25
    },
    {
        "text": "तव देव प्रसादाच्च भ्रातुश्च जयतां वर ।\nकृतं न प्रतिकुर्याद् यः पुरुषाणां हि दूषकः ॥४-३८-२६॥",
        "index": 26,
        "shloka_num": 26
    },
    {
        "text": "एते वानरमुख्याश्च शतशः शत्रुसूदन ।\nप्राप्ताश्चादाय बलिनः पृथिव्यां सर्ववानरान् ॥४-३८-२७॥",
        "index": 27,
        "shloka_num": 27
    },
    {
        "text": "ऋक्षाश्च वानराः शूरा गोलाङ्गूलाश्च राघव ।\nकान्तारवनदुर्गाणामभिज्ञा घोरदर्शनाः ॥४-३८-२८॥",
        "index": 28,
        "shloka_num": 28
    },
    {
        "text": "देवगन्धर्वपुत्राश्च वानराः कामरूपिणः ।\nस्वैः स्वैः परिवृताः सैन्यैर्वर्तन्ते पथि राघव ॥४-३८-२९॥",
        "index": 29,
        "shloka_num": 29
    },
    {
        "text": "शतैः शतसहस्रैश्च वर्तन्ते कोटिभिस्तथा ।\nअयुतैश्चावृता वीर शङ्कुभिश्च परंतप ॥४-३८-३०॥",
        "index": 30,
        "shloka_num": 30
    },
    {
        "text": "अर्बुदैरर्बुदशतैर्मध्यैश्चान्त्यैश्च वानराः ।\nसमुद्राश्च परार्धाश्च हरयो हरियूथपाः ॥४-३८-३१॥",
        "index": 31,
        "shloka_num": 31
    },
    {
        "text": "आगमिष्यन्ति ते राजन् महेन्द्रसमविक्रमाः ।\nमेघपर्वतसंकाशा मेरुविन्ध्यकृतालयाः ॥४-३८-३२॥",
        "index": 32,
        "shloka_num": 32
    },
    {
        "text": "ते त्वामभिगमिष्यन्ति राक्षसं योद्धुमाहवे ।\nनिहत्य रावणं युद्धे ह्यानयिष्यन्ति मैथिलीम् ॥४-३८-३३॥",
        "index": 33,
        "shloka_num": 33
    },
    {
        "text": "ततः समुद्योगमवेक्ष्य वीर्यवान् हरिप्रवीरस्य निदेशवर्तिनः ।\nबभूव हर्षाद् वसुधाधिपात्मजः प्रबुद्धनीलोत्पलतुल्यदर्शनः ॥४-३८-३४॥",
        "index": 34,
        "shloka_num": 34
    },
    {
        "text": "इत्यार्षे श्रीमद्रामायणे वाल्मीकीये आदिकाव्ये किष्किन्धाकाण्डे रामसमीपगमनम् नाम अष्टात्रिंशः सर्गः ॥४-३८॥",
        "index": 35,
        "shloka_num": null
    }
]