[
    {
        "text": "अथ श्रीमद्वाल्मीकीयरामायणे किष्किन्धाकाण्डे वानरबलप्रतिष्ठा नाम पञ्चचत्वारिंशः सर्गः ॥४-४५॥",
        "index": 0,
        "shloka_num": null
    },
    {
        "text": "सर्वांश्चाहूय सुग्रीवः प्लवगान् प्लवगर्षभः ।\nसमस्तांश्चाब्रवीद् राजा रामकार्यार्थसिद्धये ॥४-४५-१॥",
        "index": 1,
        "shloka_num": 1
    },
    {
        "text": "एवमेतद् विचेतव्यं भवद्भिर्वानरोत्तमैः ।\nतदुग्रशासनं भर्तुर्विज्ञाय हरिपुंगवाः ॥४-४५-२॥",
        "index": 2,
        "shloka_num": 2
    },
    {
        "text": "शलभा इव संछाद्य मेदिनीं सम्प्रतस्थिरे ।\nरामः प्रस्रवणे तस्मिन् न्यवसत् सहलक्ष्मणः ॥४-४५-३॥",
        "index": 3,
        "shloka_num": 3
    },
    {
        "text": "प्रतीक्षमाणस्तं मासं सीताधिगमने कृतः ।\nउत्तरां तु दिशं रम्यां गिरिराजसमावृताम् ॥४-४५-४॥",
        "index": 4,
        "shloka_num": 4
    },
    {
        "text": "प्रतस्थे सहसा वीरो हरिः शतबलिस्तदा ।\nपूर्वां दिशं प्रतिययौ विनतो हरियूथपः ॥४-४५-५॥",
        "index": 5,
        "shloka_num": 5
    },
    {
        "text": "ताराङ्गदादिसहितः प्लवगः पवनात्मजः ।\nअगस्त्याचरितामाशां दक्षिणां हरियूथपः ॥४-४५-६॥",
        "index": 6,
        "shloka_num": 6
    },
    {
        "text": "पश्चिमां च दिशं घोरां सुषेणः प्लवगेश्वरः ।\nप्रतस्थे हरिशार्दूलो दिशं वरुणपालिताम् ॥४-४५-७॥",
        "index": 7,
        "shloka_num": 7
    },
    {
        "text": "ततः सर्वा दिशो राजा चोदयित्वा यथातथम् ।\nकपिसेनापतिर्वीरो मुमोद सुखितः सुखम् ॥४-४५-८॥",
        "index": 8,
        "shloka_num": 8
    },
    {
        "text": "एवं संचोदिताः सर्वे राज्ञा वानरयूथपाः ।\nस्वां स्वां दिशमभिप्रेत्य त्वरिताः सम्प्रतस्थिरे ॥४-४५-९॥",
        "index": 9,
        "shloka_num": 9
    },
    {
        "text": "नदन्तश्चोन्नदन्तश्च गर्जन्तश्च प्लवंगमाः ।\nक्ष्वेडन्तो धावमानाश्च विनदन्तो महाबलाः ॥४-४५-१०॥",
        "index": 10,
        "shloka_num": 10
    },
    {
        "text": "एवं संचोदिताः सर्वे राज्ञा वानरयूथपाः ।\nआनयिष्यामहे सीतां हनिष्यामश्च रावणम् ॥४-४५-११॥",
        "index": 11,
        "shloka_num": 11
    },
    {
        "text": "अहमेको वधिष्यामि प्राप्तं रावणमाहवे ।\nततश्चोन्मथ्य सहसा हरिष्ये जनकात्मजाम् ॥४-४५-१२॥",
        "index": 12,
        "shloka_num": 12
    },
    {
        "text": "वेपमानां श्रमेणाद्य भवद्भिः स्थीयतामिति ।\nएक एवाहरिष्यामि पातालादपि जानकीम् ॥४-४५-१३॥",
        "index": 13,
        "shloka_num": 13
    },
    {
        "text": "विधमिष्याम्यहं वृक्षान् दारयिष्याम्यहं गिरीन् ।\nधरणीं दारयिष्यामि क्षोभयिष्यामि सागरान् ॥४-४५-१४॥",
        "index": 14,
        "shloka_num": 14
    },
    {
        "text": "अहं योजनसंख्यायाः प्लवेयं नात्र संशयः ।\nशतयोजनसंख्यायाः शतं समधिकं ह्यहम् ॥४-४५-१५॥",
        "index": 15,
        "shloka_num": 15
    },
    {
        "text": "भूतले सागरे वापि शैलेषु च वनेषु च ।\nपातालस्यापि वा मध्ये न ममाच्छिद्यते गतिः ॥४-४५-१६॥",
        "index": 16,
        "shloka_num": 16
    },
    {
        "text": "इत्येकैकस्तदा तत्र वानरा बलदर्पिताः ।\nऊचुश्च वचनं तस्य हरिराजस्य संनिधौ ॥४-४५-१७॥",
        "index": 17,
        "shloka_num": 17
    },
    {
        "text": "इत्यार्षे श्रीमद्रामायणे वाल्मीकीये आदिकाव्ये किष्किन्धाकाण्डे वानरबलप्रतिष्ठा नाम पञ्चचत्वारिंशः सर्गः ॥४-४५॥",
        "index": 18,
        "shloka_num": null
    }
]