[
    {
        "text": "अथ श्रीमद्वाल्मीकीयरामायणे किष्किन्धाकाण्डे भूमण्डलभ्रमणकथनम् नाम षड्चत्वारिंशः सर्गः ॥४-४६॥",
        "index": 0,
        "shloka_num": null
    },
    {
        "text": "गतेषु वानरेन्द्रेषु रामः सुग्रीवमब्रवीत् ।\nकथं भवान् विजानीते सर्वं वै मण्डलं भुवः ॥४-४६-१॥",
        "index": 1,
        "shloka_num": 1
    },
    {
        "text": "सुग्रीवश्च ततो राममुवाच प्रणतात्मवान् ।\nश्रूयतां सर्वमाख्यास्ये विस्तरेण वचो मम ॥४-४६-२॥",
        "index": 2,
        "shloka_num": 2
    },
    {
        "text": "यदा तु दुन्दुभिं नाम दानवं महिषाकृतिम् ।\nप्रतिकालयते वाली मलयं प्रति पर्वतम् ॥४-४६-३॥",
        "index": 3,
        "shloka_num": 3
    },
    {
        "text": "तदा विवेश महिषो मलयस्य गुहां प्रति ।\nविवेश वाली तत्रापि मलयं तज्जिघांसया ॥४-४६-४॥",
        "index": 4,
        "shloka_num": 4
    },
    {
        "text": "ततोऽहं तत्र निक्षिप्तो गुहाद्वारि विनीतवत् ।\nन च निष्क्रामते वाली तदा संवत्सरे गते ॥४-४६-५॥",
        "index": 5,
        "shloka_num": 5
    },
    {
        "text": "ततः क्षतजवेगेन आपुपूरे तदा बिलम् ।\nतदहं विस्मितो दृष्ट्वा भ्रातुः शोकविषार्दितः ॥४-४६-६॥",
        "index": 6,
        "shloka_num": 6
    },
    {
        "text": "अथाहं गतबुद्धिस्तु सुव्यक्तं निहतो गुरुः ।\nशिला पर्वतसंकाशा बिलद्वारि मया कृता ॥४-४६-७॥",
        "index": 7,
        "shloka_num": 7
    },
    {
        "text": "अशक्नुवन्निष्क्रमितुं महिषो विनशिष्यति ।\nततोऽहमागां किष्किन्धां निराशस्तस्य जीविते ॥४-४६-८॥",
        "index": 8,
        "shloka_num": 8
    },
    {
        "text": "राज्यं च सुमहत् प्राप्य तारां च रुमया सह ।\nमित्रैश्च सहितस्तत्र वसामि विगतज्वरः ॥४-४६-९॥",
        "index": 9,
        "shloka_num": 9
    },
    {
        "text": "आजगाम ततो वाली हत्वा तं वानरर्षभः ।\nततोऽहमददां राज्यं गौरवाद् भययन्त्रितः ॥४-४६-१०॥",
        "index": 10,
        "shloka_num": 10
    },
    {
        "text": "स मां जिघांसुर्दुष्टात्मा वाली प्रव्यथितेन्द्रियः ।\nपरिकालयते वाली धावन्तं सचिवैः सह ॥४-४६-११॥",
        "index": 11,
        "shloka_num": 11
    },
    {
        "text": "ततोऽहं वालिना तेन सोऽनुबद्धः प्रधावितः ।\nनदीश्च विविधाः पश्यन् वनानि नगराणि च ॥४-४६-१२॥",
        "index": 12,
        "shloka_num": 12
    },
    {
        "text": "आदर्शतलसंकाशा ततो वै पृथिवी मया ।\nअलातचक्रप्रतिमा दृष्टा गोष्पदवत् कृता ॥४-४६-१३॥",
        "index": 13,
        "shloka_num": 13
    },
    {
        "text": "पूर्वां दिशं ततो गत्वा पश्यामि विविधान् द्रुमान् ।\nपर्वतान् सदरीन् रम्यान् सरांसि विविधानि च ॥४-४६-१४॥",
        "index": 14,
        "shloka_num": 14
    },
    {
        "text": "उदयं तत्र पश्यामि पर्वतं धातुमण्डितम् ।\nक्षीरोदं सागरं चैव नित्यमप्सरसालयम् ॥४-४६-१५॥",
        "index": 15,
        "shloka_num": 15
    },
    {
        "text": "परिकाल्यमानस्तु तदा वालिनाभिद्रुतो ह्यहम् ।\nपुनरावृत्य सहसा प्रस्थितोऽहं तदा विभो ॥४-४६-१६॥",
        "index": 16,
        "shloka_num": 16
    },
    {
        "text": "दिशस्तस्यास्ततो भूयः प्रस्थितो दक्षिणां दिशम् ।\nविन्ध्यपादपसंकीर्णां चन्दनद्रुमशोभिताम् ॥४-४६-१७॥",
        "index": 17,
        "shloka_num": 17
    },
    {
        "text": "द्रुमशैलान्तरे पश्यन् भूयो दक्षिणतोऽपराम् ।\nअपरां च दिशं प्राप्तो वालिना समभिद्रुतः ॥४-४६-१८॥",
        "index": 18,
        "shloka_num": 18
    },
    {
        "text": "स पश्यन् विविधान् देशानस्तं च गिरिसत्तमम् ।\nप्राप्य चास्तं गिरिश्रेष्ठमुत्तरं सम्प्रधावितः ॥४-४६-१९॥",
        "index": 19,
        "shloka_num": 19
    },
    {
        "text": "हिमवन्तं च मेरुं च समुद्रं च तथोत्तरम् ।\nयदा न विन्दे शरणं वालिना समभिद्रुतः ॥४-४६-२०॥",
        "index": 20,
        "shloka_num": 20
    },
    {
        "text": "ततो मां बुद्धिसम्पन्नो हनुमान् वाक्यमब्रवीत् ।\nइदानीं मे स्मृतं राजन् यथा वाली हरीश्वरः ॥४-४६-२१॥",
        "index": 21,
        "shloka_num": 21
    },
    {
        "text": "मतङ्गेन तदा शप्तो ह्यस्मिन्नाश्रममण्डले ।\nप्रविशेद् यदि वै वाली मूर्धास्य शतधा भवेत् ॥४-४६-२२॥",
        "index": 22,
        "shloka_num": 22
    },
    {
        "text": "तत्र वासः सुखोऽस्माकं निरुद्विग्नो भविष्यति ।\nततः पर्वतमासाद्य ऋष्यमूकं नृपात्मज ॥४-४६-२३॥",
        "index": 23,
        "shloka_num": 23
    },
    {
        "text": "न विवेश तदा वाली मतङ्गस्य भयात् तदा ।\nएवं मया तदा राजन् प्रत्यक्षमुपलक्षितम् ।\nपृथिवीमण्डलं सर्वं गुहामस्म्यागतस्ततः ॥४-४६-२४॥",
        "index": 24,
        "shloka_num": 24
    },
    {
        "text": "इत्यार्षे श्रीमद्रामायणे वाल्मीकीये आदिकाव्ये किष्किन्धाकाण्डे भूमण्डलभ्रमणकथनम् नाम षड्चत्वारिंशः सर्गः ॥४-४६॥",
        "index": 25,
        "shloka_num": null
    }
]