[
    {
        "text": "अथ श्रीमद्वाल्मीकीयरामायणे किष्किन्धाकाण्डे कण्डूवनादिविचयः नाम अष्टचत्वारिंशः सर्गः ॥४-४८॥",
        "index": 0,
        "shloka_num": null
    },
    {
        "text": "सह ताराङ्गदाभ्यां तु सहसा हनुमान् कपिः ।\nसुग्रीवेण यथोद्दिष्टं गन्तुं देशं प्रचक्रमे ॥४-४८-१॥",
        "index": 1,
        "shloka_num": 1
    },
    {
        "text": "स तु दूरमुपागम्य सर्वैस्तैः कपिसत्तमैः ।\nततो विचित्य विन्ध्यस्य गुहाश्च गहनानि च ॥४-४८-२॥",
        "index": 2,
        "shloka_num": 2
    },
    {
        "text": "पर्वताग्रनदीदुर्गान् सरांसि विपुलद्रुमान् ।\nवृक्षषण्डांश्च विविधान् पर्वतान् वनपादपान् ॥४-४८-३॥",
        "index": 3,
        "shloka_num": 3
    },
    {
        "text": "अन्वेषमाणास्ते सर्वे वानराः सर्वतो दिशम् ।\nन सीतां ददृशुर्वीरा मैथिलीं जनकात्मजाम् ॥४-४८-४॥",
        "index": 4,
        "shloka_num": 4
    },
    {
        "text": "ते भक्षयन्तो मूलानि फलानि विविधान्यपि ।\nअन्वेषमाणा दुर्धर्षा न्यवसंस्तत्र तत्र ह ॥४-४८-५॥",
        "index": 5,
        "shloka_num": 5
    },
    {
        "text": "स तु देशो दुरन्वेषो गुहागहनवान् महान् ।\nनिर्जलं निर्जनं शून्यं गहनं घोरदर्शनम् ॥४-४८-६॥",
        "index": 6,
        "shloka_num": 6
    },
    {
        "text": "तादृशान्यप्यरण्यानि विचित्य भृशपीडिताः ।\nस देशश्च दुरन्वेष्यो गुहागहनवान् महान् ॥४-४८-७॥",
        "index": 7,
        "shloka_num": 7
    },
    {
        "text": "त्यक्त्वा तु तं ततो देशं सर्वे वै हरियूथपाः ।\nदेशमन्यं दुराधर्षं विविशुश्चाकुतोभयाः ॥४-४८-८॥",
        "index": 8,
        "shloka_num": 8
    },
    {
        "text": "यत्र वन्ध्यफला वृक्षा विपुष्पाः पर्णवर्जिताः ।\nनिस्तोयाः सरितो यत्र मूलं यत्र सुदुर्लभम् ॥४-४८-९॥",
        "index": 9,
        "shloka_num": 9
    },
    {
        "text": "न सन्ति महिषा यत्र न मृगा न च हस्तिनः ।\nशार्दूलाः पक्षिणो वापि ये चान्ये वनगोचराः ॥४-४८-१०॥",
        "index": 10,
        "shloka_num": 10
    },
    {
        "text": "न चात्र वृक्षा नौषध्यो न वल्ल्यो नापि वीरुधः ।\nस्निग्धपत्राः स्थले यत्र पद्मिन्यः फुल्लपङ्कजाः ॥४-४८-११॥",
        "index": 11,
        "shloka_num": 11
    },
    {
        "text": "प्रेक्षणीयाः सुगन्धाश्च भ्रमरैश्च विवर्जिताः ।\nकण्डुर्नाम महाभागः सत्यवादी तपोधनः ॥४-४८-१२॥",
        "index": 12,
        "shloka_num": 12
    },
    {
        "text": "महर्षिः परमामर्षी नियमैर्दुष्प्रधर्षणः ।\nतस्य तस्मिन् वने पुत्रो बालको दशवार्षिकः ॥४-४८-१३॥",
        "index": 13,
        "shloka_num": 13
    },
    {
        "text": "प्रणष्टो जीवितान्ताय क्रुद्धस्तेन महामुनिः ।\nतेन धर्मात्मना शप्तं कृत्स्नं तत्र महद्वनम् ॥४-४८-१४॥",
        "index": 14,
        "shloka_num": 14
    },
    {
        "text": "अशरण्यं दुराधर्षं मृगपक्षिविवर्जितम् ।\nतस्य ते काननान्तांस्तु गिरीणां कन्दराणि च ॥४-४८-१५॥",
        "index": 15,
        "shloka_num": 15
    },
    {
        "text": "प्रभवाणि नदीनां च विचिन्वन्ति समाहिताः ।\nतत्र चापि महात्मानो नापश्यञ्जनकात्मजाम् ॥४-४८-१६॥",
        "index": 16,
        "shloka_num": 16
    },
    {
        "text": "हर्तारं रावणं वापि सुग्रीवप्रियकारिणः ।\nते प्रविश्य तु तं भीमं लतागुल्मसमावृतम् ॥४-४८-१७॥",
        "index": 17,
        "shloka_num": 17
    },
    {
        "text": "ददृशुर्भीमकर्माणमसुरं सुरनिर्भयम् ।\nतं दृष्ट्वा वानरा घोरं स्थितं शैलमिवासुरम् ॥४-४८-१८॥",
        "index": 18,
        "shloka_num": 18
    },
    {
        "text": "गाढं परिहिताः सर्वे दृष्ट्वा तं पर्वतोपमम् ।\nसोऽपि तान् वानरान् सर्वान् नष्टाः स्थेत्यब्रवीद् बली ॥४-४८-१९॥",
        "index": 19,
        "shloka_num": 19
    },
    {
        "text": "अभ्यधावत संक्रुद्धो मुष्टिमुद्यम्य संगतम् ।\nतमापतन्तं सहसा वालिपुत्रोऽङ्गदस्तदा ॥४-४८-२०॥",
        "index": 20,
        "shloka_num": 20
    },
    {
        "text": "रावणोऽयमिति ज्ञात्वा तलेनाभिजघान ह ।\nस वालिपुत्राभिहतो वक्त्राच्छोणितमुद्वमन् ॥४-४८-२१॥",
        "index": 21,
        "shloka_num": 21
    },
    {
        "text": "असुरो न्यपतद् भूमौ पर्यस्त इव पर्वतः ।\nते तु तस्मिन् निरुच्छ्वासे वानरा जितकाशिनः ॥४-४८-२२॥",
        "index": 22,
        "shloka_num": 22
    },
    {
        "text": "व्यचिन्वन् प्रायशस्तत्र सर्वं ते गिरिगह्वरम् ।\nविचितं तु ततः सर्वं सर्वे ते काननौकसः ॥४-४८-२३॥",
        "index": 23,
        "shloka_num": 23
    },
    {
        "text": "अन्यदेवापरं घोरं विविशुर्गिरिगह्वरम् ।\nते विचित्य पुनः खिन्ना विनिष्पत्य समागताः ।\nएकान्ते वृक्षमूले तु निषेदुर्दीनमानसाः ॥४-४८-२४॥",
        "index": 24,
        "shloka_num": 24
    },
    {
        "text": "इत्यार्षे श्रीमद्रामायणे वाल्मीकीये आदिकाव्ये किष्किन्धाकाण्डे कण्डूवनादिविचयः नाम अष्टचत्वारिंशः सर्गः ॥४-४८॥",
        "index": 25,
        "shloka_num": null
    }
]