[
    {
        "text": "अथ श्रीमद्वाल्मीकीयरामायणे किष्किन्धाकाण्डे स्वयम्प्रभातिथ्यम् नाम एकपञ्चाशः सर्गः ॥४-५१॥",
        "index": 0,
        "shloka_num": null
    },
    {
        "text": "इत्युक्त्वा हनुमांस्तत्र चीरकृष्णाजिनाम्बराम् ।\nअब्रवीत् तां महाभागां तापसीं धर्मचारिणीम् ॥४-५१-१॥",
        "index": 1,
        "shloka_num": 1
    },
    {
        "text": "इदं प्रविष्टाः सहसा बिलं तिमिरसंवृतम् ।\nक्षुत्पिपासापरिश्रान्ताः परिखिन्नाश्च सर्वशः ॥४-५१-२॥",
        "index": 2,
        "shloka_num": 2
    },
    {
        "text": "महद् धरण्या विवरं प्रविष्टाः स्म पिपासिताः ।\nइमांस्त्वेवंविधान् भावान् विविधानद्भुतोपमान् ॥४-५१-३॥",
        "index": 3,
        "shloka_num": 3
    },
    {
        "text": "दृष्ट्वा वयं प्रव्यथिताः सम्भ्रान्ता नष्टचेतसः ।\nकस्यैते काञ्चना वृक्षास्तरुणादित्यसंनिभाः ॥४-५१-४॥",
        "index": 4,
        "shloka_num": 4
    },
    {
        "text": "शुचीन्यभ्यवहाराणि मूलानि च फलानि च ।\nकाञ्चनानि विमानानि राजतानि गृहाणि च ॥४-५१-५॥",
        "index": 5,
        "shloka_num": 5
    },
    {
        "text": "तपनीयगवाक्षाणि मणिजालावृतानि च ।\nपुष्पिताः फलवन्तश्च पुण्याः सुरभिगन्धयः ॥४-५१-६॥",
        "index": 6,
        "shloka_num": 6
    },
    {
        "text": "इमे जाम्बूनदमयाः पादपाः कस्य तेजसा ।\nकाञ्चनानि च पद्मानि जातानि विमले जले ॥४-५१-७॥",
        "index": 7,
        "shloka_num": 7
    },
    {
        "text": "कथं मत्स्याश्च सौवर्णा दृश्यन्ते सह कच्छपैः ।\nआत्मनस्त्वनुभावाद् वा कस्य चैतत्तपोबलम् ॥४-५१-८॥",
        "index": 8,
        "shloka_num": 8
    },
    {
        "text": "अजानतां नः सर्वेषां सर्वमाख्यातुमर्हसि ।\nएवमुक्ता हनुमता तापसी धर्मचारिणी ॥४-५१-९॥",
        "index": 9,
        "shloka_num": 9
    },
    {
        "text": "प्रत्युवाच हनूमन्तं सर्वभूतहिते रता ।\nमयो नाम महातेजा मायावी वानरर्षभ ॥४-५१-१०॥",
        "index": 10,
        "shloka_num": 10
    },
    {
        "text": "तेनेदं निर्मितं सर्वं मायया काञ्चनं वनम् ।\nपुरा दानवमुख्यानां विश्वकर्मा बभूव ह ॥४-५१-११॥",
        "index": 11,
        "shloka_num": 11
    },
    {
        "text": "येनेदं काञ्चनं दिव्यं निर्मितं भवनोत्तमम् ।\nस तु वर्षसहस्राणि तपस्तप्त्वा महद्वने ॥४-५१-१२॥",
        "index": 12,
        "shloka_num": 12
    },
    {
        "text": "पितामहाद् वरं लेभे सर्वमौशनसं धनम् ।\nविधाय सर्वं बलवान् सर्वकामेश्वरस्तदा ॥४-५१-१३॥",
        "index": 13,
        "shloka_num": 13
    },
    {
        "text": "उवास सुखितः कालं कंचिदस्मिन् महावने ।\nतमप्सरसि हेमायां सक्तं दानवपुङ्गवम् ॥४-५१-१४॥",
        "index": 14,
        "shloka_num": 14
    },
    {
        "text": "विक्रम्यैवाशनिं गृह्य जघानेशः पुरंदरः ।\nइदं च ब्रह्मणा दत्तं हेमायै वनमुत्तमम् ॥४-५१-१५॥",
        "index": 15,
        "shloka_num": 15
    },
    {
        "text": "शाश्वतः कामभोगश्च गृहं चेदं हिरण्मयम् ।\nदुहिता मेरुसावर्णेरहं तस्याः स्वयंप्रभा ॥४-५१-१६॥",
        "index": 16,
        "shloka_num": 16
    },
    {
        "text": "इदं रक्षामि भवनं हेमाया वानरोत्तम ।\nमम प्रियसखी हेमा नृत्तगीतविशारदा ॥४-५१-१७॥",
        "index": 17,
        "shloka_num": 17
    },
    {
        "text": "तयादत्तवरा चास्मि रक्षामि भवनं महत् ।\nकिं कार्यं कस्य वा हेतोः कान्ताराणि प्रपद्यथ ॥४-५१-१८॥",
        "index": 18,
        "shloka_num": 18
    },
    {
        "text": "कथं चेदं वनं दुर्गं युष्माभिरुपलक्षितम् ।\nशुचीन्यभ्यवहाराणि मूलानि च फलानि च ।\nभुक्त्वा पीत्वा च पानीयं सर्वं मे वक्तुमर्हसि ॥४-५१-१९॥",
        "index": 19,
        "shloka_num": 19
    },
    {
        "text": "इत्यार्षे श्रीमद्रामायणे वाल्मीकीये आदिकाव्ये किष्किन्धाकाण्डे स्वयम्प्रभातिथ्यम् नाम एकपञ्चाशः सर्गः ॥४-५१॥",
        "index": 20,
        "shloka_num": null
    }
]