[
    {
        "text": "अथ श्रीमद्वाल्मीकीयरामायणे किष्किन्धाकाण्डे बलेयत्ताविष्करणम् नाम पञ्चषष्ठितमः सर्गः ॥४-६५॥",
        "index": 0,
        "shloka_num": null
    },
    {
        "text": "अथाङ्गदवचः श्रुत्वा ते सर्वे वानरर्षभाः ।\nस्वं स्वं गतौ समुत्साहमूचुस्तत्र यथाक्रमम् ॥४-६५-१॥",
        "index": 1,
        "shloka_num": 1
    },
    {
        "text": "गजो गवाक्षो गवयः शरभो गन्धमादनः ।\nमैन्दश्च द्विविदश्चैव सुषेणो जाम्बवांस्तथा ॥४-६५-२॥",
        "index": 2,
        "shloka_num": 2
    },
    {
        "text": "आबभाषे गजस्तत्र प्लवेयं दशयोजनम् ।\nगवाक्षो योजनान्याह गमिष्यामीति विंशतिम् ॥४-६५-३॥",
        "index": 3,
        "shloka_num": 3
    },
    {
        "text": "शरभो वानरस्तत्र वानरांस्तानुवाच ह ।\nत्रिंशतं तु गमिष्यामि योजनानां प्लवङ्गमाः ॥४-६५-४॥",
        "index": 4,
        "shloka_num": 4
    },
    {
        "text": "ऋषभो वानरस्तत्र वानरांस्तानुवाच ह ।\nचत्वारिंशद् गमिष्यामि योजनानां न संशयः ॥४-६५-५॥",
        "index": 5,
        "shloka_num": 5
    },
    {
        "text": "वानरांस्तु महातेजा अब्रवीद् गन्धमादनः ।\nयोजनानां गमिष्यामि पञ्चाशत्तु न संशयः ॥४-६५-६॥",
        "index": 6,
        "shloka_num": 6
    },
    {
        "text": "मैन्दस्तु वानरस्तत्र वानरांस्तानुवाच ह ।\nयोजनानां परं षष्टिमहं प्लवितुमुत्सहे ॥४-६५-७॥",
        "index": 7,
        "shloka_num": 7
    },
    {
        "text": "ततस्तत्र महातेजा द्विविदः प्रत्यभाषत ।\nगमिष्यामि न संदेहः सप्ततिं योजनान्यहम् ॥४-६५-८॥",
        "index": 8,
        "shloka_num": 8
    },
    {
        "text": "सुषेणस्तु महातेजाः सत्त्ववान् कपिसत्तमः ।\nअशीतिं प्रतिजानेऽहं योजनानां पराक्रमे ॥४-६५-९॥",
        "index": 9,
        "shloka_num": 9
    },
    {
        "text": "तेषां कथयतां तत्र सर्वांस्ताननुमान्य च ।\nततो वृद्धतमस्तेषां जाम्बवान् प्रत्यभाषत ॥४-६५-१०॥",
        "index": 10,
        "shloka_num": 10
    },
    {
        "text": "पूर्वमस्माकमप्यासीत् कश्चिद् गतिपराक्रमः ।\nते वयं वयसः पारमनुप्राप्ताः स्म साम्प्रतम् ॥४-६५-११॥",
        "index": 11,
        "shloka_num": 11
    },
    {
        "text": "किं तु नैवं गते शक्यमिदं कार्यमुपेक्षितुम् ।\nयदर्थं कपिराजश्च रामश्च कृतनिश्चयौ ॥४-६५-१२॥",
        "index": 12,
        "shloka_num": 12
    },
    {
        "text": "साम्प्रतं कालमस्माकं या गतिस्तां निबोधत ।\nनवतिं योजनानां तु गमिष्यामि न संशयः ॥४-६५-१३॥",
        "index": 13,
        "shloka_num": 13
    },
    {
        "text": "तांश्च सर्वान् हरिश्रेष्ठाञ्जाम्बवानिदमब्रवीत् ।\nन खल्वेतावदेवासीद् गमने मे पराक्रमः ॥४-६५-१४॥",
        "index": 14,
        "shloka_num": 14
    },
    {
        "text": "मया वैरोचने यज्ञे प्रभविष्णुः सनातनः ।\nप्रदक्षिणीकृतः पूर्वं क्रममाणस्त्रिविक्रमम् ॥४-६५-१५॥",
        "index": 15,
        "shloka_num": 15
    },
    {
        "text": "स इदानीमहं वृद्धः प्लवने मन्दविक्रमः ।\nयौवने च तदासीन्मे बलमप्रतिमं परम् ॥४-६५-१६॥",
        "index": 16,
        "shloka_num": 16
    },
    {
        "text": "सम्प्रत्येतावदेवाद्य शक्यं मे गमने स्वतः ।\nनैतावता च संसिद्धिः कार्यस्यास्य भविष्यति ॥४-६५-१७॥",
        "index": 17,
        "shloka_num": 17
    },
    {
        "text": "अथोत्तरमुदारार्थमब्रवीदङ्गदस्तदा ।\nअनुमान्य तदा प्राज्ञो जाम्बवन्तं महाकपिः ॥४-६५-१८॥",
        "index": 18,
        "shloka_num": 18
    },
    {
        "text": "अहमेतद् गमिष्यामि योजनानां शतं महत् ।\nनिवर्तने तु मे शक्तिः स्यान्न वेति न निश्चितम् ॥४-६५-१९॥",
        "index": 19,
        "shloka_num": 19
    },
    {
        "text": "तमुवाच हरिश्रेष्ठं जाम्बवान् वाक्यकोविदः ।\nज्ञायते गमने शक्तिस्तव हर्यृक्षसत्तम ॥४-६५-२०॥",
        "index": 20,
        "shloka_num": 20
    },
    {
        "text": "कामं शतसहस्रं वा नह्येष विधिरुच्यते ।\nयोजनानां भवान् शक्तो गन्तुं प्रतिनिवर्तितुम् ॥४-६५-२१॥",
        "index": 21,
        "shloka_num": 21
    },
    {
        "text": "नहि प्रेषयिता तात स्वामी प्रेष्यः कथंचन ।\nभवतायं जनः सर्वः प्रेष्यः प्लवगसत्तम ॥४-६५-२२॥",
        "index": 22,
        "shloka_num": 22
    },
    {
        "text": "भवान् कलत्रमस्माकं स्वामिभावे व्यवस्थितः ।\nस्वामी कलत्रं सैन्यस्य गतिरेषा परंतप ॥४-६५-२३॥",
        "index": 23,
        "shloka_num": 23
    },
    {
        "text": "अपि वै तस्य कार्यस्य भवान् मूलमरिंदम ।\nतस्मात् कलत्रवत् तात प्रतिपाल्यः सदा भवान् ॥४-६५-२४॥",
        "index": 24,
        "shloka_num": 24
    },
    {
        "text": "मूलमर्थस्य संरक्ष्यमेष कार्यविदां नयः ।\nमूले हि सति सिध्यन्ति गुणाः सर्वे फलोदयाः ॥४-६५-२५॥",
        "index": 25,
        "shloka_num": 25
    },
    {
        "text": "तद् भवानस्य कार्यस्य साधनं सत्यविक्रम ।\nवुद्धिविक्रमसम्पन्नो हेतुरत्र परंतप ॥४-६५-२६॥",
        "index": 26,
        "shloka_num": 26
    },
    {
        "text": "गुरुश्च गुरुपुत्रश्च त्वं हि नः कपिसत्तम ।\nभवन्तमाश्रित्य वयं समर्था ह्यर्थसाधने ॥४-६५-२७॥",
        "index": 27,
        "shloka_num": 27
    },
    {
        "text": "उक्तवाक्यं महाप्राज्ञं जाम्बवन्तं महाकपिः ।\nप्रत्युवाचोत्तरं वाक्यं वालिसूनुरथाङ्गदः ॥४-६५-२८॥",
        "index": 28,
        "shloka_num": 28
    },
    {
        "text": "यदि नाहं गमिष्यामि नान्यो वानरपुङ्गवः ।\nपुनः खल्विदमस्माभिः कार्यं प्रायोपवेशनम् ॥४-६५-२९॥",
        "index": 29,
        "shloka_num": 29
    },
    {
        "text": "नह्यकृत्वा हरिपतेः संदेशं तस्य धीमतः ।\nतत्रापि गत्वा प्राणानां न पश्ये परिरक्षणम् ॥४-६५-३०॥",
        "index": 30,
        "shloka_num": 30
    },
    {
        "text": "स हि प्रसादे चात्यर्थकोपे च हरिरीश्वरः ।\nअतीत्य तस्य संदेशं विनाशो गमने भवेत् ॥४-६५-३१॥",
        "index": 31,
        "shloka_num": 31
    },
    {
        "text": "तत्तथा ह्यस्य कार्यस्य न भवत्यन्यथा गतिः ।\nतद् भवानेव दृष्टार्थः संचिन्तयितुमर्हति ॥४-६५-३२॥",
        "index": 32,
        "shloka_num": 32
    },
    {
        "text": "सोऽङ्गदेन तदा वीरः प्रत्युक्तः प्लवगर्षभः ।\nजाम्बवानुत्तमं वाक्यं प्रोवाचेदं ततोऽङ्गदम् ॥४-६५-३३॥",
        "index": 33,
        "shloka_num": 33
    },
    {
        "text": "तस्य ते वीर कार्यस्य न किंचित् परिहास्यते ।\nएष संचोदयाम्येनं यः कार्यं साधयिष्यति ॥४-६५-३४॥",
        "index": 34,
        "shloka_num": 34
    },
    {
        "text": "ततः प्रतीतं प्लवतां वरिष्ठमेकान्तमाश्रित्य सुखोपविष्टम् ।\nसंचोदयामास हरिप्रवीरो हरिप्रवीरं हनुमन्तमेव ॥४-६५-३५॥",
        "index": 35,
        "shloka_num": 35
    },
    {
        "text": "इत्यार्षे श्रीमद्रामायणे वाल्मीकीये आदिकाव्ये किष्किन्धाकाण्डे बलेयत्ताविष्करणम् नाम पञ्चषष्ठितमः सर्गः ॥४-६५॥",
        "index": 36,
        "shloka_num": null
    }
]