[
    {
        "text": "अथ श्रीमद्वाल्मीकीयरामायणे किष्किन्धाकाण्डे लङ्घनावष्टम्भः नाम सप्तषष्ठितमः सर्गः ॥४-६७॥",
        "index": 0,
        "shloka_num": null
    },
    {
        "text": "तं दृष्ट्वा जृम्भमाणं ते क्रमितुं शतयोजनम् ।\nवेगेनापूर्यमाणं च सहसा वानरोत्तमम् ॥४-६७-१॥",
        "index": 1,
        "shloka_num": 1
    },
    {
        "text": "सहसा शोकमुत्सृज्य प्रहर्षेण समन्विताः ।\nविनेदुस्तुष्टुवुश्चापि हनूमन्तं महाबलम् ॥४-६७-२॥",
        "index": 2,
        "shloka_num": 2
    },
    {
        "text": "प्रहृष्टा विस्मिताश्चापि ते वीक्षन्ते समन्ततः ।\nत्रिविक्रमं कृतोत्साहं नारायणमिव प्रजाः ॥४-६७-३॥",
        "index": 3,
        "shloka_num": 3
    },
    {
        "text": "संस्तूयमानो हनुमान् व्यवर्धत महाबलः ।\nसमाविद्ध्य च लाङ्गूलं हर्षाद् बलमुपेयिवान् ॥४-६७-४॥",
        "index": 4,
        "shloka_num": 4
    },
    {
        "text": "तस्य संस्तूयमानस्य वृद्धैर्वानरपुङ्गवैः ।\nतेजसाऽऽपूर्यमाणस्य रूपमासीदनुत्तमम् ॥४-६७-५॥",
        "index": 5,
        "shloka_num": 5
    },
    {
        "text": "यथा विजृम्भते सिंहो विवृते गिरिगह्वरे ।\nमारुतस्यौरसः पुत्रस्तथा सम्प्रति जृम्भते ॥४-६७-६॥",
        "index": 6,
        "shloka_num": 6
    },
    {
        "text": "अशोभत मुखं तस्य जृम्भमाणस्य धीमतः ।\nअम्बरीषोपमं दीप्तं विधूम इव पावकः ॥४-६७-७॥",
        "index": 7,
        "shloka_num": 7
    },
    {
        "text": "हरीणामुत्थितो मध्यात् सम्प्रहृष्टतनूरुहः ।\nअभिवाद्य हरीन् वृद्धान् हनूमानिदमब्रवीत् ॥४-६७-८॥",
        "index": 8,
        "shloka_num": 8
    },
    {
        "text": "आरुजन् पर्वताग्राणि हुताशनसखोऽनिलः ।\nबलवानप्रमेयश्च वायुराकाशगोचरः ॥४-६७-९॥",
        "index": 9,
        "shloka_num": 9
    },
    {
        "text": "तस्याहं शीघ्रवेगस्य शीघ्रगस्य महात्मनः ।\nमारुतस्यौरसः पुत्रः प्लवनेनास्मि तत्समः ॥४-६७-१०॥",
        "index": 10,
        "shloka_num": 10
    },
    {
        "text": "उत्सहेयं हि विस्तीर्णमालिखन्तमिवाम्बरम् ।\nमेरुं गिरिमसङ्गेन परिगन्तुं सहस्रशः ॥४-६७-११॥",
        "index": 11,
        "shloka_num": 11
    },
    {
        "text": "बाहुवेगप्रणुन्नेन सागरेणाहमुत्सहे ।\nसमाप्लावयितुं लोकं सपर्वतनदीह्रदम् ॥४-६७-१२॥",
        "index": 12,
        "shloka_num": 12
    },
    {
        "text": "ममोरुजङ्घावेगेन भविष्यति समुत्थितः ।\nसमुत्थितमहाग्राहः समुद्रो वरुणालयः ॥४-६७-१३॥",
        "index": 13,
        "shloka_num": 13
    },
    {
        "text": "पन्नगाशनमाकाशे पतन्तं पक्षिसेवितम् ।\nवैनतेयमहं शक्तः परिगन्तुं सहस्रशः ॥४-६७-१४॥",
        "index": 14,
        "shloka_num": 14
    },
    {
        "text": "उदयात् प्रस्थितं वापि ज्वलन्तं रश्मिमालिनम् ।\nअनस्तमितमादित्यमहं गन्तुं समुत्सहे ॥४-६७-१५॥",
        "index": 15,
        "shloka_num": 15
    },
    {
        "text": "ततो भूमिमसंस्पृष्ट्वा पुनरागन्तुमुत्सहे ।\nप्रवेगेनैव महता भीमेन प्लवगर्षभाः ॥४-६७-१६॥",
        "index": 16,
        "shloka_num": 16
    },
    {
        "text": "उत्सहेयमतिक्रान्तुं सर्वानाकाशगोचरान् ।\nसागरान् शोषयिष्यामि दारयिष्यामि मेदिनीम् ॥४-६७-१७॥",
        "index": 17,
        "shloka_num": 17
    },
    {
        "text": "पर्वतांश्चूर्णयिष्यामि प्लवमानः प्लवङ्गमः ।\nहरिष्याम्युरुवेगेन प्लवमानो महार्णवम् ॥४-६७-१८॥",
        "index": 18,
        "shloka_num": 18
    },
    {
        "text": "लतानां विविधं पुष्पं पादपानां च सर्वशः ।\nअनुयास्यति मामद्य प्लवमानं विहायसा ॥४-६७-१९॥",
        "index": 19,
        "shloka_num": 19
    },
    {
        "text": "भविष्यति हि मे पन्थाः स्वातेः पन्था इवाम्बरे ।\nचरन्तं घोरमाकाशमुत्पतिष्यन्तमेव च ॥४-६७-२०॥",
        "index": 20,
        "shloka_num": 20
    },
    {
        "text": "द्रक्ष्यन्ति निपतन्तं च सर्वभूतानि वानराः ।\nमहामेरुप्रतीकाशं मां द्रक्ष्यध्वं प्लवङ्गमाः ॥४-६७-२१॥",
        "index": 21,
        "shloka_num": 21
    },
    {
        "text": "दिवमावृत्य गच्छन्तं ग्रसमानमिवाम्बरम् ।\nविधमिष्यामि जीमूतान् कम्पयिष्यामि पर्वतान् ।\nसागरं शोषयिष्यामि प्लवमानः समाहितः ॥४-६७-२२॥",
        "index": 22,
        "shloka_num": 22
    },
    {
        "text": "वैनतेयस्य वा शक्तिर्मम वा मारुतस्य वा ।\nऋते सुपर्णराजानं मारुतं वा महाबलम् ।\nन तद् भूतं प्रपश्यामि यन्मां प्लुतमनुव्रजेत् ॥४-६७-२३॥",
        "index": 23,
        "shloka_num": 23
    },
    {
        "text": "निमेषान्तरमात्रेण निरालम्बनमम्बरम् ।\nसहसा निपतिष्यामि घनाद् विद्युदिवोत्थिता ॥४-६७-२४॥",
        "index": 24,
        "shloka_num": 24
    },
    {
        "text": "भविष्यति हि मे रूपं प्लवमानस्य सागरम् ।\nविष्णोः प्रक्रममाणस्य तदा त्रीन् विक्रमानिव ॥४-६७-२५॥",
        "index": 25,
        "shloka_num": 25
    },
    {
        "text": "बुद्ध्या चाहं प्रपश्यामि मनश्चेष्टा च मे तथा ।\nअहं द्रक्ष्यामि वैदेहीं प्रमोदध्वं प्लवङ्गमाः ॥४-६७-२६॥",
        "index": 26,
        "shloka_num": 26
    },
    {
        "text": "मारुतस्य समो वेगे गरुडस्य समो जवे ।\nअयुतं योजनानां तु गमिष्यामीति मे मतिः ॥४-६७-२७॥",
        "index": 27,
        "shloka_num": 27
    },
    {
        "text": "वासवस्य सवज्रस्य ब्रह्मणो वा स्वयम्भुवः ।\nविक्रम्य सहसा हस्तादमृतं तदिहानये ॥४-६७-२८॥",
        "index": 28,
        "shloka_num": 28
    },
    {
        "text": "लङ्कां वापि समुत्क्षिप्य गच्छेयमिति मे मतिः ।\nतमेवं वानरश्रेष्ठं गर्जन्तममितप्रभम् ॥४-६७-२९॥",
        "index": 29,
        "shloka_num": 29
    },
    {
        "text": "प्रहृष्टा हरयस्तत्र समुदैक्षन्त विस्मिताः ।\nतच्चास्य वचनं श्रुत्वा ज्ञातीनां शोकनाशनम् ॥४-६७-३०॥",
        "index": 30,
        "shloka_num": 30
    },
    {
        "text": "उवाच परिसंहृष्टो जाम्बवान् प्लवगेश्वरः ।\nवीर केसरिणः पुत्र वेगवन् मारुतात्मज ॥४-६७-३१॥",
        "index": 31,
        "shloka_num": 31
    },
    {
        "text": "ज्ञातीनां विपुलः शोकस्त्वया तात प्रणाशितः ।\nतव कल्याणरुचयः कपिमुख्याः समागताः ॥४-६७-३२॥",
        "index": 32,
        "shloka_num": 32
    },
    {
        "text": "मङ्गलान्यर्थसिद्ध्यर्थं करिष्यन्ति समाहिताः ।\nऋषीणां च प्रसादेन कपिवृद्धमतेन च ॥४-६७-३३॥",
        "index": 33,
        "shloka_num": 33
    },
    {
        "text": "गुरूणां च प्रसादेन सम्प्लव त्वं महार्णवम् ।\nस्थास्यामश्चैकपादेन यावदागमनं तव ॥४-६७-३४॥",
        "index": 34,
        "shloka_num": 34
    },
    {
        "text": "त्वद्गतानि च सर्वेषां जीवनानि वनौकसाम् ।\nततश्च हरिशार्दूलस्तानुवाच वनौकसः ॥४-६७-३५॥",
        "index": 35,
        "shloka_num": 35
    },
    {
        "text": "कोऽपि लोके न मे वेगं प्लवने धारयिष्यति ।\nएतानीह नगस्यास्य शिलासंकटशालिनः ॥४-६७-३६॥",
        "index": 36,
        "shloka_num": 36
    },
    {
        "text": "शिखराणि महेन्द्रस्य स्थिराणि च महान्ति च ।\nयेषु वेगं गमिष्यामि महेन्द्रशिखरेष्वहम् ॥४-६७-३७॥",
        "index": 37,
        "shloka_num": 37
    },
    {
        "text": "नानाद्रुमविकीर्णेषु धातुनिष्पन्दशोभिषु ।\nएतानि मम वेगं हि शिखराणि महान्ति च ॥४-६७-३८॥",
        "index": 38,
        "shloka_num": 38
    },
    {
        "text": "प्लवतो धारयिष्यन्ति योजनानामितः शतम् ।\nततस्तु मारुतप्रख्यः स हरिर्मारुतात्मजः ।\nआरुरोह नगश्रेष्ठं महेन्द्रमरिमर्दनः ॥४-६७-३९॥",
        "index": 39,
        "shloka_num": 39
    },
    {
        "text": "वृतं नानाविधैः पुष्पैर्मृगसेवितशाद्वलम् ।\nलताकुसुमसम्बाधं नित्यपुष्पफलद्रुमम् ॥४-६७-४०॥",
        "index": 40,
        "shloka_num": 40
    },
    {
        "text": "सिंहशार्दूलसहितं मत्तमातङ्गसेवितम् ।\nमत्तद्विजगणोद्घुष्टं सलिलोत्पीडसंकुलम् ॥४-६७-४१॥",
        "index": 41,
        "shloka_num": 41
    },
    {
        "text": "महद्भिरुच्छ्रितं शृङ्गैर्महेन्द्रं स महाबलः ।\nविचचार हरिश्रेष्ठो महेन्द्रसमविक्रमः ॥४-६७-४२॥",
        "index": 42,
        "shloka_num": 42
    },
    {
        "text": "पादाभ्यां पीडितस्तेन महाशैलो महात्मना ।\nररास सिंहाभिहतो महान् मत्त इव द्विपः ॥४-६७-४३॥",
        "index": 43,
        "shloka_num": 43
    },
    {
        "text": "मुमोच सलिलोत्पीडान् विप्रकीर्णशिलोच्चयः ।\nवित्रस्तमृगमातङ्गः प्रकम्पितमहाद्रुमः ॥४-६७-४४॥",
        "index": 44,
        "shloka_num": 44
    },
    {
        "text": "नानागन्धर्वमिथुनैः पानसंसर्गकर्कशैः ।\nउत्पतद्भिर्विहंगैश्च विद्याधरगणैरपि ॥४-६७-४५॥",
        "index": 45,
        "shloka_num": 45
    },
    {
        "text": "त्यज्यमानमहासानुः संनिलीनमहोरगः ।\nशैलशृङ्गशिलोत्पातस्तदाभूत् स महागिरिः ॥४-६७-४६॥",
        "index": 46,
        "shloka_num": 46
    },
    {
        "text": "निःश्वसद्भिस्तदा तैस्तु भुजगैरर्धनिःसृतैः ।\nसपताक इवाभाति स तदा धरणीधरः ॥४-६७-४७॥",
        "index": 47,
        "shloka_num": 47
    },
    {
        "text": "ऋषिभिस्त्राससम्भ्रान्तैस्त्यज्यमानः शिलोच्चयः ।\nसीदन् महति कान्तारे सार्थहीन इवाध्वगः ॥४-६७-४८॥",
        "index": 48,
        "shloka_num": 48
    },
    {
        "text": "स वेगवान् वेगसमाहितात्मा हरिप्रवीरः परवीरहन्ता ।\nमनः समाधाय महानुभावो जगाम लङ्कां मनसा मनस्वी ॥४-६७-४९॥",
        "index": 49,
        "shloka_num": 49
    },
    {
        "text": "इत्यार्षे श्रीमद्रामायणे वाल्मीकीये आदिकाव्ये किष्किन्धाकाण्डे लङ्घनावष्टम्भः नाम सप्तषष्ठितमः सर्गः ॥४-६७॥",
        "index": 50,
        "shloka_num": null
    }
]