[
    {
        "text": "अथ श्रीमद्वाल्मीकीयरामायणे किष्किन्धाकाण्डे वालिवधप्रतिज्ञा नाम अष्टमः सर्गः ॥४-८॥",
        "index": 0,
        "shloka_num": null
    },
    {
        "text": "परितुष्टस्तु सुग्रीवस्तेन वाक्येन हर्षितः ।\nलक्ष्मणस्याग्रजं शूरमिदं वचनमब्रवीत् ॥४-८-१॥",
        "index": 1,
        "shloka_num": 1
    },
    {
        "text": "सर्वथाहमनुग्राह्यो देवतानां न संशयः ।\nउपपन्नो गुणोपेतः सखा यस्य भवान् मम ॥४-८-२॥",
        "index": 2,
        "shloka_num": 2
    },
    {
        "text": "शक्यं खलु भवेद् राम सहायेन त्वयानघ ।\nसुरराज्यमपि प्राप्तुं स्वराज्यं किमुत प्रभो ॥४-८-३॥",
        "index": 3,
        "shloka_num": 3
    },
    {
        "text": "सोऽहं सभाज्यो बन्धूनां सुहृदां चैव राघव ।\nयस्याग्निसाक्षिकं मित्रं लब्धं राघववंशजम् ॥४-८-४॥",
        "index": 4,
        "shloka_num": 4
    },
    {
        "text": "अहमप्यनुरूपस्ते वयस्यो ज्ञास्यसे शनैः ।\nन तु वक्तुं समर्थोऽहं त्वयि आत्मगतान् गुणान् ॥४-८-५॥",
        "index": 5,
        "shloka_num": 5
    },
    {
        "text": "महात्मनां तु भूयिष्ठं त्वद्विधानां कृतात्मनाम् ।\nनिश्चला भवति प्रीतिर्धैर्यमात्मवतां वर ॥४-८-६॥",
        "index": 6,
        "shloka_num": 6
    },
    {
        "text": "रजतं वा सुवर्णं वा शुभान्याभरणानि च ।\nअविभक्तानि साधूनामवगच्छन्ति साधवः ॥४-८-७॥",
        "index": 7,
        "shloka_num": 7
    },
    {
        "text": "आढ्योवापि दरिद्रो वा दुःखितः सुखितोऽपि वा ।\nनिर्दोषश्च सदोषश्च वयस्यः परमा गतिः ॥४-८-८॥",
        "index": 8,
        "shloka_num": 8
    },
    {
        "text": "धनत्यागः सुखत्यागो देशत्यागोऽपि वानघ ।\nवयस्यार्थे प्रवर्तन्ते स्नेहं दृष्ट्वा तथाविधम् ॥४-८-९॥",
        "index": 9,
        "shloka_num": 9
    },
    {
        "text": "तत् तथेत्यब्रवीद् रामः सुग्रीवं प्रियवादिनम् ।\nलक्ष्मणस्याग्रतो लक्ष्म्या वासवस्येव धीमतः ॥४-८-१०॥",
        "index": 10,
        "shloka_num": 10
    },
    {
        "text": "ततो रामं स्थितं दृष्ट्वा लक्ष्मणं च महाबलम् ।\nसुग्रीवः सर्वतश्चक्षुर्वने लोलमपातयत् ॥४-८-११॥",
        "index": 11,
        "shloka_num": 11
    },
    {
        "text": "स ददर्श ततः सालमविदूरे हरीश्वरः ।\nसुपुष्पमीषत्पत्राढ्यं भ्रमरैरुपशोभितम् ॥४-८-१२॥",
        "index": 12,
        "shloka_num": 12
    },
    {
        "text": "तस्यैकां पर्णबहुलां शाखां भङ्क्त्वा सुशोभिताम् ।\nरामस्यास्तीर्य सुग्रीवो निषसाद सराघवः ॥४-८-१३॥",
        "index": 13,
        "shloka_num": 13
    },
    {
        "text": "तावासीनौ ततो दृष्ट्वा हनूमानपि लक्ष्मणम् ।\nशालशाखां समुत्पाट्य विनीतमुपवेशयत् ॥४-८-१४॥",
        "index": 14,
        "shloka_num": 14
    },
    {
        "text": "सुखोपविष्टं रामं तु प्रसन्नमुदधिं यथा ।\nसालपुष्पावसंकीर्णे तस्मिन् गिरिवरोत्तमे ॥४-८-१५॥",
        "index": 15,
        "shloka_num": 15
    },
    {
        "text": "ततः प्रहृष्टः सुग्रीवः श्लक्ष्णया शुभया गिरा ।\nउवाच प्रणयाद् रामं हर्षव्याकुलिताक्षरम् ॥४-८-१६॥",
        "index": 16,
        "shloka_num": 16
    },
    {
        "text": "अहं विनिकृतो भ्रात्रा चराम्येष भयार्दितः ।\nऋष्यमूकं गिरिवरं हृतभार्यः सुदुःखितः ॥४-८-१७॥",
        "index": 17,
        "shloka_num": 17
    },
    {
        "text": "सोऽहं त्रस्तो भये मग्नो वने सम्भ्रान्तचेतनः ।\nवालिना निकृतो भ्रात्रा कृतवैरश्च राघव ॥४-८-१८॥",
        "index": 18,
        "shloka_num": 18
    },
    {
        "text": "वालिनो मे भयार्तस्य सर्वलोकाभयंकर ।\nममापि त्वमनाथस्य प्रसादं कर्तुमर्हसि ॥४-८-१९॥",
        "index": 19,
        "shloka_num": 19
    },
    {
        "text": "एवमुक्तस्तु तेजस्वी धर्मज्ञो धर्मवत्सलः ।\nप्रत्युवाच स काकुत्स्थः सुग्रीवं प्रहसन्निव ॥४-८-२०॥",
        "index": 20,
        "shloka_num": 20
    },
    {
        "text": "उपकारफलं मित्रमपकारोऽरिलक्षणम् ।\nअद्यैव तं वधिष्यामि तव भार्यापहारिणम् ॥४-८-२१॥",
        "index": 21,
        "shloka_num": 21
    },
    {
        "text": "इमे हि मे महाभाग पत्रिणस्तिग्मतेजसः ।\nकार्तिकेयवनोद्भूताः शरा हेमविभूषिताः ॥४-८-२२॥",
        "index": 22,
        "shloka_num": 22
    },
    {
        "text": "कङ्कपत्रपरिच्छन्ना महेन्द्राशनिसंनिभाः ।\nसुपर्वाणः सुतीक्ष्णाग्राः सरोषा भुजगा इव ॥४-८-२३॥",
        "index": 23,
        "shloka_num": 23
    },
    {
        "text": "वालिसंज्ञममित्रं ते भ्रातरं कृतकिल्बिषम् ।\nशरैर्विनिहतं पश्य विकीर्णमिव पर्वतम् ॥४-८-२४॥",
        "index": 24,
        "shloka_num": 24
    },
    {
        "text": "राघवस्य वचः श्रुत्वा सुग्रीवो वाहिनीपतिः ।\nप्रहर्षमतुलं लेभे साधु साध्विति चाब्रवीत् ॥४-८-२५॥",
        "index": 25,
        "shloka_num": 25
    },
    {
        "text": "राम शोकाभिभूतोऽहं शोकार्तानां भवान् गतिः ।\nवयस्य इति कृत्वा हि त्वय्यहं परिदेवये ॥४-८-२६॥",
        "index": 26,
        "shloka_num": 26
    },
    {
        "text": "त्वं हि पाणिप्रदानेन वयस्यो मेऽग्निसाक्षिकम् ।\nकृतः प्राणैर्बहुमतः सत्येन च शपाम्यहम् ॥४-८-२७॥",
        "index": 27,
        "shloka_num": 27
    },
    {
        "text": "वयस्य इति कृत्वा च विस्रब्धः प्रवदाम्यहम् ।\nदुःखमन्तर्गतं तन्मे मनो हरति नित्यशः ॥४-८-२८॥",
        "index": 28,
        "shloka_num": 28
    },
    {
        "text": "एतावदुक्त्वा वचनं बाष्पदूषितलोचनः ।\nबाष्पदूषितया वाचा नोच्चैः शक्नोति भाषितुम् ॥४-८-२९॥",
        "index": 29,
        "shloka_num": 29
    },
    {
        "text": "बाष्पवेगं तु सहसा नदीवेगमिवागतम् ।\nधारयामास धैर्येण सुग्रीवो रामसंनिधौ ॥४-८-३०॥",
        "index": 30,
        "shloka_num": 30
    },
    {
        "text": "स निगृह्य तु तं बाष्पं प्रमृज्य नयने शुभे ।\nविनिःश्वस्य च तेजस्वी राघवं पुनरूचिवान् ॥४-८-३१॥",
        "index": 31,
        "shloka_num": 31
    },
    {
        "text": "पुराहं वालिना राम राज्यात् स्वादवरोपितः ।\nपरुषाणि च संश्राव्य निर्धूतोऽस्मि बलीयसा ॥४-८-३२॥",
        "index": 32,
        "shloka_num": 32
    },
    {
        "text": "हृता भार्या च मे तेन प्राणेभ्योऽपि गरीयसी ।\nसुहृदश्च मदीया ये संयता बन्धनेषु ते ॥४-८-३३॥",
        "index": 33,
        "shloka_num": 33
    },
    {
        "text": "यत्नवांश्च स दुष्टात्मा मद्विनाशाय राघव ।\nबहुशस्तप्रयुक्ताश्च वानरा निहता मया ॥४-८-३४॥",
        "index": 34,
        "shloka_num": 34
    },
    {
        "text": "शङ्कया त्वेतयाहं च दृष्ट्वा त्वामपि राघव ।\nनोपसर्पाम्यहं भीतो भये सर्वे हि बिभ्यति ॥४-८-३५॥",
        "index": 35,
        "shloka_num": 35
    },
    {
        "text": "केवलं हि सहाया मे हनुमत्प्रमुखास्त्विमे ।\nअतोऽहं धारयाम्यद्य प्राणान् कृच्छ्रगतोऽपि सन् ॥४-८-३६॥",
        "index": 36,
        "shloka_num": 36
    },
    {
        "text": "एते हि कपयः स्निग्धा मां रक्षन्ति समन्ततः ।\nसह गच्छन्ति गन्तव्ये नित्यं तिष्ठन्ति चास्थिते ॥४-८-३७॥",
        "index": 37,
        "shloka_num": 37
    },
    {
        "text": "संक्षेपस्त्वेष मे राम किमुक्त्वा विस्तरं हि ते ।\nस मे ज्येष्ठो रिपुर्भ्राता वाली विश्रुतपौरुषः ॥४-८-३८॥",
        "index": 38,
        "shloka_num": 38
    },
    {
        "text": "तद्विनाशेऽपि मे दुःखं प्रमृष्टं स्यादनन्तरम् ।\nसुखं मे जीवितं चैव तद्विनाशनिबन्धनम् ॥४-८-३९॥",
        "index": 39,
        "shloka_num": 39
    },
    {
        "text": "एष मे राम शोकान्तः शोकार्तेन निवेदितः ।\nदुःखितः सुखितो वापि सख्युर्नित्यं सखा गतिः ॥४-८-४०॥",
        "index": 40,
        "shloka_num": 40
    },
    {
        "text": "श्रुत्वैतच्च वचो रामः सुग्रीवमिदमब्रवीत् ।\nकिं निमित्तमभूद् वैरं श्रोतुमिच्छामि तत्त्वतः ॥४-८-४१॥",
        "index": 41,
        "shloka_num": 41
    },
    {
        "text": "सुखं हि कारणं श्रुत्वा वैरस्य तव वानर ।\nआनन्तर्याद् विधास्यामि सम्प्रधार्य बलाबलम् ॥४-८-४२॥",
        "index": 42,
        "shloka_num": 42
    },
    {
        "text": "बलवान् हि ममामर्षः श्रुत्वा त्वामवमानितम् ।\nवर्धते हृदयोत्कम्पी प्रावृड्वेग इवाम्भसः ॥४-८-४३॥",
        "index": 43,
        "shloka_num": 43
    },
    {
        "text": "हृष्टः कथय विस्रब्धो यावदारोप्यते धनुः ।\nसृष्टश्च हि मया बाणो निरस्तश्च रिपुस्तव ॥४-८-४४॥",
        "index": 44,
        "shloka_num": 44
    },
    {
        "text": "एवमुक्तस्तु सुग्रीवः काकुत्स्थेन महात्मना ।\nप्रहर्षमतुलं लेभे चतुर्भिः सह वानरैः ॥४-८-४५॥",
        "index": 45,
        "shloka_num": 45
    },
    {
        "text": "ततः प्रहृष्टवदनः सुग्रीवो लक्ष्मणाग्रजे ।\nवैरस्य कारणं तत्त्वमाख्यातुमुपचक्रमे ॥४-८-४६॥",
        "index": 46,
        "shloka_num": 46
    },
    {
        "text": "इत्यार्षे श्रीमद्रामायणे वाल्मीकीये आदिकाव्ये किष्किन्धाकाण्डे वालिवधप्रतिज्ञा नाम अष्टमः सर्गः ॥४-८॥",
        "index": 47,
        "shloka_num": null
    }
]