[
    {
        "text": "अथ श्रीमद्वाल्मीकीयरामायणे बालकाण्डे ऋष्यशृङ्गस्यायोध्याप्रवेशः नाम एकादशः सर्गः ॥१-११॥",
        "index": 0,
        "shloka_num": null
    },
    {
        "text": "भूय एव हि राजेन्द्र शृणु मे वचनं हितम् ।\nयथा स देवप्रवरः कथयामास बुद्धिमान् ॥१-११-१॥",
        "index": 1,
        "shloka_num": 1
    },
    {
        "text": "इक्ष्वाकूणां कुले जातो भविष्यति सुधार्मिकः ।\nनाम्ना दशरथो राजा श्रीमान् सत्यप्रतिश्रवः ॥१-११-२॥",
        "index": 2,
        "shloka_num": 2
    },
    {
        "text": "अङ्गराजेन सख्यं च तस्य राज्ञो भविष्यति ।\nकन्या चास्य महाभागा शान्ता नाम भविष्यति ॥१-११-३॥",
        "index": 3,
        "shloka_num": 3
    },
    {
        "text": "पुत्रस्त्वङ्गस्य राज्ञस्तु रोमपाद इति श्रुतः ।\nतं स राजा दशरथो गमिष्यति महायशाः ॥१-११-४॥",
        "index": 4,
        "shloka_num": 4
    },
    {
        "text": "अनपत्योऽस्मि धर्मात्मञ्छान्ताभर्ता मम क्रतुम् ।\nआहरेत त्वयाज्ञप्तः संतानार्थं कुलस्य च ॥१-११-५॥",
        "index": 5,
        "shloka_num": 5
    },
    {
        "text": "श्रुत्वा राज्ञोऽथ तद् वाक्यं मनसा स विचिन्त्य च ।\nप्रदास्यते पुत्रवन्तं शान्ता भर्तारमात्मवान् ॥१-११-६॥",
        "index": 6,
        "shloka_num": 6
    },
    {
        "text": "प्रतिगृह्य च तं विप्रं स राजा विगतज्वरः ।\nआहरिष्यति तं यज्ञं प्रहृष्टेनान्तरात्मना ॥१-११-७॥",
        "index": 7,
        "shloka_num": 7
    },
    {
        "text": "तं च राजा दशरथो यशस्कामः कृताञ्जलिः ।\nऋष्यशृङ्गं द्विजश्रेष्ठं वरयिष्यति धर्मवित् ॥१-११-८॥",
        "index": 8,
        "shloka_num": 8
    },
    {
        "text": "यज्ञार्थं प्रसवार्थं च स्वर्गार्थं च नरेश्वरः ।\nलभते च स तं कामं द्विजमुख्याद् विशाम्पतिः ॥१-११-९॥",
        "index": 9,
        "shloka_num": 9
    },
    {
        "text": "पुत्राश्चास्य भविष्यन्ति चत्वारोऽमितविक्रमाः ।\nवंशप्रतिष्ठानकराः सर्वभूतेषु विश्रुताः ॥१-११-१०॥",
        "index": 10,
        "shloka_num": 10
    },
    {
        "text": "एवं स देवप्रवरः पूर्वं कथितवान् कथाम् ।\nसनत्कुमारो भगवान् पुरा देवयुगे प्रभुः ॥१-११-११॥",
        "index": 11,
        "shloka_num": 11
    },
    {
        "text": "स त्वं पुरुषशार्दूल समानय सुसत्कृतम् ।\nस्वयमेव महाराज गत्वा सबलवाहनः ॥१-११-१२॥",
        "index": 12,
        "shloka_num": 12
    },
    {
        "text": "सुमन्त्रस्य वचः श्रुत्वा हृष्टो दशरथोऽभवत् ।\nअनुमान्य वसिष्ठं च सूतवाक्यं निशाम्य च ॥१-११-१३॥",
        "index": 13,
        "shloka_num": 13
    },
    {
        "text": "सान्तःपुरः सहामात्यः प्रययौ यत्र स द्विजः ।\nवनानि सरितश्चैव व्यतिक्रम्य शनैः शनैः ॥१-११-१४॥",
        "index": 14,
        "shloka_num": 14
    },
    {
        "text": "अभिचक्राम तं देशं यत्र वै मुनिपुङ्गवः ।\nआसाद्य तं द्विजश्रेष्ठं रोमपादसमीपगम् ॥१-११-१५॥",
        "index": 15,
        "shloka_num": 15
    },
    {
        "text": "ऋषिपुत्रं ददर्शाथो दीप्यमानमिवानलम् ।\nततो राजा यथायोग्यं पूजां चक्रे विशेषतः ॥१-११-१६॥",
        "index": 16,
        "shloka_num": 16
    },
    {
        "text": "सखित्वात्तस्य वै राज्ञः प्रहृष्टेनान्तरात्मना ।\nरोमपादेन चाख्यातमृषिपुत्राय धीमते ॥१-११-१७॥",
        "index": 17,
        "shloka_num": 17
    },
    {
        "text": "सख्यं सम्बन्धकं चैव तदा तं प्रत्यपूजयत् ।\nएवं सुसत्कृतस्तेन सहोषित्वा नरर्षभः ॥१-११-१८॥",
        "index": 18,
        "shloka_num": 18
    },
    {
        "text": "सप्ताष्टदिवसान् राजा राजानमिदमब्रवीत् ।\nशान्ता तव सुता राजन् सह भर्त्रा विशाम्पते ॥१-११-१९॥",
        "index": 19,
        "shloka_num": 19
    },
    {
        "text": "मदीयं नगरं यातु कार्यं हि महदुद्यतम् ।\nतथेति राजा संश्रुत्य गमनं तस्य धीमतः ॥१-११-२०॥",
        "index": 20,
        "shloka_num": 20
    },
    {
        "text": "उवाच वचनं विप्रं गच्छ त्वं सह भार्यया ।\nऋषिपुत्रः प्रतिश्रुत्य तथेत्याह नृपं तदा ॥१-११-२१॥",
        "index": 21,
        "shloka_num": 21
    },
    {
        "text": "स नृपेणाभ्यनुज्ञातः प्रययौ सह भार्यया ।\nतावन्योन्याञ्जलिं कृत्वा स्नेहात्संश्लिष्य चोरसा ॥१-११-२२॥",
        "index": 22,
        "shloka_num": 22
    },
    {
        "text": "ननन्दतुर्दशरथो रोमपादश्च वीर्यवान् ।\nततः सुहृदमापृच्छ्य प्रस्थितो रघुनन्दनः ॥१-११-२३॥",
        "index": 23,
        "shloka_num": 23
    },
    {
        "text": "पौरेषु प्रेषयामास दूतान् वै शीघ्रगामिनः ।\nक्रियतां नगरं सर्वं क्षिप्रमेव स्वलंकृतम् ॥१-११-२४॥",
        "index": 24,
        "shloka_num": 24
    },
    {
        "text": "धूपितं सिक्तसम्मृष्टं पताकाभिरलंकृतम् ।\nततः प्रहृष्टाः पौरास्ते श्रुत्वा राजानमागतम् ॥१-११-२५॥",
        "index": 25,
        "shloka_num": 25
    },
    {
        "text": "तथा चक्रुश्च तत् सर्वं राज्ञा यत् प्रेषितं तदा ।\nततः स्वलंकृतं राजा नगरं प्रविवेश ह ॥१-११-२६॥",
        "index": 26,
        "shloka_num": 26
    },
    {
        "text": "शङ्खदुन्दुभिनिर्ह्रादैः पुरस्कृत्वा द्विजर्षभम् ।\nततः प्रमुदिताः सर्वे दृष्ट्वा वै नागरा द्विजम् ॥१-११-२७॥",
        "index": 27,
        "shloka_num": 27
    },
    {
        "text": "प्रवेश्यमानं सत्कृत्य नरेन्द्रेणेन्द्रकर्मणा ।\nयथा दिवि सुरेन्द्रेण सहस्राक्षेण काश्यपम् ॥१-११-२८॥",
        "index": 28,
        "shloka_num": 28
    },
    {
        "text": "अन्तःपुरं प्रवेश्यैनं पूजां कृत्वा तु शास्त्रतः ।\nकृतकृत्यं तदात्मानं मेने तस्योपवाहनात् ॥१-११-२९॥",
        "index": 29,
        "shloka_num": 29
    },
    {
        "text": "अन्तःपुराणि सर्वाणि शान्तां दृष्ट्वा तथागताम् ।\nसह भर्त्रा विशालाक्षीं प्रीत्यानन्दमुपागमन् ॥१-११-३०॥",
        "index": 30,
        "shloka_num": 30
    },
    {
        "text": "पूज्यमाना तु ताभिः सा राज्ञा चैव विशेषतः ।\nउवास तत्र सुखिता कञ्चित् कालं सहद्विजा ॥१-११-३१॥",
        "index": 31,
        "shloka_num": 31
    },
    {
        "text": "इत्यार्षे श्रीमद्रामायणे वाल्मीकीये आदिकाव्ये बालकाण्डे ऋष्यशृङ्गस्यायोध्याप्रवेशः नाम एकादशः सर्गः ॥१-११॥",
        "index": 32,
        "shloka_num": null
    }
]