[
    {
        "text": "अथ श्रीमद्वाल्मीकीयरामायणे बालकाण्डे श्रीरामाद्यवतारः नाम अष्टादशः सर्गः ॥१-१८॥",
        "index": 0,
        "shloka_num": null
    },
    {
        "text": "निर्वृत्ते तु क्रतौ तस्मिन् हयमेधे महात्मनः ।\nप्रतिगृह्य सुरा भागान् प्रतिजग्मुर्यथागतम् ॥१-१८-१॥",
        "index": 1,
        "shloka_num": 1
    },
    {
        "text": "समाप्तदीक्षानियमः पत्नीगणसमन्वितः ।\nप्रविवेश पुरीं राजा सभृत्यबलवाहनः ॥१-१८-२॥",
        "index": 2,
        "shloka_num": 2
    },
    {
        "text": "यथार्हं पूजितास्तेन राज्ञा वै पृथिवीश्वराः ।\nमुदिताः प्रययुर्देशान् प्रणम्य मुनिपुंगवम् ॥१-१८-३॥",
        "index": 3,
        "shloka_num": 3
    },
    {
        "text": "श्रीमतां गच्छतां तेषां स्वगृहाणि पुरात् ततः ।\nबलानि राज्ञां शुभ्राणि प्रहृष्टानि चकाशिरे ॥१-१८-४॥",
        "index": 4,
        "shloka_num": 4
    },
    {
        "text": "गतेषु पृथिवीशेषु राजा दशरथः पुनः ।\nप्रविवेश पुरीं श्रीमान् पुरस्कृत्य द्विजोत्तमान् ॥१-१८-५॥",
        "index": 5,
        "shloka_num": 5
    },
    {
        "text": "शान्तया प्रययौ सार्धमृष्यशृङ्गः सुपूजितः ।\nअन्वीयमानो राज्ञाथ सानुयात्रेण धीमता ॥१-१८-६॥",
        "index": 6,
        "shloka_num": 6
    },
    {
        "text": "एवं विसृज्य तान् सर्वान् राजा सम्पूर्णमानसः ।\nउवास सुखितस्तत्र पुत्रोत्पत्तिं विचिन्तयन् ॥१-१८-७॥",
        "index": 7,
        "shloka_num": 7
    },
    {
        "text": "ततो यज्ञे समाप्ते तु ऋतूनां षट् समत्ययुः ।\nततश्च द्वादशे मासे चैत्रे नावमिके तिथौ ॥१-१८-८॥",
        "index": 8,
        "shloka_num": 8
    },
    {
        "text": "नक्षत्रेऽदितिदैवत्ये स्वोच्चसंस्थेषु पञ्चसु ।\nग्रहेषु कर्कटे लग्ने वाक्पताविन्दुना सह ॥१-१८-९॥",
        "index": 9,
        "shloka_num": 9
    },
    {
        "text": "प्रोद्यमाने जगन्नाथं सर्वलोकनमस्कृतम् ।\nकौसल्याजनयद् रामं दिव्यलक्षणसंयुतम् ॥१-१८-१०॥",
        "index": 10,
        "shloka_num": 10
    },
    {
        "text": "विष्णोरर्धं महाभागं पुत्रमैक्ष्वाकुनन्दनम् ।\nलोहिताक्षं महाबाहुं रक्तोष्ठं दुन्दुभिस्वनम् ॥१-१८-११॥",
        "index": 11,
        "shloka_num": 11
    },
    {
        "text": "कौसल्या शुशुभे तेन पुत्रेणामिततेजसा ।\nयथा वरेण देवानामदितिर्वज्रपाणिना ॥१-१८-१२॥",
        "index": 12,
        "shloka_num": 12
    },
    {
        "text": "भरतो नाम कैकेय्यां जज्ञे सत्यपराक्रमः ।\nसाक्षाद् विष्णोश्चतुर्भागः सर्वैः समुदितो गुणैः ॥१-१८-१३॥",
        "index": 13,
        "shloka_num": 13
    },
    {
        "text": "अथ लक्ष्मणशत्रुघ्नौ सुमित्राजनयत् सुतौ ।\nवीरौ सर्वास्त्रकुशलौ विष्णोरर्धसमन्वितौ ॥१-१८-१४॥",
        "index": 14,
        "shloka_num": 14
    },
    {
        "text": "पुष्ये जातस्तु भरतो मीनलग्ने प्रसन्नधीः ।\nसार्पे जातौ तु सौमित्री कुलीरेऽभ्युदिते रवौ ॥१-१८-१५॥",
        "index": 15,
        "shloka_num": 15
    },
    {
        "text": "राज्ञः पुत्रा महात्मानश्चत्वारो जज्ञिरे पृथक् ।\nगुणवन्तोऽनुरूपाश्च रुच्या प्रोष्ठपदोपमाः ॥१-१८-१६॥",
        "index": 16,
        "shloka_num": 16
    },
    {
        "text": "जगुः कलं च गन्धर्वा ननृतुश्चाप्सरोगणाः ।\nदेवदुन्दुभयो नेदुः पुष्पवृष्टिश्च खात् पतत् ॥१-१८-१७॥",
        "index": 17,
        "shloka_num": 17
    },
    {
        "text": "उत्सवश्च महानासीदयोध्यायां जनाकुलः ।\nरथ्याश्च जनसम्बाधा नटनर्तकसंकुलाः ॥१-१८-१८॥",
        "index": 18,
        "shloka_num": 18
    },
    {
        "text": "गायनैश्च विराविण्यो वादनैश्च तथापरैः ।\nविरेजुर्विपुलास्तत्र सर्वरत्नसमन्विताः ॥१-१८-१९॥",
        "index": 19,
        "shloka_num": 19
    },
    {
        "text": "प्रदेयांश्च ददौ राजा सूतमागधवन्दिनाम् ।\nब्राह्मणेभ्यो ददौ वित्तम् गोधनानि सहस्रशः ॥१-१८-२०॥",
        "index": 20,
        "shloka_num": 20
    },
    {
        "text": "अतीत्यैकादशाहं तु नामकर्म तथाकरोत् ।\nज्येष्ठं रामं महात्मानं भरतं कैकयीसुतम् ॥१-१८-२१॥",
        "index": 21,
        "shloka_num": 21
    },
    {
        "text": "सौमित्रिं लक्ष्मणमिति शत्रुघ्नमपरं तथा ।\nवसिष्ठः परमप्रीतो नामानि कुरुते तदा ॥१-१८-२२॥",
        "index": 22,
        "shloka_num": 22
    },
    {
        "text": "ब्राह्मणान् भोजयामास पौराजानपदानपि ।\nअददद् ब्राह्मणानां च रत्नौघममलं बहु ॥१-१८-२३॥",
        "index": 23,
        "shloka_num": 23
    },
    {
        "text": "तेषां जन्मक्रियादीनि सर्वकर्माण्यकारयत् ।\nतेषां केतुरिव ज्येष्ठो रामो रतिकरः पितुः ॥१-१८-२४॥",
        "index": 24,
        "shloka_num": 24
    },
    {
        "text": "बभूव भूयो भूतानां स्वयम्भूरिव सम्मतः ।\nसर्वे वेदविदः शूराः सर्वे लोकहिते रताः ॥१-१८-२५॥",
        "index": 25,
        "shloka_num": 25
    },
    {
        "text": "सर्वे ज्ञानोपसम्पन्नाः सर्वे समुदिता गुणैः ।\nतेषामपि महातेजा रामः सत्यपराक्रमः ॥१-१८-२६॥",
        "index": 26,
        "shloka_num": 26
    },
    {
        "text": "इष्टः सर्वस्य लोकस्य शशाङ्क इव निर्मलः ।\nगजस्कन्धेऽश्वपृष्ठे च रथचर्यासु सम्मतः ॥१-१८-२७॥",
        "index": 27,
        "shloka_num": 27
    },
    {
        "text": "धनुर्वेदे च निरतः पितुः शुश्रूषणे रतः ।\nबाल्यात् प्रभृति सुस्निग्धो लक्ष्मणो लक्ष्मिवर्धनः ॥१-१८-२८॥",
        "index": 28,
        "shloka_num": 28
    },
    {
        "text": "रामस्य लोकरामस्य भ्रातुर्ज्येष्ठस्य नित्यशः ।\nसर्वप्रियकरस्तस्य रामस्यापि शरीरतः ॥१-१८-२९॥",
        "index": 29,
        "shloka_num": 29
    },
    {
        "text": "लक्ष्मणो लक्ष्मिसम्पन्नो बहिःप्राण इवापरः ।\nन च तेन विना निद्रां लभते पुरुषोत्तमः ॥१-१८-३०॥",
        "index": 30,
        "shloka_num": 30
    },
    {
        "text": "मृष्टमन्नमुपानीतमश्नाति न हि तं विना ।\nयदा हि हयमारूढो मृगयां याति राघवः ॥१-१८-३१॥",
        "index": 31,
        "shloka_num": 31
    },
    {
        "text": "अथैनं पृष्ठतोऽभ्येति सधनुः परिपालयन् ।\nभरतस्यापि शत्रुघ्नो लक्ष्मणावरजो हि सः ॥१-१८-३२॥",
        "index": 32,
        "shloka_num": 32
    },
    {
        "text": "प्राणैः प्रियतरो नित्यं तस्य चासीत् तथा प्रियः ।\nस चतुर्भिर्महाभागैः पुत्रैर्दशरथः प्रियैः ॥१-१८-३३॥",
        "index": 33,
        "shloka_num": 33
    },
    {
        "text": "बभूव परमप्रीतो देवैरिव पितामहः ।\nते यदा ज्ञानसंपन्नाः सर्वे समुदिता गुणैः ॥१-१८-३४॥",
        "index": 34,
        "shloka_num": 34
    },
    {
        "text": "ह्रीमन्तः कीर्तिमन्तश्च सर्वज्ञा दीर्घदर्शिनः ।\nतेषामेवंप्रभावाणां सर्वेषां दीप्ततेजसाम् ॥१-१८-३५॥",
        "index": 35,
        "shloka_num": 35
    },
    {
        "text": "पिता दशरथो हृष्टो ब्रह्मा लोकाधिपो यथा ।\nते चापि मनुजव्याघ्रा वैदिकाध्ययने रताः ॥१-१८-३६॥",
        "index": 36,
        "shloka_num": 36
    },
    {
        "text": "पितृशुश्रूषणरता धनुर्वेदे च निष्ठिताः ।\nअथ राजा दशरथस्तेषां दारक्रियां प्रति ॥१-१८-३७॥",
        "index": 37,
        "shloka_num": 37
    },
    {
        "text": "चिन्तयामास धर्मात्मा सोपाध्यायः सबान्धवः ।\nतस्य चिन्तयमानस्य मन्त्रिमध्ये महात्मनः ॥१-१८-३८॥",
        "index": 38,
        "shloka_num": 38
    },
    {
        "text": "अभ्यागच्छन्महातेजा विश्वामित्रो महामुनिः ।\nस राज्ञो दर्शनाकाङ्क्षी द्वाराध्यक्षानुवाच ह ॥१-१८-३९॥",
        "index": 39,
        "shloka_num": 39
    },
    {
        "text": "शीघ्रमाख्यात मां प्राप्तं कौशिकं गाधिनः सुतम् ।\nतच्छ्रुत्वा वचनं तस्य राज्ञो वेश्म प्रदुद्रुवुः ॥१-१८-४०॥",
        "index": 40,
        "shloka_num": 40
    },
    {
        "text": "संभ्रान्तमनसः सर्वे तेन वाक्येन चोदिताः ।\nते गत्वा राजभवनं विश्वामित्रमृषिं तदा ॥१-१८-४१॥",
        "index": 41,
        "shloka_num": 41
    },
    {
        "text": "प्राप्तमावेदयामासुर्नृपायेक्ष्वाकवे तदा ।\nतेषां तद्वचनं श्रुत्वा सपुरोधाः समाहितः ॥१-१८-४२॥",
        "index": 42,
        "shloka_num": 42
    },
    {
        "text": "प्रत्युज्जगाम संहृष्टो ब्रह्माणमिव वासवः ।\nस दृष्ट्वा ज्वलितं दीप्त्या तापसं संशितव्रतम् ॥१-१८-४३॥",
        "index": 43,
        "shloka_num": 43
    },
    {
        "text": "प्रहृष्टवदनो राजा ततोऽर्घ्यमुपहारयत् ।\nस राज्ञः प्रतिगृह्यार्घ्यं शास्त्रदृष्टेन कर्मणा ॥१-१८-४४॥",
        "index": 44,
        "shloka_num": 44
    },
    {
        "text": "कुशलं चाव्ययं चैव पर्यपृच्छन्नराधिपम् ।\nपुरे कोशे जनपदे बान्धवेषु सुहृत्सु च ॥१-१८-४५॥",
        "index": 45,
        "shloka_num": 45
    },
    {
        "text": "कुशलं कौशिको राज्ञः पर्यपृच्छत् सुधार्मिकः ।\nअपि ते संनताः सर्वे सामन्तरिपवो जिताः ॥१-१८-४६॥",
        "index": 46,
        "shloka_num": 46
    },
    {
        "text": "दैवं च मानुषं चैव कर्म ते साध्वनुष्ठितम् ।\nवसिष्ठं च समागम्य कुशलं मुनिपुङ्गवः ॥१-१८-४७॥",
        "index": 47,
        "shloka_num": 47
    },
    {
        "text": "ऋषींश्च तान् यथान्यायं महाभाग उवाच ह ।\nते सर्वे हृष्टमनसस्तस्य राज्ञो निवेशनम् ॥१-१८-४८॥",
        "index": 48,
        "shloka_num": 48
    },
    {
        "text": "विविशुः पूजितास्तेन निषेदुश्च यथार्हतः ।\nअथ हृष्टमना राजा विश्वामित्रं महामुनिम् ॥१-१८-४९॥",
        "index": 49,
        "shloka_num": 49
    },
    {
        "text": "उवाच परमोदारो हृष्टस्तमभिपूजयन् ।\nयथामृतस्य सम्प्राप्तिर्यथा वर्षमनूदके ॥१-१८-५०॥",
        "index": 50,
        "shloka_num": 50
    },
    {
        "text": "यथा सदृशदारेषु पुत्रजन्माप्रजस्य वै ।\nप्रणष्टस्य यथा लाभो यथा हर्षो महोदये ॥१-१८-५१॥",
        "index": 51,
        "shloka_num": 51
    },
    {
        "text": "तथैवागमनं मन्ये स्वागतं ते महामुने ।\nकं च ते परमं कामं करोमि किमु हर्षितः ॥१-१८-५२॥",
        "index": 52,
        "shloka_num": 52
    },
    {
        "text": "पात्रभूतोऽसि मे ब्रह्मन् दिष्ट्या प्राप्तोऽसि मानद ।\nअद्य मे सफलं जन्म जीवितं च सुजीवितम् ॥१-१८-५३॥",
        "index": 53,
        "shloka_num": 53
    },
    {
        "text": "यस्माद् विप्रेन्द्रमद्राक्षं सुप्रभाता निशा मम ।\nपूर्वं राजर्षिशब्देन तपसा द्योतितप्रभः ॥१-१८-५४॥",
        "index": 54,
        "shloka_num": 54
    },
    {
        "text": "ब्रह्मर्षित्वमनुप्राप्तः पूज्योऽसि बहुधा मया ।\nतदद्भुतमभूद् विप्र पवित्रं परमं मम ॥१-१८-५५॥",
        "index": 55,
        "shloka_num": 55
    },
    {
        "text": "शुभक्षेत्रगतश्चाहं तव संदर्शनात् प्रभो ।\nब्रूहि यत् प्रार्थितं तुभ्यं कार्यमागमनं प्रति ॥१-१८-५६॥",
        "index": 56,
        "shloka_num": 56
    },
    {
        "text": "इच्छाम्यनुगृहीतोऽहं त्वदर्थं परिवृद्धये ।\nकार्यस्य न विमर्शं च गन्तुमर्हसि सुव्रत ॥१-१८-५७॥",
        "index": 57,
        "shloka_num": 57
    },
    {
        "text": "कर्ता चाहमशेषेण दैवतं हि भवान् मम ।\nमम चायमनुप्राप्तो महानभ्युदयो द्विज ।\nतवागमनजः कृत्स्नो धर्मश्चानुत्तमो द्विज ॥१-१८-५८॥",
        "index": 58,
        "shloka_num": 58
    },
    {
        "text": "इति हृदयसुखं निशम्य वाक्यं श्रुतिसुखमात्मवता विनीतमुक्तम् ।\nप्रथितगुणयशा गुणैर्विशिष्टः परमऋषिः परमं जगाम हर्षम् ॥१-१८-५९॥",
        "index": 59,
        "shloka_num": 59
    },
    {
        "text": "इत्यार्षे श्रीमद्रामायणे वाल्मीकीये आदिकाव्ये बालकाण्डे श्रीरामाद्यवतारः नाम अष्टादशः सर्गः ॥१-१८॥",
        "index": 60,
        "shloka_num": null
    }
]