[
    {
        "text": "अथ श्रीमद्वाल्मीकीयरामायणे बालकाण्डे अस्त्रसंहारग्रहणम् नाम अष्टाविंशः सर्गः ॥१-२८॥",
        "index": 0,
        "shloka_num": null
    },
    {
        "text": "प्रतिगृह्य ततोऽस्त्राणि प्रहृष्टवदनः शुचिः ।\nगच्छन्नेव च काकुत्स्थो विश्वामित्रमथाब्रवीत् ॥१-२८-१॥",
        "index": 1,
        "shloka_num": 1
    },
    {
        "text": "गृहीतास्त्रोऽस्मि भगवन् दुराधर्षः सुरैरपि ।\nअस्त्राणां त्वहमिच्छामि संहारान् मुनिपुङ्गव ॥१-२८-२॥",
        "index": 2,
        "shloka_num": 2
    },
    {
        "text": "एवं ब्रुवति काकुत्स्थे विश्वामित्रो महातपाः ।\nसंहारान् व्याजहाराथ धृतिमान् सुव्रतः शुचिः ॥१-२८-३॥",
        "index": 3,
        "shloka_num": 3
    },
    {
        "text": "सत्यवन्तं सत्यकीर्तिं धृष्टं रभसमेव च ।\nप्रतिहारतरं नाम पराङ्मुखमवाङ्मुखम् ॥१-२८-४॥",
        "index": 4,
        "shloka_num": 4
    },
    {
        "text": "लक्ष्यालक्ष्याविमौ चैव दृढनाभसुनाभकौ ।\nदशाक्षशतवक्त्रौ च दशशीर्षशतोदरौ ॥१-२८-५॥",
        "index": 5,
        "shloka_num": 5
    },
    {
        "text": "पद्मनाभमहानाभौ दुन्दुनाभस्वनाभकौ ।\nज्योतिषं शकुनं चैव नैराश्यविमलावुभौ ॥१-२८-६॥",
        "index": 6,
        "shloka_num": 6
    },
    {
        "text": "यौगन्धरविनिद्रौ च दैत्यप्रमथनौ तथा ।\nशुचिबाहुर्महाबाहुर्निष्कलिर्विरुचस्तथा ।\nसार्चिर्माली धृतिमाली वृत्तिमान् रुचिरस्तथा ॥१-२८-७॥",
        "index": 7,
        "shloka_num": 7
    },
    {
        "text": "पित्र्यः सौमनसश्चैव विधूतमकरावुभौ ।\nपरवीरं रतिं चैव धनधान्यौ च राघव ॥१-२८-८॥",
        "index": 8,
        "shloka_num": 8
    },
    {
        "text": "कामरूपं कामरुचिं मोहमावरणं तथा ।\nजृंभकं सर्पनाभं च पन्थानवरणौ तथा ॥१-२८-९॥",
        "index": 9,
        "shloka_num": 9
    },
    {
        "text": "कृशाश्वतनयान् राम भास्वरान् कामरूपिणः ।\nप्रतीच्छ मम भद्रं ते पात्रभूतोऽसि राघव ॥१-२८-१०॥",
        "index": 10,
        "shloka_num": 10
    },
    {
        "text": "बाढमित्येव काकुत्स्थः प्रहृष्टेनान्तरात्मना ।\nदिव्यभास्वरदेहाश्च मूर्तिमन्तः सुखप्रदाः ॥१-२८-११॥",
        "index": 11,
        "shloka_num": 11
    },
    {
        "text": "केचिदङ्गारसदृशाः केचिद् धूमोपमास्तथा ।\nचन्द्रार्कसदृशाः केचित् प्रह्वाञ्जलिपुटास्तथा ॥१-२८-१२॥",
        "index": 12,
        "shloka_num": 12
    },
    {
        "text": "रामं प्राञ्जलयो भूत्वाऽब्रुवन् मधुरभाषिणः ।\nइमे स्म नरशार्दूल शाधि किं करवाम ते ॥१-२८-१३॥",
        "index": 13,
        "shloka_num": 13
    },
    {
        "text": "गम्यतामिति तानाह यथेष्टं रघुनन्दनः ।\nमानसाः कार्यकालेषु साहाय्यं मे करिष्यथ ॥१-२८-१४॥",
        "index": 14,
        "shloka_num": 14
    },
    {
        "text": "अथ ते राममामन्त्र्य कृत्वा चापि प्रदक्षिणम् ।\nएवमस्त्विति काकुत्स्थमुक्त्वा जग्मुर्यथागतम् ॥१-२८-१५॥",
        "index": 15,
        "shloka_num": 15
    },
    {
        "text": "स च तान् राघवो ज्ञात्वा विश्वामित्रं महामुनिम् ।\nगच्छन्नेवाथ मधुरं श्लक्ष्णं वचनमब्रवीत् ॥१-२८-१६॥",
        "index": 16,
        "shloka_num": 16
    },
    {
        "text": "किमेतन्मेघसंकाशं पर्वतस्याविदूरतः ।\nवृक्षखण्डमितो भाति परं कौतूहलं हि मे ॥१-२८-१७॥",
        "index": 17,
        "shloka_num": 17
    },
    {
        "text": "दर्शनीयं मृगाकीर्णं मनोहरमतीव च ।\nनानाप्रकारैः शकुनैर्वल्गुभाषैरलङ्कृतम् ॥१-२८-१८॥",
        "index": 18,
        "shloka_num": 18
    },
    {
        "text": "निःसृताःस्मो मुनिश्रेष्ठ कान्ताराद् रोमहर्षणात् ।\nअनया त्ववगच्छामि देशस्य सुखवत्तया ॥१-२८-१९॥",
        "index": 19,
        "shloka_num": 19
    },
    {
        "text": "सर्वं मे शंस भगवन् कस्याश्रमपदं त्विदम् ।\nसंप्राप्ता यत्र ते पापा ब्रह्मघ्ना दुष्टचारिणः ॥१-२८-२०॥",
        "index": 20,
        "shloka_num": 20
    },
    {
        "text": "तव यज्ञस्य विघ्नाय दुरात्मानो महामुने ।\nभगवंस्तस्य को देशः सा यत्र तव याज्ञिकी ॥१-२८-२१॥",
        "index": 21,
        "shloka_num": 21
    },
    {
        "text": "रक्षितव्या क्रिया ब्रह्मन् मया वध्याश्च राक्षसाः ।\nएतत् सर्वं मुनिश्रेष्ठ श्रोतुमिच्छाम्यहं प्रभो ॥१-२८-२२॥",
        "index": 22,
        "shloka_num": 22
    },
    {
        "text": "इत्यार्षे श्रीमद्रामायणे वाल्मीकीये आदिकाव्ये बालकाण्डे अस्त्रसंहारग्रहणम् नाम अष्टाविंशः सर्गः ॥१-२८॥",
        "index": 23,
        "shloka_num": null
    }
]