[
    {
        "text": "अथ श्रीमद्वाल्मीकीयरामायणे बालकाण्डे यज्ञरक्षणम् नाम त्रिंशः सर्गः ॥१-३०॥",
        "index": 0,
        "shloka_num": null
    },
    {
        "text": "अथ तौ देशकालज्ञौ राजपुत्रावरिंदमौ ।\nदेशे काले च वाक्यज्ञावब्रूतां कौशिकं वचः ॥१-३०-१॥",
        "index": 1,
        "shloka_num": 1
    },
    {
        "text": "भगवञ्छ्रोतुमिच्छावो यस्मिन् काले निशाचरौ ।\nसंरक्षणीयौ तौ ब्रूहि नातिवर्तेत तत्क्षणम् ॥१-३०-२॥",
        "index": 2,
        "shloka_num": 2
    },
    {
        "text": "एवं ब्रुवाणौ काकुत्स्थौ त्वरमाणौ युयुत्सया ।\nसर्वे ते मुनयः प्रीताः प्रशशंसुर्नृपात्मजौ ॥१-३०-३॥",
        "index": 3,
        "shloka_num": 3
    },
    {
        "text": "अद्यप्रभृति षड्रात्रं रक्षतां राघवौ युवाम् ।\nदीक्षां गतो ह्येष मुनिर्मौनित्वं च गमिष्यति ॥१-३०-४॥",
        "index": 4,
        "shloka_num": 4
    },
    {
        "text": "तौ तु तद्वचनं श्रुत्वा राजपुत्रौ यशस्विनौ ।\nअनिद्रं षडहोरात्रं तपोवनमरक्षताम् ॥१-३०-५॥",
        "index": 5,
        "shloka_num": 5
    },
    {
        "text": "उपासांचक्रतुर्वीरौ यत्तौ परमधन्विनौ ।\nररक्षतुर्मुनिवरं विश्वामित्रमरिंदमौ ॥१-३०-६॥",
        "index": 6,
        "shloka_num": 6
    },
    {
        "text": "अथ काले गते तस्मिन् षष्ठेऽहनि तदागते ।\nसौमित्रिमब्रवीद् रामो यत्तो भव समाहितः ॥१-३०-७॥",
        "index": 7,
        "shloka_num": 7
    },
    {
        "text": "रामस्यैवं ब्रुवाणस्य त्वरितस्य युयुत्सया ।\nप्रजज्वाल ततो वेदिः सोपाध्यायपुरोहिता ॥१-३०-८॥",
        "index": 8,
        "shloka_num": 8
    },
    {
        "text": "सदर्भचमसस्रुक्का स समित्कुसुमोच्चया ।\nविश्वामित्रेण सहिता वेदिर्जज्वाल सर्त्विजा ॥१-३०-९॥",
        "index": 9,
        "shloka_num": 9
    },
    {
        "text": "मन्त्रवच्च यथान्यायं यज्ञोऽसौ सम्प्रवर्तते ।\nआकाशे च महाञ्छ्ब्दः प्रादुरासीद् भयानकः ॥१-३०-१०॥",
        "index": 10,
        "shloka_num": 10
    },
    {
        "text": "आवार्य गगनं मेघो यथा प्रावृषि दृश्यते ।\nतथा मायां विकुर्वाणौ राक्षसावभ्यधावताम् ॥१-३०-११॥",
        "index": 11,
        "shloka_num": 11
    },
    {
        "text": "मारीचश्च सुबाहुश्च तयोरनुचरास्तथा ।\nआगम्य भीमसंकाशा रुधिरौघानवासृजन् ॥१-३०-१२॥",
        "index": 12,
        "shloka_num": 12
    },
    {
        "text": "ताम् तेन रुधिरौघेण वेदीं वीक्ष्य समुक्षिताम् ।\nसहसाभिद्रुतो रामस्तानपश्यत् ततो दिवि ॥१-३०-१३॥",
        "index": 13,
        "shloka_num": 13
    },
    {
        "text": "तावापतन्तौ सहसा दृष्ट्वा राजीवलोचनः ।\nलक्ष्मणं त्वभिसम्प्रेक्ष्य रामो वचनमब्रवीत् ॥१-३०-१४॥",
        "index": 14,
        "shloka_num": 14
    },
    {
        "text": "पश्य लक्ष्मण दुर्वृत्तान् राक्षसान् पिशिताशनान् ।\nमानवास्त्रसमाधूताननिलेन यथा घनान् ॥१-३०-१५॥",
        "index": 15,
        "shloka_num": 15
    },
    {
        "text": "करिष्यामि न संदेहो नोत्सहे हन्तुमीदृशान् ।\nइत्युक्त्वा वचनं रामश्चापे संधाय वेगवान् ॥१-३०-१६॥",
        "index": 16,
        "shloka_num": 16
    },
    {
        "text": "मानवं परमोदारमस्त्रं परमभास्वरम् ।\nचिक्षेप परमक्रुद्धो मारीचोरसि राघवः ॥१-३०-१७॥",
        "index": 17,
        "shloka_num": 17
    },
    {
        "text": "स तेन परमास्त्रेण मानवेन समाहतः ।\nसम्पूर्णं योजनशतं क्षिप्तः सागरसम्प्लवे ॥१-३०-१८॥",
        "index": 18,
        "shloka_num": 18
    },
    {
        "text": "विचेतनं विघूर्णन्तं शीतेषुबलपीडितम् ।\nनिरस्तं दृश्य मारीचं रामो लक्ष्मणमब्रवीत् ॥१-३०-१९॥",
        "index": 19,
        "shloka_num": 19
    },
    {
        "text": "पश्य लक्ष्मण शीतेषुं मानवं मनुसंहितम् ।\nमोहयित्वा नयत्येनं न च प्राणैर्वियुज्यते ॥१-३०-२०॥",
        "index": 20,
        "shloka_num": 20
    },
    {
        "text": "इमानपि वधिष्यामि निर्घृणान् दुष्टचारिणः ।\nराक्षसान् पापकर्मस्थान् यज्ञघ्नान् रुधिराशनान् ॥१-३०-२१॥",
        "index": 21,
        "shloka_num": 21
    },
    {
        "text": "इत्युक्त्वा लक्ष्मणं चाशु लाघवं दर्शयन्निव ।\nविगृह्य सुमहच्चास्त्रमाग्नेयं रघुनन्दनः ॥१-३०-२२॥",
        "index": 22,
        "shloka_num": 22
    },
    {
        "text": "सुबाहूरसि चिक्षेप स विद्धः प्रापतद् भुवि ।\nशेषान् वायव्यमादाय निजघान महायशाः ।\nराघवः परमोदारो मुनीनां मुदमावहन् ॥१-३०-२३॥",
        "index": 23,
        "shloka_num": 23
    },
    {
        "text": "स हत्वा राक्षसान् सर्वान् यज्ञघ्नान् रघुनन्दनः ।\nऋषिभिः पूजितस्तत्र यथेन्द्रो विजये पुरा ॥१-३०-२४॥",
        "index": 24,
        "shloka_num": 24
    },
    {
        "text": "अथ यज्ञे समाप्ते तु विश्वामित्रो महामुनिः ।\nनिरीतिका दिशो दृष्ट्वा काकुत्स्थमिदमब्रवीत् ॥१-३०-२५॥",
        "index": 25,
        "shloka_num": 25
    },
    {
        "text": "कृतार्थोऽस्मि महाबाहो कृतं गुरुवचस्त्वया ।\nसिद्धाश्रममिदं सत्यं कृतं वीर महायशः ।\nस हि रामं प्रशस्यैवं ताभ्यां संध्यामुपागमत् ॥१-३०-२६॥",
        "index": 26,
        "shloka_num": 26
    },
    {
        "text": "इत्यार्षे श्रीमद्रामायणे वाल्मीकीये आदिकाव्ये बालकाण्डे यज्ञरक्षणम् नाम त्रिंशः सर्गः ॥१-३०॥",
        "index": 27,
        "shloka_num": null
    }
]