[
    {
        "text": "अथ श्रीमद्वाल्मीकीयरामायणे बालकाण्डे कुमारोत्पत्तिः नाम सप्तत्रिंशः सर्गः ॥१-३७॥",
        "index": 0,
        "shloka_num": null
    },
    {
        "text": "तप्यमाने तदा देवे सेन्द्राः साग्निपुरोगमाः ।\nसेनापतिमभीप्सन्तः पितामहमुपागमन् ॥१-३७-१॥",
        "index": 1,
        "shloka_num": 1
    },
    {
        "text": "ततोऽब्रुवन् सुराः सर्वे भगवन्तं पितामहम् ।\nप्रणिपत्य सुराराम सेन्द्राः साग्निपुरोगमाः ॥१-३७-२॥",
        "index": 2,
        "shloka_num": 2
    },
    {
        "text": "येन सेनापतिर्देव दत्तो भगवता पुरा ।\nस तपः परमास्थाय तप्यते स्म सहोमया ॥१-३७-३॥",
        "index": 3,
        "shloka_num": 3
    },
    {
        "text": "यदत्रानन्तरं कार्यं लोकानां हितकाम्यया ।\nसंविधत्स्व विधानज्ञ त्वं हि नः परमा गतिः ॥१-३७-४॥",
        "index": 4,
        "shloka_num": 4
    },
    {
        "text": "देवतानां वचः श्रुत्वा सर्वलोकपितामहः ।\nसान्त्वयन् मधुरैर्वाक्यैस्त्रिदशानिदमब्रवीत् ॥१-३७-५॥",
        "index": 5,
        "shloka_num": 5
    },
    {
        "text": "शैलपुत्र्या यदुक्तं तन्न प्रजाः स्वासु पत्निषु ।\nतस्या वचनमक्लिष्टं सत्यमेव न संशयः ॥१-३७-६॥",
        "index": 6,
        "shloka_num": 6
    },
    {
        "text": "इयमाकाशगङ्गा च यस्यां पुत्रं हुताशनः ।\nजनयिष्यति देवानां सेनापतिमरिंदमम् ॥१-३७-७॥",
        "index": 7,
        "shloka_num": 7
    },
    {
        "text": "ज्येष्ठा शैलेन्द्रदुहिता मानयिष्यति तं सुतम् ।\nउमायास्तद्बहुमतं भविष्यति न संशयः ॥१-३७-८॥",
        "index": 8,
        "shloka_num": 8
    },
    {
        "text": "तच्छ्रुत्वा वचनं तस्य कृतार्था रघुनन्दन ।\nप्रणिपत्य सुराः सर्वे पितामहमपूजयन् ॥१-३७-९॥",
        "index": 9,
        "shloka_num": 9
    },
    {
        "text": "ते गत्वा परमं राम कैलासं धातुमण्डितम् ।\nअग्निं नियोजयामासुः पुत्रार्थं सर्वदेवताः ॥१-३७-१०॥",
        "index": 10,
        "shloka_num": 10
    },
    {
        "text": "देवकार्यमिदं देव समाधत्स्व हुताशन ।\nशैलपुत्र्यां महातेजो गङ्गायां तेज उत्सृज ॥१-३७-११॥",
        "index": 11,
        "shloka_num": 11
    },
    {
        "text": "देवतानां प्रतिज्ञाय गङ्गामभ्येत्य पावकः ।\nगर्भं धारय वै देवि देवतानामिदं प्रियम् ॥१-३७-१२॥",
        "index": 12,
        "shloka_num": 12
    },
    {
        "text": "इत्येतद् वचनं श्रुत्वा दिव्यं रूपमधारयत् ।\nस तस्या महिमां दृष्ट्वा समन्तादवशीर्यत ॥१-३७-१३॥",
        "index": 13,
        "shloka_num": 13
    },
    {
        "text": "समन्ततस्तदा देवीमभ्यषिञ्चत पावकः ।\nसर्वस्रोतांसि पूर्णानि गङ्गाया रघुनन्दन ॥१-३७-१४॥",
        "index": 14,
        "shloka_num": 14
    },
    {
        "text": "तमुवाच ततो गङ्गा सर्वदेवपुरोगमम् ।\nअशक्ता धारणे देव तेजस्तव समुद्धतम् ॥१-३७-१५॥",
        "index": 15,
        "shloka_num": 15
    },
    {
        "text": "दह्यमानाग्निना तेन सम्प्रव्यथितचेतना ।\nअथाब्रवीदिदं गङ्गां सर्वदेवहुताशनः ॥१-३७-१६॥",
        "index": 16,
        "shloka_num": 16
    },
    {
        "text": "इह हैमवते पार्श्वे गर्भोऽयं संनिवेश्यताम् ।\nश्रुत्वा त्वग्निवचो गङ्गा तं गर्भमतिभास्वरम् ॥१-३७-१७॥",
        "index": 17,
        "shloka_num": 17
    },
    {
        "text": "उत्ससर्ज महातेजाः स्रोतोभ्यो हि तदानघ ।\nयदस्या निर्गतं तस्मात् तप्तजाम्बूनदप्रभम् ॥१-३७-१८॥",
        "index": 18,
        "shloka_num": 18
    },
    {
        "text": "काञ्चनं धरणीं प्राप्तं हिरण्यमतुलप्रभम् ।\nताम्रं कार्ष्णायसं चैव तैक्ष्ण्यादेवाभिजायत ॥१-३७-१९॥",
        "index": 19,
        "shloka_num": 19
    },
    {
        "text": "मलं तस्याभवत् तत्र त्रपु सीसकमेव च ।\nतदेतद्धरणीं प्राप्य नानाधातुरवर्धत ॥१-३७-२०॥",
        "index": 20,
        "shloka_num": 20
    },
    {
        "text": "निक्षिप्तमात्रे गर्भे तु तेजोभिरभिरञ्जितम् ।\nसर्वं पर्वतसंनद्धं सौवर्णमभवद् वनम् ॥१-३७-२१॥",
        "index": 21,
        "shloka_num": 21
    },
    {
        "text": "जातरूपमिति ख्यातं तदाप्रभृति राघव ।\nसुवर्णं पुरुषव्याघ्र हुताशनसमप्रभम् ।\nतृणवृक्षलतागुल्मं सर्वं भवति काञ्चनम् ॥१-३७-२२॥",
        "index": 22,
        "shloka_num": 22
    },
    {
        "text": "तं कुमारं ततो जातं सेन्द्राः सह मरुद्गणाः ।\nक्षीरसम्भावनार्थाय कृत्तिकाः समयोजयन् ॥१-३७-२३॥",
        "index": 23,
        "shloka_num": 23
    },
    {
        "text": "ताः क्षीरं जातमात्रस्य कृत्वा समयमुत्तमम् ।\nददुः पुत्रोऽयमस्माकं सर्वासामिति निश्चिताः ॥१-३७-२४॥",
        "index": 24,
        "shloka_num": 24
    },
    {
        "text": "ततस्तु देवताः सर्वाः कार्तिकेय इति ब्रुवन् ।\nपुत्रस्त्रैलोक्यविख्यातो भविष्यति न संशयः ॥१-३७-२५॥",
        "index": 25,
        "shloka_num": 25
    },
    {
        "text": "तेषां तद् वचनं श्रुत्वा स्कन्नं गर्भपरिस्रवे ।\nस्नापयन् परया लक्ष्म्या दीप्यमानं यथानलम् ॥१-३७-२६॥",
        "index": 26,
        "shloka_num": 26
    },
    {
        "text": "स्कन्द इत्यब्रुवन् देवाः स्कन्नं गर्भपरिस्रवे ।\nकार्तिकेयं महाबाहुं काकुत्स्थ ज्वलनोपमम् ॥१-३७-२७॥",
        "index": 27,
        "shloka_num": 27
    },
    {
        "text": "प्रादुर्भूतं ततः क्षीरं कृत्तिकानामनुत्तमम् ।\nषण्णां षडाननो भूत्वा जग्राह स्तनजं पयः ॥१-३७-२८॥",
        "index": 28,
        "shloka_num": 28
    },
    {
        "text": "गृहीत्वा क्षीरमेकाह्ना सुकुमारवपुस्तदा ।\nअजयत् स्वेन वीर्येण दैत्यसैन्यगणान् विभुः ॥१-३७-२९॥",
        "index": 29,
        "shloka_num": 29
    },
    {
        "text": "सुरसेनागणपतिमभ्यषिञ्चन्महाद्युतिम् ।\nततस्तममराः सर्वे समेत्याग्निपुरोगमाः ॥१-३७-३०॥",
        "index": 30,
        "shloka_num": 30
    },
    {
        "text": "एष ते राम गङ्गाया विस्तरोऽभिहितो मया ।\nकुमारसम्भवश्चैव धन्यः पुण्यस्तथैव च ॥१-३७-३१॥",
        "index": 31,
        "shloka_num": 31
    },
    {
        "text": "भक्तश्च यः कार्तिकेये काकुत्स्थ भुवि मानवः ।\nआयुष्मान् पुत्रपौत्रैश्च स्कन्दसालोक्यतां व्रजेत् ॥१-३७-३२॥",
        "index": 32,
        "shloka_num": 32
    },
    {
        "text": "इत्यार्षे श्रीमद्रामायणे वाल्मीकीये आदिकाव्ये बालकाण्डे कुमारोत्पत्तिः नाम सप्तत्रिंशः सर्गः ॥१-३७॥",
        "index": 33,
        "shloka_num": null
    }
]