[
    {
        "text": "अथ श्रीमद्वाल्मीकीयरामायणे बालकाण्डे पृथिवीविदारणम् नाम एकोनचत्वारिंशः सर्गः ॥१-३९॥",
        "index": 0,
        "shloka_num": null
    },
    {
        "text": "विश्वामित्रवचः श्रुत्वा कथान्ते रघुनन्दनः ।\nउवाच परमप्रीतो मुनिं दीप्तमिवानलम् ॥१-३९-१॥",
        "index": 1,
        "shloka_num": 1
    },
    {
        "text": "श्रोतुमिच्छामि भद्रं ते विस्तरेण कथामिमाम् ।\nपूर्वजो मे कथं ब्रह्मन् यज्ञं वै समुपाहरत् ॥१-३९-२॥",
        "index": 2,
        "shloka_num": 2
    },
    {
        "text": "तस्य तद् वचनं श्रुत्वा कौतूहलसमन्वितः ।\nविश्वामित्रस्तु काकुत्स्थमुवाच प्रहसन्निव ॥१-३९-३॥",
        "index": 3,
        "shloka_num": 3
    },
    {
        "text": "श्रूयतां विस्तरो राम सगरस्य महात्मनः ।\nशंकरश्वशुरो नाम्ना हिमवानिति विश्रुतः ॥१-३९-४॥",
        "index": 4,
        "shloka_num": 4
    },
    {
        "text": "विन्ध्यपर्वतमासाद्य निरीक्षेते परस्परम् ।\nतयोर्मध्ये समभवद् यज्ञः स पुरुषोत्तम ॥१-३९-५॥",
        "index": 5,
        "shloka_num": 5
    },
    {
        "text": "स हि देशो नरव्याघ्र प्रशस्तो यज्ञकर्मणि ।\nतस्याश्वचर्यां काकुत्स्थ दृढधन्वा महारथः ॥१-३९-६॥",
        "index": 6,
        "shloka_num": 6
    },
    {
        "text": "अंशुमानकरोत् तात सगरस्य मते स्थितः ।\nतस्य पर्वणि तं यज्ञं यजमानस्य वासवः ॥१-३९-७॥",
        "index": 7,
        "shloka_num": 7
    },
    {
        "text": "राक्षसीं तनुमास्थाय यज्ञियाश्वमपाहरत् ।\nह्रियमाणे तु काकुत्स्थ तस्मिन्नश्वे महात्मनः ॥१-३९-८॥",
        "index": 8,
        "shloka_num": 8
    },
    {
        "text": "उपाध्यायगणाः सर्वे यजमानमथाब्रुवन् ।\nअयं पर्वणि वेगेन यज्ञियाश्वोऽपनीयते ॥१-३९-९॥",
        "index": 9,
        "shloka_num": 9
    },
    {
        "text": "हर्तारं जहि काकुत्स्थ हयश्चैवोपनीयताम् ।\nयज्ञच्छिद्रं भवत्येतत् सर्वेषामशिवाय नः ॥१-३९-१०॥",
        "index": 10,
        "shloka_num": 10
    },
    {
        "text": "तत् तथा क्रियतां राजन् यज्ञोच्छिद्रः कृतो भवेत् ।\nसोपाध्यायवचः श्रुत्वा तस्मिन् सदसि पार्थिवः ॥१-३९-११॥",
        "index": 11,
        "shloka_num": 11
    },
    {
        "text": "षष्टिं पुत्रसहस्राणि वाक्यमेतदुवाच ह ।\nगतिं पुत्रा न पश्यामि रक्षसां पुरुषर्षभाः ॥१-३९-१२॥",
        "index": 12,
        "shloka_num": 12
    },
    {
        "text": "मन्त्रपूतैर्महाभागैरास्थितो हि महाक्रतुः ।\nतद् गच्छत विचिन्वध्वं पुत्रका भद्रमस्तु वः ॥१-३९-१३॥",
        "index": 13,
        "shloka_num": 13
    },
    {
        "text": "समुद्रमालिनीं सर्वां पृथिवीमनुगच्छथ ।\nएकैकं योजनं पुत्रा विस्तारमभिगच्छत ॥१-३९-१४॥",
        "index": 14,
        "shloka_num": 14
    },
    {
        "text": "यावत् तुरगसंदर्शस्तावत् खनत मेदिनीम् ।\nतमेव हयहर्तारं मार्गमाणा ममाज्ञया ॥१-३९-१५॥",
        "index": 15,
        "shloka_num": 15
    },
    {
        "text": "दीक्षितः पौत्रसहितः सोपाध्यायगणस्त्वहम् ।\nइह स्थास्यामि भद्रं वो यावत् तुरगदर्शनम् ॥१-३९-१६॥",
        "index": 16,
        "shloka_num": 16
    },
    {
        "text": "ते सर्वे हृष्टमनसो राजपुत्रा महाबलाः ।\nजग्मुर्महीतलं राम पितुर्वचनयन्त्रिताः ॥१-३९-१७॥",
        "index": 17,
        "shloka_num": 17
    },
    {
        "text": "गत्वा तु पृथिवीं सर्वामदृष्ट्वा तं महाबलाः ।\nयोजनायामविस्तारमेकैको धरणीतलम् ।\nबिभिदुः पुरुषव्याघ्रा वज्रस्पर्शसमैर्भुजैः ॥१-३९-१८॥",
        "index": 18,
        "shloka_num": 18
    },
    {
        "text": "शूलैरशनिकल्पैश्च हलैश्चापि सुदारुणैः ।\nभिद्यमाना वसुमती ननाद रघुनन्दन ॥१-३९-१९॥",
        "index": 19,
        "shloka_num": 19
    },
    {
        "text": "नागानां वध्यमानानामसुराणां च राघव ।\nराक्षसानां दुराधर्षं सत्त्वानां निनदोऽभवत् ॥१-३९-२०॥",
        "index": 20,
        "shloka_num": 20
    },
    {
        "text": "योजनानां सहस्राणि षष्टिं तु रघुनन्दन ।\nबिभिदुर्धरणीं राम रसातलमनुत्तमम् ॥१-३९-२१॥",
        "index": 21,
        "shloka_num": 21
    },
    {
        "text": "एवं पर्वतसंबाधं जम्बूद्वीपं नृपात्मजाः ।\nखनन्तो नृपशार्दूल सर्वतः परिचक्रमुः ॥१-३९-२२॥",
        "index": 22,
        "shloka_num": 22
    },
    {
        "text": "ततो देवाः सगन्धर्वाः सासुराः सहपन्नगाः ।\nसम्भ्रान्तमनसः सर्वे पितामहमुपागमन् ॥१-३९-२३॥",
        "index": 23,
        "shloka_num": 23
    },
    {
        "text": "ते प्रसाद्य महात्मानं विषण्णवदनास्तदा ।\nऊचुः परमसंत्रस्ताः पितामहमिदं वचः ॥१-३९-२४॥",
        "index": 24,
        "shloka_num": 24
    },
    {
        "text": "भगवन् पृथिवी सर्वा खन्यते सगरात्मजैः ।\nबहवश्च महात्मानो वध्यन्ते जलचारिणः ॥१-३९-२५॥",
        "index": 25,
        "shloka_num": 25
    },
    {
        "text": "अयं यज्ञहरोऽस्माकमनेनाश्वोऽपनीयते ।\nइति ते सर्वभूतानि हिंसन्ति सगरात्मजाः ॥१-३९-२६॥",
        "index": 26,
        "shloka_num": 26
    },
    {
        "text": "इत्यार्षे श्रीमद्रामायणे वाल्मीकीये आदिकाव्ये बालकाण्डे पृथिवीविदारणम् नाम एकोनचत्वारिंशः सर्गः ॥१-३९॥",
        "index": 27,
        "shloka_num": null
    }
]