[
    {
        "text": "अथ श्रीमद्वाल्मीकीयरामायणे बालकाण्डे सगरयज्ञसमाप्तिः नाम एकचत्वारिंशः सर्गः ॥१-४१॥",
        "index": 0,
        "shloka_num": null
    },
    {
        "text": "पुत्रांश्चिरगताञ्ज्ञात्वा सगरो रघुनन्दन ।\nनप्तारमब्रवीद् राजा दीप्यमानं स्वतेजसा ॥१-४१-१॥",
        "index": 1,
        "shloka_num": 1
    },
    {
        "text": "शूरश्च कृतविद्यश्च पूर्वैस्तुल्योऽसि तेजसा ।\nपितॄणां गतिमन्विच्छ येन चाश्वोऽपवाहितः ॥१-४१-२॥",
        "index": 2,
        "shloka_num": 2
    },
    {
        "text": "अन्तर्भौमानि सत्त्वानि वीर्यवन्ति महान्ति च ।\nतेषां तु प्रतिघातार्थं सासिं गृह्णीष्व कार्मुकम् ॥१-४१-३॥",
        "index": 3,
        "shloka_num": 3
    },
    {
        "text": "अभिवाद्याभिवाद्यांस्त्वं हत्वा विघ्नकरानपि ।\nसिद्धार्थः संनिवर्तस्व मम यज्ञस्य पारगः ॥१-४१-४॥",
        "index": 4,
        "shloka_num": 4
    },
    {
        "text": "एवमुक्तोंऽशुमान् सम्यक् सगरेण महात्मना ।\nधनुरादाय खड्गं च जगाम लघुविक्रमः ॥१-४१-५॥",
        "index": 5,
        "shloka_num": 5
    },
    {
        "text": "स खातं पितृभिर्मार्गमन्तर्भौमं महात्मभिः ।\nप्रापद्यत नरश्रेष्ठ तेन राज्ञाभिचोदितः ॥१-४१-६॥",
        "index": 6,
        "shloka_num": 6
    },
    {
        "text": "देवदानवरक्षोभिः पिशाचपतगोरगैः ।\nपूज्यमानं महातेजा दिशागजमपश्यत ॥१-४१-७॥",
        "index": 7,
        "shloka_num": 7
    },
    {
        "text": "स तं प्रदक्षिणं कृत्वा पृष्ट्वा चैव निरामयम् ।\nपितॄन् स परिपप्रच्छ वाजिहर्तारमेव च ॥१-४१-८॥",
        "index": 8,
        "shloka_num": 8
    },
    {
        "text": "दिशागजस्तु तच्छ्रुत्वा प्रत्युवाच महामतिः ।\nआसमञ्ज कृतार्थस्त्वं सहाश्वः शीघ्रमेष्यसि ॥१-४१-९॥",
        "index": 9,
        "shloka_num": 9
    },
    {
        "text": "तस्य तद्वचनं श्रुत्वा सर्वानेव दिशागजान् ।\nयथाक्रमं यथान्यायं प्रष्टुं समुपचक्रमे ॥१-४१-१०॥",
        "index": 10,
        "shloka_num": 10
    },
    {
        "text": "तैश्च सर्वैर्दिशापालैर्वाक्यज्ञैर्वाक्यकोविदैः ।\nपूजितः सहयश्चैवागन्तासीत्यभिचोदितः ॥१-४१-११॥",
        "index": 11,
        "shloka_num": 11
    },
    {
        "text": "तेषां तद्वचनं श्रुत्वा जगाम लघुविक्रमः ।\nभस्मराशीकृता यत्र पितरस्तस्य सागराः ॥१-४१-१२॥",
        "index": 12,
        "shloka_num": 12
    },
    {
        "text": "स दुःखवशमापन्नस्त्वसमञ्जसुतस्तदा ।\nचुक्रोश परमार्तस्तु वधात् तेषां सुदुःखितः ॥१-४१-१३॥",
        "index": 13,
        "shloka_num": 13
    },
    {
        "text": "यज्ञियं च हयं तत्र चरन्तमविदूरतः ।\nददर्श पुरुषव्याघ्रो दुःखशोकसमन्वितः ॥१-४१-१४॥",
        "index": 14,
        "shloka_num": 14
    },
    {
        "text": "स तेषां राजपुत्राणां कर्तुकामो जलक्रियाम् ।\nस जलार्थी महातेजा न चापश्यज्जलाशयम् ॥१-४१-१५॥",
        "index": 15,
        "shloka_num": 15
    },
    {
        "text": "विसार्य निपुणां दृष्टिं ततोऽपश्यत् खगाधिपम् ।\nपितॄणां मातुलं राम सुपर्णमनिलोपमम् ॥१-४१-१६॥",
        "index": 16,
        "shloka_num": 16
    },
    {
        "text": "स चैनमब्रवीद् वाक्यं वैनतेयो महाबलः ।\nमा शुचः पुरुषव्याघ्र वधोऽयं लोकसम्मतः ॥१-४१-१७॥",
        "index": 17,
        "shloka_num": 17
    },
    {
        "text": "कपिलेनाप्रमेयेण दग्धा हीमे महाबलाः ।\nसलिलं नार्हसि प्राज्ञ दातुमेषां हि लौकिकम् ॥१-४१-१८॥",
        "index": 18,
        "shloka_num": 18
    },
    {
        "text": "गङ्गा हिमवतो ज्येष्ठा दुहिता पुरुषर्षभ ।\nतस्यां कुरु महाबाहो पितॄणां तु जल क्रियाम् ॥१-४१-१९॥",
        "index": 19,
        "shloka_num": 19
    },
    {
        "text": "भस्मराशीकृतानेतान् प्लावयेल्लोकपावनी ।\nतया क्लिन्नमिदं भस्म गङ्गया लोककान्तया ।\nषष्टिं पुत्रसहस्राणि स्वर्गलोकं गमिष्यति ॥१-४१-२०॥",
        "index": 20,
        "shloka_num": 20
    },
    {
        "text": "निर्गच्छाश्वं महाभाग संगृह्य पुरुषर्षभ ।\nयज्ञं पैतामहं वीर निर्वर्तयितुमर्हसि ॥१-४१-२१॥",
        "index": 21,
        "shloka_num": 21
    },
    {
        "text": "सुपर्णवचनं श्रुत्वा सोंऽशुमानतिवीर्यवान् ।\nत्वरितं हयमादाय पुनरायान्महातपाः ॥१-४१-२२॥",
        "index": 22,
        "shloka_num": 22
    },
    {
        "text": "ततो राजानमासाद्य दीक्षितं रघुनन्दन ।\nन्यवेदयद् यथावृत्तं सुपर्णवचनं तथा ॥१-४१-२३॥",
        "index": 23,
        "shloka_num": 23
    },
    {
        "text": "तच्छ्रुत्वा घोरसंकाशं वाक्यमंशुमतो नृपः ।\nयज्ञं निर्वर्तयामास यथाकल्पं यथाविधि ॥१-४१-२४॥",
        "index": 24,
        "shloka_num": 24
    },
    {
        "text": "स्वपुरं त्वगमच्छ्रीमानिष्टयज्ञो महीपतिः ।\nगङ्गायाश्चागमे राजा निश्चयं नाध्यगच्छत ॥१-४१-२५॥",
        "index": 25,
        "shloka_num": 25
    },
    {
        "text": "अगत्वा निश्चयं राजा कालेन महता महान् ।\nत्रिंशद्वर्षसहस्राणि राज्यं कृत्वा दिवं गतः ॥१-४१-२६॥",
        "index": 26,
        "shloka_num": 26
    },
    {
        "text": "इत्यार्षे श्रीमद्रामायणे वाल्मीकीये आदिकाव्ये बालकाण्डे सगरयज्ञसमाप्तिः नाम एकचत्वारिंशः सर्गः ॥१-४१॥",
        "index": 27,
        "shloka_num": null
    }
]