[
    {
        "text": "अथ श्रीमद्वाल्मीकीयरामायणे बालकाण्डे भगीरथवरप्रदानम् नाम द्विचत्वारिंशः सर्गः ॥१-४२॥",
        "index": 0,
        "shloka_num": null
    },
    {
        "text": "कालधर्मं गते राम सगरे प्रकृतीजनाः ।\nराजानं रोचयामासुरंशुमन्तं सुधार्मिकम् ॥१-४२-१॥",
        "index": 1,
        "shloka_num": 1
    },
    {
        "text": "स राजा सुमहानासीदंशुमान् रघुनन्दन ।\nतस्य पुत्रो महानासीद् दिलीप इति विश्रुतः ॥१-४२-२॥",
        "index": 2,
        "shloka_num": 2
    },
    {
        "text": "तस्मै राज्यं समादिश्य दिलीपे रघुनन्दन ।\nहिमवच्छिखरे रम्ये तपस्तेपे सुदारुणम् ॥१-४२-३॥",
        "index": 3,
        "shloka_num": 3
    },
    {
        "text": "द्वात्रिंशच्छतसाहस्रं वर्षाणि सुमहायशाः ।\nतपोवनगतो राजा स्वर्गं लेभे तपोधनः ॥१-४२-४॥",
        "index": 4,
        "shloka_num": 4
    },
    {
        "text": "दिलीपस्तु महातेजाः श्रुत्वा पैतामहं वधम् ।\nदुःखोपहतया बुद्ध्या निश्चयं नाध्यगच्छत ॥१-४२-५॥",
        "index": 5,
        "shloka_num": 5
    },
    {
        "text": "कथं गङ्गावतरणं कथं तेषां जलक्रिया ।\nतारयेयं कथं चैतानिति चिन्तापरोऽभवत् ॥१-४२-६॥",
        "index": 6,
        "shloka_num": 6
    },
    {
        "text": "तस्य चिन्तयतो नित्यं धर्मेण विदितात्मनः ।\nपुत्रो भगीरथो नाम जज्ञे परमधार्मिकः ॥१-४२-७॥",
        "index": 7,
        "shloka_num": 7
    },
    {
        "text": "दिलीपस्तु महातेजा यज्ञैर्बहुभिरिष्टवान् ।\nत्रिंशद्वर्षसहस्राणि राजा राज्यमकारयत् ॥१-४२-८॥",
        "index": 8,
        "shloka_num": 8
    },
    {
        "text": "अगत्वा निश्चयं राजा तेषामुद्धरणं प्रति ।\nव्याधिना नरशार्दूल कालधर्ममुपेयिवान् ॥१-४२-९॥",
        "index": 9,
        "shloka_num": 9
    },
    {
        "text": "इन्द्रलोकं गतो राजा स्वार्जितेनैव कर्मणा ।\nराज्ये भगीरथं पुत्रमभिषिच्य नरर्षभः ॥१-४२-१०॥",
        "index": 10,
        "shloka_num": 10
    },
    {
        "text": "भगीरथस्तु राजर्षिर्धार्मिको रघुनन्दन ।\nअनपत्यो महाराजः प्रजाकामः स च प्रजाः ॥१-४२-११॥",
        "index": 11,
        "shloka_num": 11
    },
    {
        "text": "मन्त्रिष्वाधाय तद् राज्यं गङ्गावतरणे रतः ।\nतपो दीर्घं समातिष्ठद् गोकर्णे रघुनन्दन ॥१-४२-१२॥",
        "index": 12,
        "shloka_num": 12
    },
    {
        "text": "ऊर्ध्वबाहुः पञ्चतपा मासाहारो जितेन्द्रियः ।\nतस्य वर्षसहस्राणि घोरे तपसि तिष्ठतः ॥१-४२-१३॥",
        "index": 13,
        "shloka_num": 13
    },
    {
        "text": "अतीतानि महाबाहो तस्य राज्ञो महात्मनः ।\nसुप्रीतो भगवान् ब्रह्मा प्रजानां प्रभुरीश्वरः ॥१-४२-१४॥",
        "index": 14,
        "shloka_num": 14
    },
    {
        "text": "ततः सुरगणैः सार्धमुपागम्य पितामहः ।\nभगीरथं महात्मानं तप्यमानमथाब्रवीत् ॥१-४२-१५॥",
        "index": 15,
        "shloka_num": 15
    },
    {
        "text": "भगीरथ महाराज प्रीतस्तेऽहं जनाधिप ।\nतपसा च सुतप्तेन वरं वरय सुव्रत ॥१-४२-१६॥",
        "index": 16,
        "shloka_num": 16
    },
    {
        "text": "तमुवाच महातेजाः सर्वलोकपितामहम् ।\nभगीरथो महाबाहुः कृताञ्जलिपुटः स्थितः ॥१-४२-१७॥",
        "index": 17,
        "shloka_num": 17
    },
    {
        "text": "यदि मे भगवान् प्रीतो यद्यस्ति तपसः फलम् ।\nसगरस्यात्मजाः सर्वे मत्तः सलिलमाप्नुयुः ॥१-४२-१८॥",
        "index": 18,
        "shloka_num": 18
    },
    {
        "text": "गङ्गायाः सलिलक्लिन्ने भस्मन्येषां महात्मनाम् ।\nस्वर्गं गच्छेयुरत्यन्तं सर्वे च प्रपितामहाः ॥१-४२-१९॥",
        "index": 19,
        "shloka_num": 19
    },
    {
        "text": "देव याचे ह संतत्यै नावसीदेत् कुलं च नः ।\nइक्ष्वाकूणां कुले देव एष मेऽस्तु वरः परः ॥१-४२-२०॥",
        "index": 20,
        "shloka_num": 20
    },
    {
        "text": "उक्तवाक्यं तु राजानं सर्वलोकपितामहः ।\nप्रत्युवाच शुभां वाणीं मधुरां मधुराक्षराम् ॥१-४२-२१॥",
        "index": 21,
        "shloka_num": 21
    },
    {
        "text": "मनोरथो महानेष भगीरथ महारथ ।\nएवं भवतु भद्रं ते इक्ष्वाकुकुलवर्धन ॥१-४२-२२॥",
        "index": 22,
        "shloka_num": 22
    },
    {
        "text": "इयं हैमवती ज्येष्ठा गङ्गा हिमवतः सुता ।\nतां वै धारयितुं राजन् हरस्तत्र नियुज्यताम् ॥१-४२-२३॥",
        "index": 23,
        "shloka_num": 23
    },
    {
        "text": "गङ्गायाः पतनं राजन् पृथिवी न सहिष्यते ।\nतां वै धारयितुं राजन् नान्यं पश्यामि शूलिनः ॥१-४२-२४॥",
        "index": 24,
        "shloka_num": 24
    },
    {
        "text": "तमेवमुक्त्वा राजानं गङ्गां चाभाष्य लोककृत् ।\nजगाम त्रिदिवं देवैः सर्वैः सह मरुद्गणैः ॥१-४२-२५॥",
        "index": 25,
        "shloka_num": 25
    },
    {
        "text": "इत्यार्षे श्रीमद्रामायणे वाल्मीकीये आदिकाव्ये बालकाण्डे भगीरथवरप्रदानम् नाम द्विचत्वारिंशः सर्गः ॥१-४२॥",
        "index": 26,
        "shloka_num": null
    }
]