[
    {
        "text": "अथ श्रीमद्वाल्मीकीयरामायणे बालकाण्डे गङ्गावतरणम् नाम त्रिचत्वारिशः सर्गः ॥१-४३॥",
        "index": 0,
        "shloka_num": null
    },
    {
        "text": "देवदेवे गते तस्मिन् सोऽङ्गुष्ठाग्रनिपीडिताम् ।\nकृत्वा वसुमतीं राम वत्सरं समुपासत ॥१-४३-१॥",
        "index": 1,
        "shloka_num": 1
    },
    {
        "text": "अथ संवत्सरे पूर्णे सर्वलोकनमस्कृतः ।\nउमापतिः पशुपती राजानमिदमब्रवीत् ॥१-४३-२॥",
        "index": 2,
        "shloka_num": 2
    },
    {
        "text": "प्रीतस्तेऽहं नरश्रेष्ठ करिष्यामि तव प्रियम् ।\nशिरसा धारयिष्यामि शैलराजसुतामहम् ॥१-४३-३॥",
        "index": 3,
        "shloka_num": 3
    },
    {
        "text": "ततो हैमवती ज्येष्ठा सर्वलोकनमस्कृता ।\nतदा सातिमहद्रूपं कृत्वा वेगं च दुःसहम् ॥१-४३-४॥",
        "index": 4,
        "shloka_num": 4
    },
    {
        "text": "आकाशादपतद् राम शिवे शिवशिरस्युत ।\nअचिन्तयच्च सा देवी गङ्गा परमदुर्धरा ॥१-४३-५॥",
        "index": 5,
        "shloka_num": 5
    },
    {
        "text": "विशाम्यहं हि पातालं स्त्रोतसा गृह्य शङ्करम् ।\nतस्यावलेपनं ज्ञात्वा क्रुद्धस्तु भगवान् हरः ॥१-४३-६॥",
        "index": 6,
        "shloka_num": 6
    },
    {
        "text": "तिरोभावयितुं बुद्धिं चक्रे त्रिनयनस्तदा ।\nसा तस्मिन् पतिता पुण्या पुण्ये रुद्रस्य मूर्धनि ॥१-४३-७॥",
        "index": 7,
        "shloka_num": 7
    },
    {
        "text": "हिमवत्प्रतिमे राम जटामण्डलगह्वरे ।\nसा कथंचिन्महीं गन्तुं नाशक्नोद् यत्नमास्थिता ॥१-४३-८॥",
        "index": 8,
        "shloka_num": 8
    },
    {
        "text": "नैव सा निर्गमं लेभे जटामण्डलमन्ततः ।\nतत्रैवाबभ्रमद् देवी संवत्सरगणान् बहून् ॥१-४३-९॥",
        "index": 9,
        "shloka_num": 9
    },
    {
        "text": "तामपश्यत् पुनस्तत्र तपः परममास्थितः ।\nस तेन तोषितश्चासीदत्यन्तं रघुनन्दन ॥१-४३-१०॥",
        "index": 10,
        "shloka_num": 10
    },
    {
        "text": "विससर्ज ततो गङ्गां हरो बिन्दुसरः प्रति ।\nतस्यां विसृज्यमानायां सप्त स्रोतांसि जज्ञिरे ॥१-४३-११॥",
        "index": 11,
        "shloka_num": 11
    },
    {
        "text": "ह्लादिनी पावनी चैव नलिनी च तथैव च ।\nतिस्रः प्राचीं दिशं जग्मुर्गङ्गाः शिवजलाः शुभाः ॥१-४३-१२॥",
        "index": 12,
        "shloka_num": 12
    },
    {
        "text": "सुचक्षुश्चैव सीता च सिन्धुश्चैव महानदी ।\nतिस्रश्चैता दिशं जग्मुः प्रतीचीं तु दिशं शुभाः ॥१-४३-१३॥",
        "index": 13,
        "shloka_num": 13
    },
    {
        "text": "सप्तमी चान्वगात् तासां भगीरथरथं तदा ।\nभगीरथोऽपि राजर्षिर्दिव्यं स्यंदनमास्थितः ॥१-४३-१४॥",
        "index": 14,
        "shloka_num": 14
    },
    {
        "text": "प्रायादग्रे महातेजा गङ्गा तं चाप्यनुव्रजत् ।\nगगनाच्छङ्करशिरस्ततो धरणिमागता ॥१-४३-१५॥",
        "index": 15,
        "shloka_num": 15
    },
    {
        "text": "असर्पत जलं तत्र तीव्रशब्दपुरस्कृतम् ।\nमत्स्यकच्छपसङ्घैश्च शिंशुमारगणैस्तथा ॥१-४३-१६॥",
        "index": 16,
        "shloka_num": 16
    },
    {
        "text": "पतद्भिः पतितैश्चैव व्यरोचत वसुंधरा ।\nततो देवर्षिगन्धर्वा यक्षसिद्धगणास्तथा ॥१-४३-१७॥",
        "index": 17,
        "shloka_num": 17
    },
    {
        "text": "व्यलोकयन्त ते तत्र गगनाद् गां गतां तदा ।\nविमानैर्नगराकारैर्हयैर्गजवरैस्तदा ॥१-४३-१८॥",
        "index": 18,
        "shloka_num": 18
    },
    {
        "text": "पारिप्लवगताश्चापि देवतास्तत्र विष्ठिताः ।\nतदद्भुतमिमं लोके गङ्गावतरमुत्तमम् ॥१-४३-१९॥",
        "index": 19,
        "shloka_num": 19
    },
    {
        "text": "दिदृक्षवो देवगणाः समीयुरमितौजसः ।\nसम्पतद्भिः सुरगणैस्तेषां चाभरणौजसा ॥१-४३-२०॥",
        "index": 20,
        "shloka_num": 20
    },
    {
        "text": "शतादित्यमिवाभाति गगनं गततोयदम् ।\nशिंशुमारोरगगणैर्मीनैरपि च चञ्चलैः ॥१-४३-२१॥",
        "index": 21,
        "shloka_num": 21
    },
    {
        "text": "विद्युद्भिरिव विक्षिप्तैराकाशमभवत् तदा ।\nपाण्डुरैः सलिलोत्पीडैः कीर्यमाणैः सहस्रधा ॥१-४३-२२॥",
        "index": 22,
        "shloka_num": 22
    },
    {
        "text": "शारदाभ्रैरिवाकीर्णं गगनं हंससम्प्लवैः ।\nक्वचिद् द्रुततरं याति कुटिलं क्वचिदायतम् ॥१-४३-२३॥",
        "index": 23,
        "shloka_num": 23
    },
    {
        "text": "विनतं क्वचिदुद्भूतं क्वचिद् याति शनैः शनैः ।\nसलिलेनैव सलिलं क्वचिदभ्याहतं पुनः ॥१-४३-२४॥",
        "index": 24,
        "shloka_num": 24
    },
    {
        "text": "मुहुरूर्ध्वपथं गत्वा पपात वसुधां पुनः ।\nतच्छङ्करशिरोभ्रष्टं भ्रष्टं भूमितले पुनः ॥१-४३-२५॥",
        "index": 25,
        "shloka_num": 25
    },
    {
        "text": "व्यरोचत तदा तोयं निर्मलं गतकल्मषम् ।\nतत्रर्षिगणगन्धर्वा वसुधातलवासिनः ॥१-४३-२६॥",
        "index": 26,
        "shloka_num": 26
    },
    {
        "text": "भवाङ्गपतितं तोयं पवित्रमिति पस्पृशुः ।\nशापात् प्रपतिता ये च गगनाद् वसुधातलम् ॥१-४३-२७॥",
        "index": 27,
        "shloka_num": 27
    },
    {
        "text": "कृत्वा तत्राभिषेकं ते बभूवुर्गतकल्मषाः ।\nधूपपापाः पुनस्तेन तोयेनाथ शुभान्विताः ॥१-४३-२८॥",
        "index": 28,
        "shloka_num": 28
    },
    {
        "text": "पुनराकाशमाविश्य स्वाँल्लोकान् प्रतिपेदिरे ।\nमुमुदे मुदितो लोकस्तेन तोयेन भास्वता ॥१-४३-२९॥",
        "index": 29,
        "shloka_num": 29
    },
    {
        "text": "कृताभिषेको गङ्गायां बभूव गतकल्मषः ।\nभगीरथो हि राजर्षिर्दिव्यं स्यन्दनमास्थितः ॥१-४३-३०॥",
        "index": 30,
        "shloka_num": 30
    },
    {
        "text": "प्रायादग्रे महाराजास्तं गङ्गा पृष्ठतोऽन्वगात् ।\nदेवाः सर्षिगणाः सर्वे दैत्यदानवराक्षसाः ॥१-४३-३१॥",
        "index": 31,
        "shloka_num": 31
    },
    {
        "text": "गन्धर्वयक्षप्रवराः सकिन्नरमहोरगाः ।\nसर्वाश्चाप्सरसो राम भगीरथरथानुगाः ॥१-४३-३२॥",
        "index": 32,
        "shloka_num": 32
    },
    {
        "text": "गङ्गामन्वगमन् प्रीताः सर्वे जलचराश्च ये ।\nयतो भगीरथो राजा ततो गङ्गा यशस्विनी ॥१-४३-३३॥",
        "index": 33,
        "shloka_num": 33
    },
    {
        "text": "जगाम सरितां श्रेष्ठा सर्वपापप्रणाशिनी ।\nततो हि यजमानस्य जह्नोरद्भुतकर्मणः ॥१-४३-३४॥",
        "index": 34,
        "shloka_num": 34
    },
    {
        "text": "गङ्गा सम्प्लावयामास यज्ञवाटं महत्मनः ।\nतस्यावलेपनं ज्ञात्वा क्रुद्धो जह्नुश्च राघव ॥१-४३-३५॥",
        "index": 35,
        "shloka_num": 35
    },
    {
        "text": "अपिबत् तु जलं सर्वं गङ्गयाः परमाद्भुतम् ।\nततो देवाः सगन्घर्वा ऋषयश्च सुविस्मिताः ॥१-४३-३६॥",
        "index": 36,
        "shloka_num": 36
    },
    {
        "text": "पूजयन्ति महात्मानं जह्नुं पुरुषसत्तमम् ।\nगङ्गां चापि नयन्ति स्म दुहितृत्वे महात्मनः ॥१-४३-३७॥",
        "index": 37,
        "shloka_num": 37
    },
    {
        "text": "ततस्तुष्टो महातेजाः श्रोत्राभ्यामसृजत् प्रभुः ।\nतस्माज्जह्नुसुता गङ्गा प्रोच्यते जाह्नवीति च ॥१-४३-३८॥",
        "index": 38,
        "shloka_num": 38
    },
    {
        "text": "जगाम च पुनर्गङ्गा भगीरथरथानुगा ।\nसागरं चापि सम्प्रप्ता सा सरित्प्रवरा तदा ॥१-४३-३९॥",
        "index": 39,
        "shloka_num": 39
    },
    {
        "text": "रसातलमुपागच्छत् सिद्ध्यर्थं तस्य कर्मणः ।\nभगीरथोऽपि राजार्षिर्गङ्गामादाय यत्नतः ॥१-४३-४०॥",
        "index": 40,
        "shloka_num": 40
    },
    {
        "text": "पितमहान् भस्मकृतानपश्यद् गतचेतनः ।\nअथ तद्भस्मनां राशिं गङ्गासलिलमुत्तमम् ।\nप्लावयत् पूतपाप्मानः स्वर्गं प्राप्ता रघूत्तम ॥१-४३-४१॥",
        "index": 41,
        "shloka_num": 41
    },
    {
        "text": "इत्यार्षे श्रीमद्रामायणे वाल्मीकीये आदिकाव्ये बालकाण्डे गङ्गावतरणम् नाम त्रिचत्वारिशः सर्गः ॥१-४३॥",
        "index": 42,
        "shloka_num": null
    }
]