[
    {
        "text": "अथ श्रीमद्वाल्मीकीयरामायणे बालकाण्डे सागरोद्धारः नाम चतुश्चत्वारिंशः सर्गः ॥१-४४॥",
        "index": 0,
        "shloka_num": null
    },
    {
        "text": "स गत्वा सागरं राजा गङ्गायानुगतस्तदा ।\nप्रविवेश तलं भूमेर्यत्र ते भस्मसात्कृताः ॥१-४४-१॥",
        "index": 1,
        "shloka_num": 1
    },
    {
        "text": "भस्मन्यथाप्लुते राम गङ्गायाः सलिलेन वै ।\nसर्वलोकप्रभुर्ब्रह्मा राजानमिदमब्रवीत् ॥१-४४-२॥",
        "index": 2,
        "shloka_num": 2
    },
    {
        "text": "तारिता नरशार्दूल दिवं याताश्च च देववत् ।\nषष्टिः पुत्रसहस्राणि सगरस्य महात्मनः ॥१-४४-३॥",
        "index": 3,
        "shloka_num": 3
    },
    {
        "text": "सागरस्य जलं लोके यावत्स्थास्यति पार्थिव ।\nसगरस्यात्मजाः सर्वे दिवि स्थास्यन्ति देववत् ॥१-४४-४॥",
        "index": 4,
        "shloka_num": 4
    },
    {
        "text": "इयं च दुहिता ज्येष्ठा तव गङ्गा भविष्यति ।\nत्वत्कृतेन च नाम्नाथ लोके स्थास्यति विश्रुता ॥१-४४-५॥",
        "index": 5,
        "shloka_num": 5
    },
    {
        "text": "गङ्गा त्रिपथगा नाम दिव्या भागीरथीति च ।\nत्रीन् पथो भावयन्तीति तस्मात् त्रिपथगा स्मृता ॥१-४४-६॥",
        "index": 6,
        "shloka_num": 6
    },
    {
        "text": "पितामहानां सर्वेषां त्वमत्र मनुजाधिप ।\nकुरुष्व सलिलं राजन् प्रतिज्ञामपवर्जय ॥१-४४-७॥",
        "index": 7,
        "shloka_num": 7
    },
    {
        "text": "पूर्वकेण हि ते राजंस्तेनातियशसा तदा ।\nधर्मिणां प्रवरेणाथ नैष प्राप्तो मनोरथः ॥१-४४-८॥",
        "index": 8,
        "shloka_num": 8
    },
    {
        "text": "तथैवांशुमता तात लोकेऽप्रतिमतेजसा ।\nगङ्गां प्रार्थयता नेतुं प्रतिज्ञा नापवर्जिता ॥१-४४-९॥",
        "index": 9,
        "shloka_num": 9
    },
    {
        "text": "राजर्षिणा गुणवता महर्षिसमतेजसा ।\nमत्तुल्यतपसा चैव क्षत्रधर्मस्थितेन च ॥१-४४-१०॥",
        "index": 10,
        "shloka_num": 10
    },
    {
        "text": "दिलीपेन महाभाग तव पित्रातितेजसा ।\nपुनर्न शकिता नेतुं गङ्गां प्रार्थयतानघ ॥१-४४-११॥",
        "index": 11,
        "shloka_num": 11
    },
    {
        "text": "सा त्वया समतिक्रान्ता प्रतिज्ञा पुरुषर्षभ ।\nप्राप्तोऽसि परमं लोके यशः परमसम्मतम् ॥१-४४-१२॥",
        "index": 12,
        "shloka_num": 12
    },
    {
        "text": "तच्च गङ्गावतरणं त्वया कृतमरिंदम ।\nअनेन च भवान् प्राप्तो धर्मस्यायतनं महत् ॥१-४४-१३॥",
        "index": 13,
        "shloka_num": 13
    },
    {
        "text": "प्लावयस्व त्वमात्मानं नरोत्तम सदोचिते ।\nसलिले पुरुषश्रेष्ठ शुचिः पुण्यफलो भव ॥१-४४-१४॥",
        "index": 14,
        "shloka_num": 14
    },
    {
        "text": "पितामहानां सर्वेषां कुरुष्व सलिलक्रियाम् ।\nस्वस्ति तेऽस्तु गमिष्यामि स्वं लोकं गम्यतां नृप ॥१-४४-१५॥",
        "index": 15,
        "shloka_num": 15
    },
    {
        "text": "इत्येवमुक्त्वा देवेशः सर्वलोकपितामहः ।\nयथागतं तथागच्चद् देवलोकं महायशाः ॥१-४४-१६॥",
        "index": 16,
        "shloka_num": 16
    },
    {
        "text": "भगीरथस्तु राजर्षिः कृत्वा सलिलमुत्तमम् ।\nयथाक्रमं यथान्यायं सागराणां महायशाः ॥१-४४-१७॥",
        "index": 17,
        "shloka_num": 17
    },
    {
        "text": "कृतोदकः शुची राजा स्वपुरं प्रविवेश ह ।\nसमृद्धार्थो नरश्रेष्ठ स्वराज्यं प्रशशास ह ॥१-४४-१८॥",
        "index": 18,
        "shloka_num": 18
    },
    {
        "text": "प्रमुमोद च लोकस्तं नृपमासाद्य राघव ।\nनष्टशोकः समृद्धार्थो बभूव विगतज्वरः ॥१-४४-१९॥",
        "index": 19,
        "shloka_num": 19
    },
    {
        "text": "एष ते राम गंगाया विस्तरोऽभिहितो मया ।\nस्वस्ति प्राप्नुहि भद्रं ते संध्याकालोऽतिवर्तते ॥१-४४-२०॥",
        "index": 20,
        "shloka_num": 20
    },
    {
        "text": "धन्यं यशस्यमायुष्यं पुत्र्यं स्वर्ग्यमथापि च ।\nयः श्रावयति विप्रेषु क्षत्रियेष्वितरेषु च ॥१-४४-२१॥",
        "index": 21,
        "shloka_num": 21
    },
    {
        "text": "प्रीयन्ते पितरस्तस्य प्रीयन्ते दैवतानि च ।\nइदमाख्यानमायुष्यं गंगावतरणं शुभम् ॥१-४४-२२॥",
        "index": 22,
        "shloka_num": 22
    },
    {
        "text": "यः शृणोति च काकुत्स्थ सर्वान् कामानवाप्नुयात् ।\nसर्वे पापाः प्रणश्यन्ति आयुः कीर्तिश्च वर्धते ॥१-४४-२३॥",
        "index": 23,
        "shloka_num": 23
    },
    {
        "text": "इत्यार्षे श्रीमद्रामायणे वाल्मीकीये आदिकाव्ये बालकाण्डे सागरोद्धारः नाम चतुश्चत्वारिंशः सर्गः ॥१-४४॥",
        "index": 24,
        "shloka_num": null
    }
]