[
    {
        "text": "अथ श्रीमद्वाल्मीकीयरामायणे बालकाण्डे अमृतोत्पत्तिः नाम पञ्चचत्वारिंशः सर्गः ॥१-४५॥",
        "index": 0,
        "shloka_num": null
    },
    {
        "text": "विश्वामित्रवचः श्रुत्वा राघवः सहलक्ष्मणः ।\nविस्मयं परमं गत्वा विश्वामित्रमथाब्रवीत् ॥१-४५-१॥",
        "index": 1,
        "shloka_num": 1
    },
    {
        "text": "अत्यद्भुतमिदं ब्रह्मन् कथितं परमं त्वया ।\nगङ्गावतरणं पुण्यं सागरस्यापि पूरणम् ॥१-४५-२॥",
        "index": 2,
        "shloka_num": 2
    },
    {
        "text": "क्षणभूतेव नौ रात्रिः संवृत्तेयं परंतप ।\nइमां चिन्तयतोः सर्वां निखिलेन कथां तव ॥१-४५-३॥",
        "index": 3,
        "shloka_num": 3
    },
    {
        "text": "तस्य सा शर्वरी सर्वा मम सौमित्रिणा सह ।\nजगाम चिन्तयानस्य विश्वामित्र कथां शुभाम् ॥१-४५-४॥",
        "index": 4,
        "shloka_num": 4
    },
    {
        "text": "ततः प्रभाते विमले विश्वामित्रं तपोधनम् ।\nउवाच राघवो वाक्यं कृताह्निकमरिन्दमः ॥१-४५-५॥",
        "index": 5,
        "shloka_num": 5
    },
    {
        "text": "गता भगवती रात्रिः श्रोतव्यं परमं श्रुतम् ।\nतराम सरितां श्रेष्ठां पुण्यां त्रिपथगां नदीम् ॥१-४५-६॥",
        "index": 6,
        "shloka_num": 6
    },
    {
        "text": "नौरेषा हि सुखास्तीर्णा ऋषीणां पुण्यकर्मणाम् ।\nभगवन्तमिह प्राप्तं ज्ञात्वा त्वरितमागता ॥१-४५-७॥",
        "index": 7,
        "shloka_num": 7
    },
    {
        "text": "तस्य तद् वचनं श्रुत्वा राघवस्य महात्मनः ।\nसन्तारं कारयामास सर्षिसङ्घस्य कौशिकः ॥१-४५-८॥",
        "index": 8,
        "shloka_num": 8
    },
    {
        "text": "उत्तरं तीरमासाद्य सम्पूज्यर्षिगणं ततः ।\nगङ्गाकूले निविष्टास्ते विशालां ददृशुः पुरीम् ॥१-४५-९॥",
        "index": 9,
        "shloka_num": 9
    },
    {
        "text": "ततो मुनिवरस्तूर्णं जगाम सहराघवः ।\nविशालां नगरीं रम्यां दिव्यां स्वर्गोपमां तदा ॥१-४५-१०॥",
        "index": 10,
        "shloka_num": 10
    },
    {
        "text": "अथ रामो महाप्राज्ञो विश्वामित्रं महामुनिम् ।\nपप्रच्छ प्राञ्जलिर्भूत्वा विशालामुत्तमां पुरीम् ॥१-४५-११॥",
        "index": 11,
        "shloka_num": 11
    },
    {
        "text": "कतमो राजवंशोऽयं विशालायां महामुने ।\nश्रोतुमिच्छामि भद्रं ते परं कौतूहलं हि मे ॥१-४५-१२॥",
        "index": 12,
        "shloka_num": 12
    },
    {
        "text": "तस्य तद् वचनं श्रुत्वा रामस्य मुनिपुङ्गवः ।\nआख्यातुं तत्समारेभे विशालायाः पुरातनम् ॥१-४५-१३॥",
        "index": 13,
        "shloka_num": 13
    },
    {
        "text": "श्रूयतां राम शक्रस्य कथां कथयतः श्रुताम् ।\nअस्मिन् देशे हि यद् वृत्तं शृणु तत्त्वेन राघव ॥१-४५-१४॥",
        "index": 14,
        "shloka_num": 14
    },
    {
        "text": "पूर्वं कृतयुगे राम दितेः पुत्रा महाबलाः ।\nअदितेश्च महाभागा वीर्यवन्तः सुधार्मिकाः ॥१-४५-१५॥",
        "index": 15,
        "shloka_num": 15
    },
    {
        "text": "ततस्तेषां नरव्याघ्र बुद्धिरासीन्महात्मनाम् ।\nअमरा विजराश्चैव कथं स्यामो निरामयाः ॥१-४५-१६॥",
        "index": 16,
        "shloka_num": 16
    },
    {
        "text": "तेषां चिन्तयतां तत्र बुद्धिरासीद् विपश्चिताम् ।\nक्षीरोदमथनं कृत्वा रसं प्राप्स्याम तत्र वै ॥१-४५-१७॥",
        "index": 17,
        "shloka_num": 17
    },
    {
        "text": "ततो निश्चित्य मथनं योक्त्रं कृत्वा च वासुकिम् ।\nमन्थानं मन्दरं कृत्वा ममन्थुरमितौजसः ॥१-४५-१८॥",
        "index": 18,
        "shloka_num": 18
    },
    {
        "text": "अथ वर्षसहस्रेण योक्त्रसर्पशिरांसि च ।\nवमन्तोऽतिविषं तत्र ददंशुर्दशनैः शिलाः ॥१-४५-१९॥",
        "index": 19,
        "shloka_num": 19
    },
    {
        "text": "उत्पपाताग्निसंकाशं हालाहलमहाविषम् ।\nतेन दग्धं जगत् सर्वं सदेवासुरमानुषम् ॥१-४५-२०॥",
        "index": 20,
        "shloka_num": 20
    },
    {
        "text": "अथ देवा महादेवं शङ्करं शरणार्थिनः ।\nजग्मुः पशुपतिं रुद्रं त्राहि त्राहीति तुष्टुवुः ॥१-४५-२१॥",
        "index": 21,
        "shloka_num": 21
    },
    {
        "text": "एवमुक्तस्ततो देवैर्देवदेवेश्वरः प्रभुः ।\nप्रादुरासीत् ततोऽत्रैव शङ्खचक्रधरो हरिः ॥१-४५-२२॥",
        "index": 22,
        "shloka_num": 22
    },
    {
        "text": "उवाचैनं स्मितं कृत्वा रुद्रं शूलधरं हरिः ।\nदैवतैर्मथ्यमाने तु यत्पूर्वं समुपस्थितम् ॥१-४५-२३॥",
        "index": 23,
        "shloka_num": 23
    },
    {
        "text": "तत् त्वदीयं सुरश्रेष्ठ सुराणामग्रतो हि यत् ।\nअग्रपूजामिह स्थित्वा गृहाणेदं विषं प्रभो ॥१-४५-२४॥",
        "index": 24,
        "shloka_num": 24
    },
    {
        "text": "इत्युक्त्वा च सुरश्रेष्ठस्तत्रैवान्तरधीयत ।\nदेवतानां भयं दृष्ट्वा श्रुत्वा वाक्यं तु शार्ङ्गिणः ॥१-४५-२५॥",
        "index": 25,
        "shloka_num": 25
    },
    {
        "text": "हालाहलं विषं घोरं संजग्राहामृतोपमम् ।\nदेवान् विसृज्य देवेशो जगाम भगवान् हरः ॥१-४५-२६॥",
        "index": 26,
        "shloka_num": 26
    },
    {
        "text": "ततो देवासुराः सर्वे ममन्थू रघुनन्दन ।\nप्रविवेशाथ पातालं मन्थानः पर्वतोत्तमः ॥१-४५-२७॥",
        "index": 27,
        "shloka_num": 27
    },
    {
        "text": "ततो देवाः सगन्धर्वास्तुष्टुवुर्मधुसूदनम् ।\nत्वं गतिः सर्वभूतानां विशेषेण दिवौकसाम् ॥१-४५-२८॥",
        "index": 28,
        "shloka_num": 28
    },
    {
        "text": "पालयास्मान् महाबाहो गिरिमुद्धर्तुमर्हसि ।\nइति श्रुत्वा हृषीकेशः कामठं रूपमास्थितः ॥१-४५-२९॥",
        "index": 29,
        "shloka_num": 29
    },
    {
        "text": "पर्वतं पृष्ठतः कृत्वा शिष्ये तत्रोदधौ हरिः ।\nपर्वताग्रं तु लोकात्मा हस्तेनाक्रम्य केशवः ॥१-४५-३०॥",
        "index": 30,
        "shloka_num": 30
    },
    {
        "text": "देवानां मध्यतः स्थित्वा ममन्थ पुरुषोत्तमः ।\nअथ वर्षसहस्रेण आयुर्वेदमयः पुमान् ॥१-४५-३१॥",
        "index": 31,
        "shloka_num": 31
    },
    {
        "text": "उदतिष्ठत् सुधर्मात्मा सदण्डः सकमण्डलुः ।\nपूर्वं धन्वन्तरिर्नाम अप्सराश्च सुवर्चसः ॥१-४५-३२॥",
        "index": 32,
        "shloka_num": 32
    },
    {
        "text": "अप्सु निर्मथनादेव रसात् तस्माद् वरस्त्रियः ।\nउत्पेतुर्मनुजश्रेष्ठ तस्मादप्सरसोऽभवन् ॥१-४५-३३॥",
        "index": 33,
        "shloka_num": 33
    },
    {
        "text": "षष्टिः कोट्योऽभवंस्तासामप्सराणां सुवर्चसाम् ।\nअसंख्येयास्तु काकुत्स्थ यास्तासां परिचारिकाः ॥१-४५-३४॥",
        "index": 34,
        "shloka_num": 34
    },
    {
        "text": "न ताः स्म प्रतिगृह्णन्ति सर्वे ते देवदानवाः ।\nअप्रतिग्रहणादेव ता वै साधारणाः स्मृताः ॥१-४५-३५॥",
        "index": 35,
        "shloka_num": 35
    },
    {
        "text": "वरुणस्य ततः कन्या वारुणी रघुनन्दन ।\nउत्पपात महाभागा मार्गमाणा परिग्रहम् ॥१-४५-३६॥",
        "index": 36,
        "shloka_num": 36
    },
    {
        "text": "दितेः पुत्रा न तां राम जगृहुर्वरुणात्मजाम् ।\nअदितेस्तु सुता वीर जगृहुस्तामनिन्दिताम् ॥१-४५-३७॥",
        "index": 37,
        "shloka_num": 37
    },
    {
        "text": "असुरास्तेन दैतेयाः सुरास्तेनादितेः सुताः ।\nहृष्टाः प्रमुदिताश्चासन् वारुणीग्रहणात् सुराः ॥१-४५-३८॥",
        "index": 38,
        "shloka_num": 38
    },
    {
        "text": "उच्चैःश्रवा हयश्रेष्ठो मणिरत्नं च कौस्तुभम् ।\nउदतिष्ठन्नरश्रेष्ठ तथैवामृतमुत्तमम् ॥१-४५-३९॥",
        "index": 39,
        "shloka_num": 39
    },
    {
        "text": "अथ तस्य कृते राम महानासीत् कुलक्षयः ।\nअदितेस्तु ततः पुत्रा दितिपुत्रानयोधयन् ॥१-४५-४०॥",
        "index": 40,
        "shloka_num": 40
    },
    {
        "text": "एकतामगमन् सर्वे असुरा राक्षसैः सह ।\nयुद्धमासीन्महाघोरं वीर त्रैलोक्यमोहनम् ॥१-४५-४१॥",
        "index": 41,
        "shloka_num": 41
    },
    {
        "text": "यदा क्षयं गतं सर्वं तदा विष्णुर्महाबलः ।\nअमृतं सोऽहरत् तूर्णं मायामास्थाय मोहिनीम् ॥१-४५-४२॥",
        "index": 42,
        "shloka_num": 42
    },
    {
        "text": "ये गताभिमुखं विष्णुमक्षरं पुरुषोत्तमम् ।\nसम्पिष्टास्ते तदा युद्धे विष्णुना प्रभविष्णुना ॥१-४५-४३॥",
        "index": 43,
        "shloka_num": 43
    },
    {
        "text": "अदितेरात्मजा वीरा दितेः पुत्रान् निजघ्निरे ।\nअस्मिन् घोरे महायुद्धे दैतेयादित्ययोर्भृशम् ॥१-४५-४४॥",
        "index": 44,
        "shloka_num": 44
    },
    {
        "text": "निहत्य दितिपुत्रांस्तु राज्यं प्राप्य पुरंदरः ।\nशशास मुदितो लोकान् सर्षिसङ्घान् सचारणान् ॥१-४५-४५॥",
        "index": 45,
        "shloka_num": 45
    },
    {
        "text": "इत्यार्षे श्रीमद्रामायणे वाल्मीकीये आदिकाव्ये बालकाण्डे अमृतोत्पत्तिः नाम पञ्चचत्वारिंशः सर्गः ॥१-४५॥",
        "index": 46,
        "shloka_num": null
    }
]