[
    {
        "text": "अथ श्रीमद्वाल्मीकीयरामायणे बालकाण्डे जनकसमागमः नाम पञ्चाशः सर्गः ॥१-५०॥",
        "index": 0,
        "shloka_num": null
    },
    {
        "text": "ततः प्रागुत्तरां गत्वा रामः सौमित्रिणा सह ।\nविश्वामित्रं पुरस्कृत्य यज्ञवाटमुपागमत् ॥१-५०-१॥",
        "index": 1,
        "shloka_num": 1
    },
    {
        "text": "रामस्तु मुनिशार्दूलमुवाच सहलक्ष्मणः ।\nसाध्वी यज्ञसमृद्धिर्हि जनकस्य महात्मनः ॥१-५०-२॥",
        "index": 2,
        "shloka_num": 2
    },
    {
        "text": "बहूनीह सहस्राणि नानादेशनिवासिनाम् ।\nब्राह्मणानां महाभाग वेदाध्ययनशालिनाम् ॥१-५०-३॥",
        "index": 3,
        "shloka_num": 3
    },
    {
        "text": "ऋषिवाटाश्च दृश्यन्ते शकटीशतसंकुलाः ।\nदेशो विधीयतां ब्रह्मन् यत्र वत्स्यामहे वयम् ॥१-५०-४॥",
        "index": 4,
        "shloka_num": 4
    },
    {
        "text": "रामस्य वचनं श्रुत्वा विश्वामित्रो महामुनिः ।\nनिवासमकरोद् देशे विविक्ते सलिलान्विते ॥१-५०-५॥",
        "index": 5,
        "shloka_num": 5
    },
    {
        "text": "विश्वामित्रमनुप्राप्तं श्रुत्वा नृपवरस्तदा ।\nशतानन्दं पुरस्कृत्य पुरोहितमनिन्दितः ॥१-५०-६॥",
        "index": 6,
        "shloka_num": 6
    },
    {
        "text": "ऋत्विजोऽपि महात्मानस्त्वर्घ्यमादाय सत्वरम् ।\nप्रत्युज्जगाम सहसा विनयेन समन्वितः ॥१-५०-७॥",
        "index": 7,
        "shloka_num": 7
    },
    {
        "text": "विश्वामित्राय धर्मेण ददौ धर्मपुरस्कृतम् ।\nप्रतिगृह्य तु तां पूजां जनकस्य महात्मनः ॥१-५०-८॥",
        "index": 8,
        "shloka_num": 8
    },
    {
        "text": "पप्रच्छ कुशलं राज्ञो यज्ञस्य च निरामयम् ।\nस तांश्चाथ मुनीन् पृष्ट्वा सोपाध्यायपुरोधसः ॥१-५०-९॥",
        "index": 9,
        "shloka_num": 9
    },
    {
        "text": "यथार्हमृषिभिः सर्वैः समागच्छत् प्रहृष्टवत् ।\nअथ राजा मुनिश्रेष्ठं कृताञ्जलिरभाषत ॥१-५०-१०॥",
        "index": 10,
        "shloka_num": 10
    },
    {
        "text": "आसने भगवानास्तां सहैभिर्मुनिपुंगवैः ।\nजनकस्य वचः श्रुत्वा निषसाद महामुनिः ॥१-५०-११॥",
        "index": 11,
        "shloka_num": 11
    },
    {
        "text": "पुरोधा ऋत्विजश्चैव राजा च सहमन्त्रिभिः ।\nआसनेषु यथान्यायमुपविष्टाः समन्ततः ॥१-५०-१२॥",
        "index": 12,
        "shloka_num": 12
    },
    {
        "text": "दृष्ट्वा स नृपतिस्तत्र विश्वामित्रमथाब्रवीत् ।\nअद्य यज्ञसमृद्धिर्मे सफला दैवतैः कृता ॥१-५०-१३॥",
        "index": 13,
        "shloka_num": 13
    },
    {
        "text": "अद्य यज्ञफलं प्राप्तं भगवद्दर्शनान्मया ।\nधन्योऽस्म्यनुगृहीतोऽस्मि यस्य मे मुनिपुंगवः ॥१-५०-१४॥",
        "index": 14,
        "shloka_num": 14
    },
    {
        "text": "यज्ञोपसदनं ब्रह्मन् प्राप्तोऽसि मुनिभिः सह ।\nद्वादशाहं तु ब्रह्मर्षे दीक्षामाहुर्मनीषिणः ॥१-५०-१५॥",
        "index": 15,
        "shloka_num": 15
    },
    {
        "text": "ततो भागार्थिनो देवान् द्रष्टुमर्हसि कौशिक ।\nइत्युक्त्वा मुनिशार्दूलं प्रहृष्टवदनस्तदा ॥१-५०-१६॥",
        "index": 16,
        "shloka_num": 16
    },
    {
        "text": "पुनस्तं परिपप्रच्छ प्राञ्जलिः प्रयतो नृपः ।\nइमौ कुमारौ भद्रं ते देवतुल्यपराक्रमौ ॥१-५०-१७॥",
        "index": 17,
        "shloka_num": 17
    },
    {
        "text": "गजतुल्यगती वीरौ शार्दूलवृषभोपमौ ।\nपद्मपत्रविशालाक्षौ खड्गतूणीधनुर्धरौ ।\nअश्विनाविव रूपेण समुपस्थितयौवनौ ॥१-५०-१८॥",
        "index": 18,
        "shloka_num": 18
    },
    {
        "text": "यदृच्छयेव गां प्राप्तौ देवलोकादिवामरौ ।\nकथं पद्भ्यामिह प्राप्तौ किमर्थं कस्य वा मुने ॥१-५०-१९॥",
        "index": 19,
        "shloka_num": 19
    },
    {
        "text": "वरायुधधरौ वीरौ कस्य पुत्रौ महामुने ।\nभूषयन्ताविमं देशं चन्द्रसूर्याविवाम्बरम् ॥१-५०-२०॥",
        "index": 20,
        "shloka_num": 20
    },
    {
        "text": "परस्परस्य सदृशौ प्रमाणेङ्गितचेष्टितैः ।\nकाकपक्षधरौ वीरौ श्रोतुमिच्छामि तत्त्वतः ॥१-५०-२१॥",
        "index": 21,
        "shloka_num": 21
    },
    {
        "text": "तस्य तद् वचनं श्रुत्वा जनकस्य महात्मनः ।\nन्यवेदयदमेयात्मा पुत्रौ दशरथस्य तौ ॥१-५०-२२॥",
        "index": 22,
        "shloka_num": 22
    },
    {
        "text": "सिद्धाश्रमनिवासं च राक्षसानां वधं तथा ।\nतत्रागमनमव्यग्रं विशालायाश्च दर्शनम् ॥१-५०-२३॥",
        "index": 23,
        "shloka_num": 23
    },
    {
        "text": "अहल्यादर्शनं चैव गौतमेन समागमम् ।\nमहाधनुषि जिज्ञासां कर्तुमागमनं तथा ॥१-५०-२४॥",
        "index": 24,
        "shloka_num": 24
    },
    {
        "text": "एतत् सर्वं महातेजा जनकाय महात्मने ।\nनिवेद्य विररामाथ विश्वामित्रो महामुनिः ॥१-५०-२५॥",
        "index": 25,
        "shloka_num": 25
    },
    {
        "text": "इत्यार्षे श्रीमद्रामायणे वाल्मीकीये आदिकाव्ये बालकाण्डे जनकसमागमः नाम पञ्चाशः सर्गः ॥१-५०॥",
        "index": 26,
        "shloka_num": null
    }
]