[
    {
        "text": "अथ श्रीमद्वाल्मीकीयरामायणे बालकाण्डे शबलानिष्क्रयः नाम त्रिपञ्चाशः सर्गः ॥१-५३॥",
        "index": 0,
        "shloka_num": null
    },
    {
        "text": "एवमुक्ता वसिष्ठेन शबला शत्रुसूदन ।\nविदधे कामधुक् कामान् यस्य यस्येप्सितं यथा ॥१-५३-१॥",
        "index": 1,
        "shloka_num": 1
    },
    {
        "text": "इक्षून् मधूंस्तथा लाजान् मैरेयांश्च वरासवान् ।\nपानानि च महार्हाणि भक्ष्यांश्चोच्चावचानपि ॥१-५३-२॥",
        "index": 2,
        "shloka_num": 2
    },
    {
        "text": "उष्णाढ्यस्यौदनस्यात्र राशयः पर्वतोपमाः ।\nमृष्टान्यन्नानि सूपांश्च दधिकुल्यास्तथैव च ॥१-५३-३॥",
        "index": 3,
        "shloka_num": 3
    },
    {
        "text": "नानास्वादुरसानां च खाण्डवानां तथैव च ।\nभोजनानि सुपूर्णानि गौडानि च सहस्रशः ॥१-५३-४॥",
        "index": 4,
        "shloka_num": 4
    },
    {
        "text": "सर्वमासीत् सुसंतुष्टं हृष्टपुष्टजनायुतम् ।\nविश्वामित्रबलं राम वसिष्ठेन सुतर्पितम् ॥१-५३-५॥",
        "index": 5,
        "shloka_num": 5
    },
    {
        "text": "विश्वामित्रो हि राजर्षिर्हृष्टपुष्टस्तदाभवत् ।\nसान्तःपुरवरो राजा सब्राह्मणपुरोहितः ॥१-५३-६॥",
        "index": 6,
        "shloka_num": 6
    },
    {
        "text": "सामात्यो मन्त्रिसहितः सभृत्यः पूजितस्तदा ।\nयुक्तः परमहर्षेण वसिष्ठमिदमब्रवीत् ॥१-५३-७॥",
        "index": 7,
        "shloka_num": 7
    },
    {
        "text": "पूजितोऽहं त्वया ब्रह्मन् पूजार्हेण सुसत्कृतः ।\nश्रूयतामभिधास्यामि वाक्यं वाक्यविशारद ॥१-५३-८॥",
        "index": 8,
        "shloka_num": 8
    },
    {
        "text": "गवां शतसहस्रेण दीयतां शबला मम ।\nरत्नं हि भगवन्नेतद् रत्नहारी च पार्थिवः ॥१-५३-९॥",
        "index": 9,
        "shloka_num": 9
    },
    {
        "text": "तस्मान्मे शबलां देहि ममैषा धर्मतो द्विज ।\nएवमुक्तस्तु भगवान् वसिष्ठो मुनिपुंगवः ॥१-५३-१०॥",
        "index": 10,
        "shloka_num": 10
    },
    {
        "text": "विश्वामित्रेण धर्मात्मा प्रत्युवाच महीपतिम् ।\nनाहं शतसहस्रेण नापि कोटिशतैर्गवाम् ॥१-५३-११॥",
        "index": 11,
        "shloka_num": 11
    },
    {
        "text": "राजन् दास्यामि शबलां राशिभी रजतस्य वा ।\nन परित्यागमर्हेयं मत्सकाशादरिंदम ॥१-५३-१२॥",
        "index": 12,
        "shloka_num": 12
    },
    {
        "text": "शाश्वती शबला मह्यं कीर्तिरात्मवतो यथा ।\nअस्यां हव्यं च कव्यं च प्राणयात्रा तथैव च ॥१-५३-१३॥",
        "index": 13,
        "shloka_num": 13
    },
    {
        "text": "आयत्तमग्निहोत्रं च बलिर्होमस्तथैव च ।\nस्वाहाकारवषट्कारौ विद्याश्च विविधास्तथा ॥१-५३-१४॥",
        "index": 14,
        "shloka_num": 14
    },
    {
        "text": "आयत्तमत्र राजर्षे सर्वमेतन्न संशयः ।\nसर्वस्वमेतत् सत्येन मम तुष्टिकरी तथा ॥१-५३-१५॥",
        "index": 15,
        "shloka_num": 15
    },
    {
        "text": "कारणैर्बहुभी राजन् न दास्ये शबलां तव ।\nवसिष्ठेनैवमुक्तस्तु विश्वामित्रोऽब्रवीत् तदा ॥१-५३-१६॥",
        "index": 16,
        "shloka_num": 16
    },
    {
        "text": "संरब्धतरमत्यर्थं वाक्यं वाक्यविशारदः ।\nहैरण्यकक्षग्रैवेयान् सुवर्णाङ्कुशभूषितान् ॥१-५३-१७॥",
        "index": 17,
        "shloka_num": 17
    },
    {
        "text": "ददामि कुञ्जराणां ते सहस्राणि चतुर्दश ।\nहैरण्यानां रथानां च श्वेताश्वानां चतुर्युजाम् ॥१-५३-१८॥",
        "index": 18,
        "shloka_num": 18
    },
    {
        "text": "ददामि ते शतान्यष्टौ किंकिणीकविभूषितान् ।\nहयानां देशजातानां कुलजानां महौजसाम् ।\nसहस्रमेकं दश च ददामि तव सुव्रत ॥१-५३-१९॥",
        "index": 19,
        "shloka_num": 19
    },
    {
        "text": "नानावर्णविभक्तानां वयःस्थानां तथैव च ।\nददाम्येकां गवां कोटिं शबला दीयतां मम ॥१-५३-२०॥",
        "index": 20,
        "shloka_num": 20
    },
    {
        "text": "यावदिच्छसि रत्नानि हिरण्यं वा द्विजोत्तम ।\nतावद् ददामि ते सर्वं दीयतां शबला मम ॥१-५३-२१॥",
        "index": 21,
        "shloka_num": 21
    },
    {
        "text": "एवमुक्तस्तु भगवान् विश्वामित्रेण धीमता ।\nन दास्यामीति शबलां प्राह राजन् कथंचन ॥१-५३-२२॥",
        "index": 22,
        "shloka_num": 22
    },
    {
        "text": "एतदेव हि मे रत्नमेतदेव हि मे धनम् ।\nएतदेव हि सर्वस्वमेतदेव हि जीवितम् ॥१-५३-२३॥",
        "index": 23,
        "shloka_num": 23
    },
    {
        "text": "दर्शश्च पौर्णमासश्च यज्ञाश्चैवाप्तदक्षिणाः ।\nएतदेव हि मे राजन् विविधाश्च क्रियास्तथा ॥१-५३-२४॥",
        "index": 24,
        "shloka_num": 24
    },
    {
        "text": "अतोमूलाः क्रियाः सर्वा मम राजन् न संशयः ।\nबहुना किं प्रलापेन न दास्ये कामदोहिनीम् ॥१-५३-२५॥",
        "index": 25,
        "shloka_num": 25
    },
    {
        "text": "इत्यार्षे श्रीमद्रामायणे वाल्मीकीये आदिकाव्ये बालकाण्डे शबलानिष्क्रयः नाम त्रिपञ्चाशः सर्गः ॥१-५३॥",
        "index": 26,
        "shloka_num": null
    }
]