[
    {
        "text": "अथ श्रीमद्वाल्मीकीयरामायणे बालकाण्डे ब्रह्मतेजोबलम् नाम षट्पञ्चाशः सर्गः ॥१-५६॥",
        "index": 0,
        "shloka_num": null
    },
    {
        "text": "एवमुक्तो वसिष्ठेन विश्वामित्रो महाबलः ।\nआग्नेयमस्त्रमुद्दिश्य तिष्ठ तिष्ठेति चाब्रवीत् ॥१-५६-१॥",
        "index": 1,
        "shloka_num": 1
    },
    {
        "text": "ब्रह्मदण्डं समुद्यम्य कालदण्डमिवापरम् ।\nवसिष्ठो भगवान् क्रोधादिदं वचनमब्रवीत् ॥१-५६-२॥",
        "index": 2,
        "shloka_num": 2
    },
    {
        "text": "क्षत्रबन्धो स्थितोऽस्म्येष यद् बलं तद् विदर्शय ।\nनाशयाम्यद्य ते दर्पं शस्त्रस्य तव गाधिज ॥१-५६-३॥",
        "index": 3,
        "shloka_num": 3
    },
    {
        "text": "क्व च ते क्षत्रियबलं क्व च ब्रह्मबलं महत् ।\nपश्य ब्रह्मबलं दिव्यं मम क्षत्रियपांसन ॥१-५६-४॥",
        "index": 4,
        "shloka_num": 4
    },
    {
        "text": "तस्यास्त्रं गाधिपुत्रस्य घोरमाग्नेयमुत्तमम् ।\nब्रह्मदण्डेन तच्छान्तमग्नेर्वेग इवाम्भसा ॥१-५६-५॥",
        "index": 5,
        "shloka_num": 5
    },
    {
        "text": "वारुणं चैव रौद्रं च ऐन्द्रं पाशुपतं तथा ।\nऐषीकं चापि चिक्षेप कुपितो गाधिनन्दनः ॥१-५६-६॥",
        "index": 6,
        "shloka_num": 6
    },
    {
        "text": "मानवं मोहनं चैव गान्धर्वं स्वापनं तथा ।\nजृम्भणं मादनं चैव संतापनविलापने ॥१-५६-७॥",
        "index": 7,
        "shloka_num": 7
    },
    {
        "text": "शोषणं दारणं चैव वज्रमस्त्रं सुदुर्जयम् ।\nब्रह्मपाशं कालपाशं वारुणं पाशमेव च ॥१-५६-८॥",
        "index": 8,
        "shloka_num": 8
    },
    {
        "text": "पिनाकमस्त्रं दयितं शुष्कार्द्रे अशनी तथा ।\nदण्डास्त्रमथ पैशाचं क्रौञ्चमस्त्रं तथैव च ॥१-५६-९॥",
        "index": 9,
        "shloka_num": 9
    },
    {
        "text": "धर्मचक्रं कालचक्रं विष्णुचक्रं तथैव च ।\nवायव्यं मथनं चैव अस्त्रं हयशिरस्तथा ॥१-५६-१०॥",
        "index": 10,
        "shloka_num": 10
    },
    {
        "text": "शक्तिद्वयं च चिक्षेप कङ्कालं मुसलं तथा ।\nवैद्याधरं महास्त्रं च कालास्त्रमथ दारुणम् ॥१-५६-११॥",
        "index": 11,
        "shloka_num": 11
    },
    {
        "text": "त्रिशूलमस्त्रं घोरं च कापालमथ कङ्कणम् ।\nएतान्यस्त्राणि चिक्षेप सर्वाणि रघुनन्दन ॥१-५६-१२॥",
        "index": 12,
        "shloka_num": 12
    },
    {
        "text": "वसिष्ठे जपतां श्रेष्ठे तदद्भुतमिवाभवत् ।\nतानि सर्वाणि दण्डेन ग्रसते ब्रह्मणः सुतः ॥१-५६-१३॥",
        "index": 13,
        "shloka_num": 13
    },
    {
        "text": "तेषु शान्तेषु ब्रह्मास्त्रं क्षिप्तवान् गाधिनन्दनः ।\nतदस्त्रमुद्यतं दृष्ट्वा देवाः साग्निपुरोगमाः ॥१-५६-१४॥",
        "index": 14,
        "shloka_num": 14
    },
    {
        "text": "देवर्षयश्च सम्भ्रान्ता गन्धर्वाः समहोरगाः ।\nत्रैलोक्यमासीत् संत्रस्तं ब्रह्मास्त्रे समुदीरिते ॥१-५६-१५॥",
        "index": 15,
        "shloka_num": 15
    },
    {
        "text": "तदप्यस्त्रं महाघोरं ब्राह्मं ब्राह्मेण तेजसा ।\nवसिष्ठो ग्रसते सर्वं ब्रह्मदण्डेन राघव ॥१-५६-१६॥",
        "index": 16,
        "shloka_num": 16
    },
    {
        "text": "ब्रह्मास्त्रं ग्रसमानस्य वसिष्ठस्य महात्मनः ।\nत्रैलोक्यमोहनं रौद्रं रूपमासीत् सुदारुणम् ॥१-५६-१७॥",
        "index": 17,
        "shloka_num": 17
    },
    {
        "text": "रोमकूपेषु सर्वेषु वसिष्ठस्य महात्मनः ।\nमरीच्य इव निष्पेतुरग्नेर्धूमाकुलार्चिषः ॥१-५६-१८॥",
        "index": 18,
        "shloka_num": 18
    },
    {
        "text": "प्राज्वलद् ब्रह्मदण्डश्च वसिष्ठस्य करोद्यतः ।\nविधूम इव कालाग्नेर्यमदण्ड इवापरः ॥१-५६-१९॥",
        "index": 19,
        "shloka_num": 19
    },
    {
        "text": "ततोऽस्तुवन् मुनिगणा वसिष्ठं जपतां वरम् ।\nअमोघं ते बलं ब्रह्मंस्तेजो धारय तेजसा ॥१-५६-२०॥",
        "index": 20,
        "shloka_num": 20
    },
    {
        "text": "निगृहीतस्त्वया ब्रह्मन् विश्वामित्रो महाबलः ।\nअमोघं ते बलं श्रेष्ठ लोकाः सन्तु गतव्यथाः ॥१-५६-२१॥",
        "index": 21,
        "shloka_num": 21
    },
    {
        "text": "एवमुक्तो महातेजाः शमं चक्रे महाबलः ।\nविश्वामित्रो विनिकृतो विनिःश्वस्येदमब्रवीत् ॥१-५६-२२॥",
        "index": 22,
        "shloka_num": 22
    },
    {
        "text": "धिग् बलं क्षत्रियबलं ब्रह्मतेजोबलं बलम् ।\nएकेन ब्रह्मदण्डेन सर्वास्त्राणि हतानि मे ॥१-५६-२३॥",
        "index": 23,
        "shloka_num": 23
    },
    {
        "text": "तदेतत् प्रसमीक्ष्याहं प्रसन्नेन्द्रियमानसः ।\nतपो महत् समास्थास्ये यद् वै ब्रह्मत्वकारणम् ॥१-५६-२४॥",
        "index": 24,
        "shloka_num": 24
    },
    {
        "text": "इत्यार्षे श्रीमद्रामायणे वाल्मीकीये आदिकाव्ये बालकाण्डे ब्रह्मतेजोबलम् नाम षट्पञ्चाशः सर्गः ॥१-५६॥",
        "index": 25,
        "shloka_num": null
    }
]