[
    {
        "text": "अथ श्रीमद्वाल्मीकीयरामायणे बालकाण्डे त्रिशंकुयाजनप्रार्थना नाम सप्तपञ्चाशः सर्गः ॥१-५७॥",
        "index": 0,
        "shloka_num": null
    },
    {
        "text": "ततः संतप्तहृदयः स्मरन्निग्रहमात्मनः ।\nविनिःश्वस्य विनिःश्वस्य कृतवैरो महात्मना ॥१-५७-१॥",
        "index": 1,
        "shloka_num": 1
    },
    {
        "text": "स दक्षिणां दिशं गत्वा महिष्या सह राघव ।\nतताप परमं घोरं विश्वामित्रो महातपाः ॥१-५७-२॥",
        "index": 2,
        "shloka_num": 2
    },
    {
        "text": "फलमूलाशनो दान्तश्चचार परमं तपः ।\nअथास्य जज्ञिरे पुत्राः सत्यधर्मपरायणाः ॥१-५७-३॥",
        "index": 3,
        "shloka_num": 3
    },
    {
        "text": "हविष्पन्दो मधुष्पन्दो दृढनेत्रो महारथः ।\nपूर्णे वर्षसहस्रे तु ब्रह्मा लोकपितामहः ॥१-५७-४॥",
        "index": 4,
        "shloka_num": 4
    },
    {
        "text": "अब्रवीन्मधुरं वाक्यं विश्वामित्रं तपोधनम् ।\nजिता राजर्षिलोकास्ते तपसा कुशिकात्मज ॥१-५७-५॥",
        "index": 5,
        "shloka_num": 5
    },
    {
        "text": "अनेन तपसा त्वां हि राजर्षिरिति विद्महे ।\nएवमुक्त्वा महातेजा जगाम सह दैवतैः ॥१-५७-६॥",
        "index": 6,
        "shloka_num": 6
    },
    {
        "text": "त्रिविष्टपं ब्रह्मलोकं लोकानां परमेश्वरः ।\nविश्वामित्रोऽपि तच्छ्रुत्वा ह्रिया किंचिदवाङ्मुखः ॥१-५७-७॥",
        "index": 7,
        "shloka_num": 7
    },
    {
        "text": "दुःखेन महताविष्टः समन्युरिदमब्रवीत् ।\nतपश्च सुमहत् तप्तं राजर्षिरिति मां विदुः ॥१-५७-८॥",
        "index": 8,
        "shloka_num": 8
    },
    {
        "text": "देवाः सर्षिगणाः सर्वे नास्ति मन्ये तपः फलम् ।\nएवं निश्चित्य मनसा भूय एव महातपाः ॥१-५७-९॥",
        "index": 9,
        "shloka_num": 9
    },
    {
        "text": "तपश्चचार धर्मात्मा काकुत्स्थ परमात्मवान् ।\nएतस्मिन्नेव काले तु सत्यवादी जितेन्द्रियः ॥१-५७-१०॥",
        "index": 10,
        "shloka_num": 10
    },
    {
        "text": "त्रिशङ्कुरिति विख्यात इक्ष्वाकुकुलवर्धनः ।\nतस्य बुद्धिः समुत्पन्ना यजेयमिति राघव ॥१-५७-११॥",
        "index": 11,
        "shloka_num": 11
    },
    {
        "text": "गच्छेयं स्वशरीरेण देवतानां परां गतिम् ।\nवसिष्ठं स समाहूय कथयामास चिन्तितम् ॥१-५७-१२॥",
        "index": 12,
        "shloka_num": 12
    },
    {
        "text": "अशक्यमिति चाप्युक्तो वसिष्ठेन महात्मना ।\nप्रत्याख्यातो वसिष्ठेन स ययौ दक्षिणां दिशम् ॥१-५७-१३॥",
        "index": 13,
        "shloka_num": 13
    },
    {
        "text": "ततस्तत्कर्मसिद्ध्यर्थं पुत्रांस्तस्य गतो नृपः ।\nवासिष्ठा दीर्घतपसस्तपो यत्र हि तेपिरे ॥१-५७-१४॥",
        "index": 14,
        "shloka_num": 14
    },
    {
        "text": "त्रिशङ्कुस्तु महातेजाः शतं परमभास्वरम् ।\nवसिष्ठपुत्रान् ददृशे तप्यमानान् मनस्विनः ॥१-५७-१५॥",
        "index": 15,
        "shloka_num": 15
    },
    {
        "text": "सोऽभिगम्य महात्मानः सर्वानेव गुरोः सुतान् ।\nअभिवाद्यानुपूर्वेण ह्रिया किंचिदवाङ्मुखः ॥१-५७-१६॥",
        "index": 16,
        "shloka_num": 16
    },
    {
        "text": "अब्रवीत् स महात्मानः सर्वानेव कृताञ्जलिः ।\nशरणं वः प्रपन्नोऽहं शरण्यान् शरणं गतः ॥१-५७-१७॥",
        "index": 17,
        "shloka_num": 17
    },
    {
        "text": "प्रत्याख्यातो हि भद्रं वो वसिष्ठेन महात्मना ।\nयष्टुकामो महायज्ञं तदनुज्ञातुमर्हथ ॥१-५७-१८॥",
        "index": 18,
        "shloka_num": 18
    },
    {
        "text": "गुरुपुत्रानहं सर्वान् नमस्कृत्य प्रसादये ।\nशिरसा प्रणतो याचे ब्राह्मणांस्तपसि स्थितान् ॥१-५७-१९॥",
        "index": 19,
        "shloka_num": 19
    },
    {
        "text": "ते मां भवन्तः सिद्ध्यर्थं याजयन्तु समाहिताः ।\nसशरीरो यथाहं वै देवलोकमवाप्नुयाम् ॥१-५७-२०॥",
        "index": 20,
        "shloka_num": 20
    },
    {
        "text": "प्रत्याख्यातो वसिष्ठेन गतिमन्यां तपोधनाः ।\nगुरुपुत्रानृते सर्वान् नाहं पश्यामि कांचन ॥१-५७-२१॥",
        "index": 21,
        "shloka_num": 21
    },
    {
        "text": "इक्ष्वाकूणां हि सर्वेषां पुरोधाः परमा गतिः ।\nतस्मादनन्तरं सर्वे भवन्तो दैवतं मम ॥१-५७-२२॥",
        "index": 22,
        "shloka_num": 22
    },
    {
        "text": "इत्यार्षे श्रीमद्रामायणे वाल्मीकीये आदिकाव्ये बालकाण्डे त्रिशंकुयाजनप्रार्थना नाम सप्तपञ्चाशः सर्गः ॥१-५७॥",
        "index": 23,
        "shloka_num": null
    }
]