[
    {
        "text": "अथ श्रीमद्वाल्मीकीयरामायणे बालकाण्डे वासिष्ठशापः नाम एकोनषष्ठितमः सर्गः ॥१-५९॥",
        "index": 0,
        "shloka_num": null
    },
    {
        "text": "उक्तवाक्यं तु राजानं कृपया कुशिकात्मजः ।\nअब्रवीन्मधुरं वाक्यं साक्षाच्चण्डालतां गतम् ॥१-५९-१॥",
        "index": 1,
        "shloka_num": 1
    },
    {
        "text": "इक्ष्वाको स्वागतं वत्स जानामि त्वां सुधार्मिकम् ।\nशरणं ते प्रदास्यामि मा भैषीर्नृपपुंगव ॥१-५९-२॥",
        "index": 2,
        "shloka_num": 2
    },
    {
        "text": "अहमामन्त्रये सर्वान् महर्षीन् पुण्यकर्मणः ।\nयज्ञसाह्यकरान् राजंस्ततो यक्ष्यसि निर्वृतः ॥१-५९-३॥",
        "index": 3,
        "shloka_num": 3
    },
    {
        "text": "गुरुशापकृतं रूपं यदिदं त्वयि वर्तते ।\nअनेन सह रूपेण सशरीरो गमिष्यसि ॥१-५९-४॥",
        "index": 4,
        "shloka_num": 4
    },
    {
        "text": "हस्तप्राप्तमहं मन्ये स्वर्गं तव नराधिप ।\nयस्त्वं कौशिकमागम्य शरण्यं शरणागतः ॥१-५९-५॥",
        "index": 5,
        "shloka_num": 5
    },
    {
        "text": "एवमुक्त्वा महातेजाः पुत्रान् परमधार्मिकान् ।\nव्यादिदेश महाप्राज्ञान् यज्ञसम्भारकारणात् ॥१-५९-६॥",
        "index": 6,
        "shloka_num": 6
    },
    {
        "text": "सर्वान् शिष्यान् समाहूय वाक्यमेतदुवाच ह ।\nसर्वानृषीन् सवासिष्ठानानयध्वं ममाज्ञया ॥१-५९-७॥",
        "index": 7,
        "shloka_num": 7
    },
    {
        "text": "सशिष्यान् सुहृदश्चैव सर्त्विजः सुबहुश्रुतान् ।\nयदन्यो वचनं ब्रूयान्मद्वाक्यबलचोदितः ॥१-५९-८॥",
        "index": 8,
        "shloka_num": 8
    },
    {
        "text": "तत् सर्वमखिलेनोक्तं ममाख्येयमनादृतम् ।\nतस्य तद् वचनं श्रुत्वा दिशो जग्मुस्तदाज्ञया ॥१-५९-९॥",
        "index": 9,
        "shloka_num": 9
    },
    {
        "text": "आजग्मुरथ देशेभ्यः सर्वेभ्यो ब्रह्मवादिनः ।\nते च शिष्याः समागम्य मुनिं ज्वलिततेजसम् ॥१-५९-१०॥",
        "index": 10,
        "shloka_num": 10
    },
    {
        "text": "ऊचुश्च वचनं सर्वं सर्वेषां ब्रह्मवादिनाम् ।\nश्रुत्वा ते वचनं सर्वे समायान्ति द्विजातयः ॥१-५९-११॥",
        "index": 11,
        "shloka_num": 11
    },
    {
        "text": "सर्वदेशेषु चागच्छन् वर्जयित्वा महोदयम् ।\nवासिष्ठं यच्छतं सर्वं क्रोधपर्याकुलाक्षरम् ॥१-५९-१२॥",
        "index": 12,
        "shloka_num": 12
    },
    {
        "text": "यथाह वचनं सर्वं शृणु त्वं मुनिपुंगव ।\nक्षत्रियो याजको यस्य चण्डालस्य विशेषतः ॥१-५९-१३॥",
        "index": 13,
        "shloka_num": 13
    },
    {
        "text": "कथं सदसि भोक्तारो हविस्तस्य सुरर्षयः ।\nब्राह्मणा वा महात्मानो भुक्त्वा चाण्डालभोजनम् ॥१-५९-१४॥",
        "index": 14,
        "shloka_num": 14
    },
    {
        "text": "कथं स्वर्गं गमिष्यन्ति विश्वामित्रेण पालिताः ।\nएतद् वचननैष्ठुर्यमूचुः संरक्तलोचनाः ॥१-५९-१५॥",
        "index": 15,
        "shloka_num": 15
    },
    {
        "text": "वासिष्ठा मुनिशार्दूल सर्वे सहमहोदयाः ।\nतेषां तद् वचनं श्रुत्वा सर्वेषां मुनिपुंगवः ॥१-५९-१६॥",
        "index": 16,
        "shloka_num": 16
    },
    {
        "text": "क्रोधसंरक्तनयनः सरोषमिदमब्रवीत् ।\nयद् दूषयन्त्यदुष्टं मां तप उग्रं समास्थितम् ॥१-५९-१७॥",
        "index": 17,
        "shloka_num": 17
    },
    {
        "text": "भस्मीभूता दुरात्मानो भविष्यन्ति न संशयः ।\nअद्य ते कालपाशेन नीता वैवस्वतक्षयम् ॥१-५९-१८॥",
        "index": 18,
        "shloka_num": 18
    },
    {
        "text": "सप्तजातिशतान्येव मृतपाः सम्भवन्तु ते ।\nश्वमांसनियताहारा मुष्टिका नाम निर्घृणाः ॥१-५९-१९॥",
        "index": 19,
        "shloka_num": 19
    },
    {
        "text": "विकृताश्च विरूपाश्च लोकाननुचरन्त्विमान् ।\nमहोदयश्च दुर्बुद्धिर्मामदूष्यं ह्यदूषयत् ॥१-५९-२०॥",
        "index": 20,
        "shloka_num": 20
    },
    {
        "text": "दूषितः सर्वलोकेषु निषादत्वं गमिष्यति ।\nप्राणातिपातनिरतो निरनुक्रोशतां गतः ॥१-५९-२१॥",
        "index": 21,
        "shloka_num": 21
    },
    {
        "text": "दीर्घकालं मम क्रोधाद् दुर्गतिं वर्तयिष्यति ।\nएतावदुक्त्वा वचनं विश्वामित्रो महातपाः ।\nविरराम महातेजा ऋषिमध्ये महामुनिः ॥१-५९-२२॥",
        "index": 22,
        "shloka_num": 22
    },
    {
        "text": "इत्यार्षे श्रीमद्रामायणे वाल्मीकीये आदिकाव्ये बालकाण्डे वासिष्ठशापः नाम एकोनषष्ठितमः सर्गः ॥१-५९॥",
        "index": 23,
        "shloka_num": null
    }
]