[
    {
        "text": "अथ श्रीमद्वाल्मीकीयरामायणे बालकाण्डे मेनकानिर्वासः नाम त्रिषष्ठितमः सर्गः ॥१-६३॥",
        "index": 0,
        "shloka_num": null
    },
    {
        "text": "पूर्णे वर्षसहस्रे तु व्रतस्नातं महामुनिम् ।\nअभ्यगच्छन् सुराः सर्वे तपः फलचिकीर्षवः ॥१-६३-१॥",
        "index": 1,
        "shloka_num": 1
    },
    {
        "text": "अब्रवीत् सुमहातेजा ब्रह्मा सुरुचिरं वचः ।\nऋषिस्त्वमसि भद्रं ते स्वार्जितैः कर्मभिः शुभैः ॥१-६३-२॥",
        "index": 2,
        "shloka_num": 2
    },
    {
        "text": "तमेवमुक्त्वा देवेशस्त्रिदिवं पुनरभ्यगात् ।\nविश्वामित्रो महातेजा भूयस्तेपे महत् तपः ॥१-६३-३॥",
        "index": 3,
        "shloka_num": 3
    },
    {
        "text": "ततः कालेन महता मेनका परमाप्सराः ।\nपुष्करेषु नरश्रेष्ठ स्नातुं समुपचक्रमे ॥१-६३-४॥",
        "index": 4,
        "shloka_num": 4
    },
    {
        "text": "तां ददर्श महातेजा मेनकां कुशिकात्मजः ।\nरूपेणाप्रतिमां तत्र विद्युतं जलदे यथा ॥१-६३-५॥",
        "index": 5,
        "shloka_num": 5
    },
    {
        "text": "कन्दर्पदर्पवशगो मुनिस्तामिदमब्रवीत् ।\nअप्सरः स्वागतं तेऽस्तु वस चेह ममाश्रमे ॥१-६३-६॥",
        "index": 6,
        "shloka_num": 6
    },
    {
        "text": "अनुगृह्णीष्व भद्रं ते मदनेन विमोहितम् ।\nइत्युक्ता सा वरारोहा तत्र वासमथाकरोत् ॥१-६३-७॥",
        "index": 7,
        "shloka_num": 7
    },
    {
        "text": "तपसो हि महाविघ्नो विश्वामित्रमुपागमत् ।\nतस्यां वसन्त्यां वर्षाणि पञ्च पञ्च च राघव ॥१-६३-८॥",
        "index": 8,
        "shloka_num": 8
    },
    {
        "text": "विश्वामित्राश्रमे सौम्ये सुखेन व्यतिचक्रमुः ।\nअथ काले गते तस्मिन् विश्वामित्रो महामुनिः ॥१-६३-९॥",
        "index": 9,
        "shloka_num": 9
    },
    {
        "text": "सव्रीड इव संवृत्तश्चिन्ताशोकपरायणः ।\nबुद्धिर्मुनेः समुत्पन्ना सामर्षा रघुनन्दन ॥१-६३-१०॥",
        "index": 10,
        "shloka_num": 10
    },
    {
        "text": "सर्वं सुराणां कर्मैतत् तपोऽपहरणं महत् ।\nअहोरात्रापदेशेन गताः संवत्सरा दश ॥१-६३-११॥",
        "index": 11,
        "shloka_num": 11
    },
    {
        "text": "काममोहाभिभूतस्य विघ्नोऽयं प्रत्युपस्थितः ।\nस निःश्वसन् मुनिवरः पश्चात्तापेन दुःखितः ॥१-६३-१२॥",
        "index": 12,
        "shloka_num": 12
    },
    {
        "text": "भीतामप्सरसं दृष्ट्वा वेपन्तीं प्राञ्जलिं स्थिताम् ।\nमेनकां मधुरैर्वाक्यैर्विसृज्य कुशिकात्मजः ॥१-६३-१३॥",
        "index": 13,
        "shloka_num": 13
    },
    {
        "text": "उत्तरं पर्वतं राम विश्वामित्रो जगाम ह ।\nस कृत्वा नैष्ठिकीं बुद्धिं जेतुकामो महायशाः ॥१-६३-१४॥",
        "index": 14,
        "shloka_num": 14
    },
    {
        "text": "कौशिकीतीरमासाद्य तपस्तेपे दुरासदम् ।\nतस्य वर्षसहस्राणि घोरं तप उपासतः ॥१-६३-१५॥",
        "index": 15,
        "shloka_num": 15
    },
    {
        "text": "उत्तरे पर्वते राम देवतानामभूद् भयम् ।\nआमन्त्रयन् समागम्य सर्वे सर्षिगणाः सुराः ॥१-६३-१६॥",
        "index": 16,
        "shloka_num": 16
    },
    {
        "text": "महर्षिशब्दं लभतां साध्वयं कुशिकात्मजः ।\nदेवतानां वचः श्रुत्वा सर्वलोकपितामहः ॥१-६३-१७॥",
        "index": 17,
        "shloka_num": 17
    },
    {
        "text": "अब्रवीन्मधुरं वाक्यं विश्वामित्रं तपोधनम् ।\nमहर्षे स्वागतं वत्स तपसोग्रेण तोषितः ॥१-६३-१८॥",
        "index": 18,
        "shloka_num": 18
    },
    {
        "text": "महत्त्वमृषिमुख्यत्वं ददामि तव कौशिक ।\nब्रह्मणस्तु वचः श्रुत्वा विश्वामित्रस्तपोधनः ॥१-६३-१९॥",
        "index": 19,
        "shloka_num": 19
    },
    {
        "text": "प्राञ्जलिः प्रणतो भूत्वा प्रत्युवाच पितामहम् ।\nब्रह्मर्षिशब्दमतुलं स्वार्जितैः कर्मभिः शुभैः ॥१-६३-२०॥",
        "index": 20,
        "shloka_num": 20
    },
    {
        "text": "यदि मे भगवन्नाह ततोऽहं विजितेन्द्रियः ।\nतमुवाच ततो ब्रह्मा न तावत् त्वं जितेन्द्रियः ॥१-६३-२१॥",
        "index": 21,
        "shloka_num": 21
    },
    {
        "text": "यतस्व मुनिशार्दूल इत्युक्त्वा त्रिदिवं गतः ।\nविप्रस्थितेषु देवेषु विश्वामित्रो महामुनिः ॥१-६३-२२॥",
        "index": 22,
        "shloka_num": 22
    },
    {
        "text": "ऊर्ध्वबाहुर्निरालम्बो वायुभक्षस्तपश्चरन् ।\nघर्मे पञ्चतपा भूत्वा वर्षास्वाकाशसंश्रयः ॥१-६३-२३॥",
        "index": 23,
        "shloka_num": 23
    },
    {
        "text": "शिशिरे सलिलेशायी रात्र्यहानि तपोधनः ।\nएवं वर्षसहस्रं हि तपो घोरमुपागमत् ॥१-६३-२४॥",
        "index": 24,
        "shloka_num": 24
    },
    {
        "text": "तस्मिन् संतप्यमाने तु विश्वामित्रे महामुनौ ।\nसंतापः सुमहानासीत् सुराणां वासवस्य च ॥१-६३-२५॥",
        "index": 25,
        "shloka_num": 25
    },
    {
        "text": "रम्भामप्सरसं शक्रः सर्वैः सह मरुद्गणैः ।\nउवाचात्महितं वाक्यमहितं कौशिकस्य च ॥१-६३-२६॥",
        "index": 26,
        "shloka_num": 26
    },
    {
        "text": "इत्यार्षे श्रीमद्रामायणे वाल्मीकीये आदिकाव्ये बालकाण्डे मेनकानिर्वासः नाम त्रिषष्ठितमः सर्गः ॥१-६३॥",
        "index": 27,
        "shloka_num": null
    }
]