[
    {
        "text": "अथ श्रीमद्वाल्मीकीयरामायणे बालकाण्डे कन्यावरणम् नाम सप्ततितमः सर्गः ॥१-७०॥",
        "index": 0,
        "shloka_num": null
    },
    {
        "text": "ततः प्रभाते जनकः कृतकर्मा महर्षिभिः ।\nउवाच वाक्यं वाक्यज्ञः शतानन्दं पुरोहितम् ॥१-७०-१॥",
        "index": 1,
        "shloka_num": 1
    },
    {
        "text": "भ्राता मम महातेजा वीर्यवानतिधार्मिकः ।\nकुशध्वज इति ख्यातः पुरीमध्यवसच्छुभाम् ॥१-७०-२॥",
        "index": 2,
        "shloka_num": 2
    },
    {
        "text": "वार्याफलकपर्यन्तां पिबन्निक्षुमतीं नदीम् ।\nसांकाश्यां पुण्यसंकाशां विमानमिव पुष्पकम् ॥१-७०-३॥",
        "index": 3,
        "shloka_num": 3
    },
    {
        "text": "तमहं द्रष्टुमिच्छामि यज्ञगोप्ता स मे मतः ।\nप्रीतिं सोऽपि महातेजा इमां भोक्ता मया सह ॥१-७०-४॥",
        "index": 4,
        "shloka_num": 4
    },
    {
        "text": "एवमुक्ते तु वचने शतानन्दस्य संनिधौ ।\nआगताः केचिदव्यग्रा जनकस्तान् समादिशत् ॥१-७०-५॥",
        "index": 5,
        "shloka_num": 5
    },
    {
        "text": "शासनात् तु नरेन्द्रस्य प्रययुः शीघ्रवाजिभिः ।\nसमानेतुं नरव्याघ्रं विष्णुमिन्द्राज्ञया यथा ॥१-७०-६॥",
        "index": 6,
        "shloka_num": 6
    },
    {
        "text": "सांकाश्यां ते समागम्य ददृशुश्च कुशध्वजम् ।\nन्यवेदयन् यथावृत्तं जनकस्य च चिन्तितम् ॥१-७०-७॥",
        "index": 7,
        "shloka_num": 7
    },
    {
        "text": "तद्वृत्तं नृपतिः श्रुत्वा दूतश्रेष्ठैर्महाजवैः ।\nआज्ञया तु नरेन्द्रस्य आजगाम कुशध्वजः ॥१-७०-८॥",
        "index": 8,
        "shloka_num": 8
    },
    {
        "text": "स ददर्श महात्मानं जनकं धर्मवत्सलम् ।\nसोऽभिवाद्य शतानन्दं जनकं चातिधार्मिकम् ॥१-७०-९॥",
        "index": 9,
        "shloka_num": 9
    },
    {
        "text": "राजार्हं परमं दिव्यमासनं सोऽध्यरोहत ।\nउपविष्टावुभौ तौ तु भ्रातरावमितद्युती ॥१-७०-१०॥",
        "index": 10,
        "shloka_num": 10
    },
    {
        "text": "प्रेषयामासतुर्वीरौ मन्त्रिश्रेष्ठं सुदामनम् ।\nगच्छ मन्त्रिपते शीघ्रमिक्ष्वाकुममितप्रभम् ॥१-७०-११॥",
        "index": 11,
        "shloka_num": 11
    },
    {
        "text": "आत्मजैः सह दुर्धर्षमानयस्व समन्त्रिणम् ।\nऔपकार्यां स गत्वा तु रघूणां कुलवर्धनम् ॥१-७०-१२॥",
        "index": 12,
        "shloka_num": 12
    },
    {
        "text": "ददर्श शिरसा चैनमभिवाद्येदमब्रवीत् ।\nअयोध्याधिपते वीर वैदेहो मिथिलाधिपः ॥१-७०-१३॥",
        "index": 13,
        "shloka_num": 13
    },
    {
        "text": "स त्वां द्रष्टुं व्यवसितः सोपाध्यायपुरोहितम् ।\nमन्त्रिश्रेष्ठवचः श्रुत्वा राजा सर्षिगणस्तथा ॥१-७०-१४॥",
        "index": 14,
        "shloka_num": 14
    },
    {
        "text": "सबन्धुरगमत् तत्र जनको यत्र वर्तते ।\nराजा च मन्त्रिसहितः सोपाध्यायः सबान्धवः ॥१-७०-१५॥",
        "index": 15,
        "shloka_num": 15
    },
    {
        "text": "वाक्यं वाक्यविदां श्रेष्ठो वैदेहमिदमब्रवीत् ।\nविदितं ते महाराज इक्ष्वाकुकुलदैवतम् ॥१-७०-१६॥",
        "index": 16,
        "shloka_num": 16
    },
    {
        "text": "वक्ता सर्वेषु कृत्येषु वसिष्ठो भगवानृषिः ।\nविश्वामित्राभ्यनुज्ञातः सह सर्वैर्महर्षिभिः ॥१-७०-१७॥",
        "index": 17,
        "shloka_num": 17
    },
    {
        "text": "एष वक्ष्यति धर्मात्मा वसिष्ठो मे यथाक्रमम् ।\nतूष्णींभूते दशरथे वसिष्ठो भगवानृषिः ॥१-७०-१८॥",
        "index": 18,
        "shloka_num": 18
    },
    {
        "text": "उवाच वाक्यं वाक्यज्ञो वैदेहं सपुरोधसम् ।\nअव्यक्तप्रभवो ब्रह्मा शाश्वतो नित्य अव्ययः ॥१-७०-१९॥",
        "index": 19,
        "shloka_num": 19
    },
    {
        "text": "तस्मान्मरीचिः संजज्ञे मरीचेः कश्यपः सुतः ।\nविवस्वान् कश्यपाज्जज्ञे मनुर्वैवस्वतः स्मृतः ॥१-७०-२०॥",
        "index": 20,
        "shloka_num": 20
    },
    {
        "text": "मनुः प्रजापतिः पूर्वमिक्ष्वाकुश्च मनोः सुतः ।\nतमिक्ष्वाकुमयोध्यायां राजानं विद्धि पूर्वकम् ॥१-७०-२१॥",
        "index": 21,
        "shloka_num": 21
    },
    {
        "text": "इक्ष्वाकोस्तु सुतः श्रीमान् कुक्षिरित्येव विश्रुतः ।\nकुक्षेरथात्मजः श्रीमान् विकुक्षिरुदपद्यत ॥१-७०-२२॥",
        "index": 22,
        "shloka_num": 22
    },
    {
        "text": "विकुक्षेस्तु महातेजा बाणः पुत्रः प्रतापवान् ।\nबाणस्य तु महातेजा अनरण्यः प्रतापवान् ॥१-७०-२३॥",
        "index": 23,
        "shloka_num": 23
    },
    {
        "text": "अनरण्यात् पृथुर्जज्ञे त्रिशङ्कुस्तु पृथोरपि ।\nत्रिशङ्कोरभवत् पुत्रो धुन्धुमारो महायशाः ॥१-७०-२४॥",
        "index": 24,
        "shloka_num": 24
    },
    {
        "text": "धुन्धुमारान्महातेजा युवनाश्वो महारथः ।\nयुवनाश्वसुतश्चासीन्मान्धाता पृथिवीपतिः ॥१-७०-२५॥",
        "index": 25,
        "shloka_num": 25
    },
    {
        "text": "मान्धातुस्तु सुतः श्रीमान् सुसन्धिरुदपद्यत ।\nसुसन्धेरपि पुत्रौ द्वौ ध्रुवसन्धिः प्रसेनजित् ॥१-७०-२६॥",
        "index": 26,
        "shloka_num": 26
    },
    {
        "text": "यशस्वी ध्रुवसन्धेस्तु भरतो नाम नामतः ।\nभरतात् तु महातेजा असितो नाम जायत ॥१-७०-२७॥",
        "index": 27,
        "shloka_num": 27
    },
    {
        "text": "यस्यैते प्रतिराजान उदपद्यन्त शत्रवः ।\nहैहयास्तालजङ्घाश्च शूराश्च शशबिन्दवः ॥१-७०-२८॥",
        "index": 28,
        "shloka_num": 28
    },
    {
        "text": "तांश्च स प्रतियुध्यन् वै युद्धे राजा प्रवासितः ।\nहिमवन्तमुपागम्य भार्याभ्यां सहितस्तदा ॥१-७०-२९॥",
        "index": 29,
        "shloka_num": 29
    },
    {
        "text": "असितोऽल्पबलो राजा कालधर्ममुपेयिवान् ।\nद्वे चास्य भार्ये गर्भिण्यौ बभूवतुरिति श्रुतिः ॥१-७०-३०॥",
        "index": 30,
        "shloka_num": 30
    },
    {
        "text": "एका गर्भविनाशार्थं सपत्न्यै सगरं ददौ ।\nततः शैलवरे रम्ये बभूवाभिरतो मुनिः ॥१-७०-३१॥",
        "index": 31,
        "shloka_num": 31
    },
    {
        "text": "भार्गवश्च्यवनो नाम हिमवन्तमुपाश्रितः ।\nतत्र चैका महाभागा भार्गवं देववर्चसम् ॥१-७०-३२॥",
        "index": 32,
        "shloka_num": 32
    },
    {
        "text": "ववन्दे पद्मपत्राक्षी कांक्षन्ती सुतमुत्तमम् ।\nतमृषिं साभ्युपागम्य कालिन्दी चाभ्यवादयत् ॥१-७०-३३॥",
        "index": 33,
        "shloka_num": 33
    },
    {
        "text": "स तामभ्यवदद् विप्रः पुत्रेप्सुं पुत्रजन्मनि ।\nतव कुक्षौ महाभागे सुपुत्रः सुमहाबलः ॥१-७०-३४॥",
        "index": 34,
        "shloka_num": 34
    },
    {
        "text": "महावीर्यो महातेजा अचिरात् संजनिष्यति ।\nगरेण सहितः श्रीमान् मा शुचः कमलेक्षणे ॥१-७०-३५॥",
        "index": 35,
        "shloka_num": 35
    },
    {
        "text": "च्यवनं च नमस्कृत्य राजपुत्री पतिव्रता ।\nपत्या विरहिता तस्मात् पुत्रं देवी व्यजायत ॥१-७०-३६॥",
        "index": 36,
        "shloka_num": 36
    },
    {
        "text": "सपत्न्या तु गरस्तस्यै दत्तो गर्भजिघांसया ।\nसह तेन गरेणैव संजातः सगरोऽभवत् ॥१-७०-३७॥",
        "index": 37,
        "shloka_num": 37
    },
    {
        "text": "सगरस्यासमञ्जस्तु असमञ्जादथांशुमान् ।\nदिलीपोंऽशुमतः पुत्रो दिलीपस्य भगीरथः ॥१-७०-३८॥",
        "index": 38,
        "shloka_num": 38
    },
    {
        "text": "भगीरथात् ककुत्स्थश्च ककुत्स्थाच्च रघुस्तथा ।\nरघोस्तु पुत्रस्तेजस्वी प्रवृद्धः पुरुषादकः ॥१-७०-३९॥",
        "index": 39,
        "shloka_num": 39
    },
    {
        "text": "कल्माषपादोऽप्यभवत् तस्माज्जातस्तु शङ्खणः ।\nसुदर्शनः शङ्खणस्य अग्निवर्णः सुदर्शनात् ॥१-७०-४०॥",
        "index": 40,
        "shloka_num": 40
    },
    {
        "text": "शीघ्रगस्त्वग्निवर्णस्य शीघ्रगस्य मरुः सुतः ।\nमरोः प्रशुश्रुकस्त्वासीदम्बरीषः प्रशुश्रुकात् ॥१-७०-४१॥",
        "index": 41,
        "shloka_num": 41
    },
    {
        "text": "अम्बरीषस्य पुत्रोऽभून्नहुषश्च महीपतिः ।\nनहुषस्य ययातिस्तु नाभागस्तु ययातिजः ॥१-७०-४२॥",
        "index": 42,
        "shloka_num": 42
    },
    {
        "text": "नाभागस्य बभूवाज अजाद् दशरथोऽभवत् ।\nअस्माद् दशरथाज्जातौ भ्रातरौ रामलक्ष्मणौ ॥१-७०-४३॥",
        "index": 43,
        "shloka_num": 43
    },
    {
        "text": "आदिवंशविशुद्धानां राज्ञां परमधर्मिणाम् ।\nइक्ष्वाकुकुलजातानां वीराणां सत्यवादिनाम् ॥१-७०-४४॥",
        "index": 44,
        "shloka_num": 44
    },
    {
        "text": "रामलक्ष्मणयोरर्थे त्वत्सुते वरये नृप ।\nसदृशाभ्यां नरश्रेष्ठ सदृशे दातुमर्हसि ॥१-७०-४५॥",
        "index": 45,
        "shloka_num": 45
    },
    {
        "text": "इत्यार्षे श्रीमद्रामायणे वाल्मीकीये आदिकाव्ये बालकाण्डे कन्यावरणम् नाम सप्ततितमः सर्गः ॥१-७०॥",
        "index": 46,
        "shloka_num": null
    }
]