[
    {
        "text": "अथ श्रीमद्वाल्मीकीयरामायणे बालकाण्डे कन्यादानप्रतिश्रवः नाम एकसप्ततितमः सर्गः ॥१-७१॥",
        "index": 0,
        "shloka_num": null
    },
    {
        "text": "एवं ब्रुवाणं जनकः प्रत्युवाच कृताञ्जलिः ।\nश्रोतुमर्हसि भद्रं ते कुलं नः परिकीर्तितम् ॥१-७१-१॥",
        "index": 1,
        "shloka_num": 1
    },
    {
        "text": "प्रदाने हि मुनिश्रेष्ठ कुलं निरवशेषतः ।\nवक्तव्यं कुलजातेन तन्निबोध महामते ॥१-७१-२॥",
        "index": 2,
        "shloka_num": 2
    },
    {
        "text": "राजाभूत् त्रिषु लोकेषु विश्रुतः स्वेन कर्मणा ।\nनिमिः परमधर्मात्मा सर्वसत्त्ववतां वरः ॥१-७१-३॥",
        "index": 3,
        "shloka_num": 3
    },
    {
        "text": "तस्य पुत्रो मिथिर्नाम जनको मिथिपुत्रकः ।\nप्रथमो जनको राजा जनकादप्युदावसुः ॥१-७१-४॥",
        "index": 4,
        "shloka_num": 4
    },
    {
        "text": "उदावसोस्तु धर्मात्मा जातो वै नन्दिवर्धनः ।\nनन्दिवर्धसुतः शूरः सुकेतुर्नाम नामतः ॥१-७१-५॥",
        "index": 5,
        "shloka_num": 5
    },
    {
        "text": "सुकेतोरपि धर्मात्मा देवरातो महाबलः ।\nदेवरातस्य राजर्षेर्बृहद्रथ इति स्मृतः ॥१-७१-६॥",
        "index": 6,
        "shloka_num": 6
    },
    {
        "text": "बृहद्रथस्य शूरोऽभून्महावीरः प्रतापवान् ।\nमहावीरस्य धृतिमान् सुधृतिः सत्यविक्रमः ॥१-७१-७॥",
        "index": 7,
        "shloka_num": 7
    },
    {
        "text": "सुधृतेरपि धर्मात्मा धृष्टकेतुः सुधार्मिकः ।\nधृष्टकेतोश्च राजर्षेर्हर्यश्व इति विश्रुतः ॥१-७१-८॥",
        "index": 8,
        "shloka_num": 8
    },
    {
        "text": "हर्यश्वस्य मरुः पुत्रो मरोः पुत्रः प्रतीन्धकः ।\nप्रतीन्धकस्य धर्मात्मा राजा कीर्तिरथः सुतः ॥१-७१-९॥",
        "index": 9,
        "shloka_num": 9
    },
    {
        "text": "पुत्रः कीर्तिरथस्यापि देवमीढ इति स्मृतः ।\nदेवमीढस्य विबुधो विबुधस्य महीध्रकः ॥१-७१-१०॥",
        "index": 10,
        "shloka_num": 10
    },
    {
        "text": "महीध्रकसुतो राजा कीर्तिरातो महाबलः ।\nकीर्तिरातस्य राजर्षेर्महारोमा व्यजायत ॥१-७१-११॥",
        "index": 11,
        "shloka_num": 11
    },
    {
        "text": "महारोम्णस्तु धर्मात्मा स्वर्णरोमा व्यजायत ।\nस्वर्णरोम्णस्तु राजर्षेर्ह्रस्वरोमा व्यजायत ॥१-७१-१२॥",
        "index": 12,
        "shloka_num": 12
    },
    {
        "text": "तस्य पुत्रद्वयं राज्ञो धर्मज्ञस्य महात्मनः ।\nज्येष्ठोऽहमनुजो भ्राता मम वीरः कुशध्वजः ॥१-७१-१३॥",
        "index": 13,
        "shloka_num": 13
    },
    {
        "text": "मां तु ज्येष्ठं पिता राज्ये सोऽभिषिच्य पिता मम ।\nकुशध्वजं समावेश्य भारं मयि वनं गतः ॥१-७१-१४॥",
        "index": 14,
        "shloka_num": 14
    },
    {
        "text": "वृद्धे पितरि स्वर्याते धर्मेण धुरमावहम् ।\nभ्रातरं देवसंकाशं स्नेहात् पश्यन् कुशध्वजम् ॥१-७१-१५॥",
        "index": 15,
        "shloka_num": 15
    },
    {
        "text": "कस्यचित्त्वथ कालस्य सांकाश्यादागतः पुरात् ।\nसुधन्वा वीर्यवान् राजा मिथिलामवरोधकः ॥१-७१-१६॥",
        "index": 16,
        "shloka_num": 16
    },
    {
        "text": "स च मे प्रेषयामास शैवं धनुरनुत्तमम् ।\nसीता च कन्या पद्माक्षी मह्यं वै दीयतामिति ॥१-७१-१७॥",
        "index": 17,
        "shloka_num": 17
    },
    {
        "text": "तस्याप्रदानान्महर्षे युद्धमासीन्मया सह ।\nस हतोऽभिमुखो राजा सुधन्वा तु मया रणे ॥१-७१-१८॥",
        "index": 18,
        "shloka_num": 18
    },
    {
        "text": "निहत्य तं मुनिश्रेष्ठ सुधन्वानं नराधिपम् ।\nसांकाश्ये भ्रातरं शूरमभ्यषिञ्चं कुशध्वजम् ॥१-७१-१९॥",
        "index": 19,
        "shloka_num": 19
    },
    {
        "text": "कनीयानेष मे भ्राता अहं ज्येष्ठो महामुने ।\nददामि परमप्रीतो वध्वौ ते मुनिपुंगव ॥१-७१-२०॥",
        "index": 20,
        "shloka_num": 20
    },
    {
        "text": "सीतां रामाय भद्रं ते ऊर्मिलां लक्ष्मणाय वै ।\nवीर्यशुल्कां मम सुतां सीतां सुरसुतोपमाम् ॥१-७१-२१॥",
        "index": 21,
        "shloka_num": 21
    },
    {
        "text": "द्वितीयामूर्मिलां चैव त्रिर्वदामि न संशयः ।\nददामि परमप्रीतो वध्वौ ते मुनिपुंगव ॥१-७१-२२॥",
        "index": 22,
        "shloka_num": 22
    },
    {
        "text": "रामलक्ष्मणयो राजन् गोदानं कारयस्व ह ।\nपितृकार्यं च भद्रं ते ततो वैवाहिकं कुरु ॥१-७१-२३॥",
        "index": 23,
        "shloka_num": 23
    },
    {
        "text": "मघा ह्यद्य महाबाहो तृतीयदिवसे प्रभो ।\nफल्गुन्यामुत्तरे राजंस्तस्मिन् वैवाहिकं कुरु ।\nरामलक्ष्मणयोरर्थे दानं कार्यं सुखोदयम् ॥१-७१-२४॥",
        "index": 24,
        "shloka_num": 24
    },
    {
        "text": "इत्यार्षे श्रीमद्रामायणे वाल्मीकीये आदिकाव्ये बालकाण्डे कन्यादानप्रतिश्रवः नाम एकसप्ततितमः सर्गः ॥१-७१॥",
        "index": 25,
        "shloka_num": null
    }
]