[
    {
        "text": "अथ श्रीमद्वाल्मीकीयरामायणे बालकाण्डे गोदानमङ्गलम् नाम द्विसप्ततितमः सर्गः ॥१-७२॥",
        "index": 0,
        "shloka_num": null
    },
    {
        "text": "तमुक्तवन्तं वैदेहं विश्वामित्रो महामुनिः ।\nउवाच वचनं वीरं वसिष्ठसहितो नृपम् ॥१-७२-१॥",
        "index": 1,
        "shloka_num": 1
    },
    {
        "text": "अचिन्त्यान्यप्रमेयाणि कुलानि नरपुंगव ।\nइक्ष्वाकूणां विदेहानां नैषां तुल्योऽस्ति कश्चन ॥१-७२-२॥",
        "index": 2,
        "shloka_num": 2
    },
    {
        "text": "सदृशो धर्मसम्बन्धः सदृशो रूपसम्पदा ।\nरामलक्ष्मणयो राजन् सीता चोर्मिलया सह ॥१-७२-३॥",
        "index": 3,
        "shloka_num": 3
    },
    {
        "text": "वक्तव्यं च नरश्रेष्ठ श्रूयतां वचनं मम ।\nभ्राता यवीयान् धर्मज्ञ एष राजा कुशध्वजः ॥१-७२-४॥",
        "index": 4,
        "shloka_num": 4
    },
    {
        "text": "अस्य धर्मात्मनो राजन् रूपेणाप्रतिमं भुवि ।\nसुताद्वयं नरश्रेष्ठ पत्न्यर्थं वरयामहे ॥१-७२-५॥",
        "index": 5,
        "shloka_num": 5
    },
    {
        "text": "भरतस्य कुमारस्य शत्रुघ्नस्य च धीमतः ।\nवरये ते सुते राजंस्तयोरर्थे महात्मनोः ॥१-७२-६॥",
        "index": 6,
        "shloka_num": 6
    },
    {
        "text": "पुत्रा दशरथस्येमे रूपयौवनशालिनः ।\nलोकपालसमाः सर्वे देवतुल्यपराक्रमाः ॥१-७२-७॥",
        "index": 7,
        "shloka_num": 7
    },
    {
        "text": "उभयोरपि राजेन्द्र सम्बन्धेनानुबध्यताम् ।\nइक्ष्वाकुकुलमव्यग्रं भवतः पुण्यकर्मणः ॥१-७२-८॥",
        "index": 8,
        "shloka_num": 8
    },
    {
        "text": "विश्वामित्रवचः श्रुत्वा वसिष्ठस्य मते तदा ।\nजनकः प्राञ्जलिर्वाक्यमुवाच मुनिपुंगवौ ॥१-७२-९॥",
        "index": 9,
        "shloka_num": 9
    },
    {
        "text": "कुलं धन्यमिदं मन्ये येषां तौ मुनिपुंगवौ ।\nसदृशं कुलसम्बन्धं यदाज्ञापयतः स्वयम् ॥१-७२-१०॥",
        "index": 10,
        "shloka_num": 10
    },
    {
        "text": "एवं भवतु भद्रं वः कुशध्वजसुते इमे ।\nपत्न्यौ भजेतां सहितौ शत्रुघ्नभरतावुभौ ॥१-७२-११॥",
        "index": 11,
        "shloka_num": 11
    },
    {
        "text": "एकाह्ना राजपुत्रीणां चतसॄणां महामुने ।\nपाणीन् गृह्णन्तु चत्वारो राजपुत्रा महाबलाः ॥१-७२-१२॥",
        "index": 12,
        "shloka_num": 12
    },
    {
        "text": "उत्तरे दिवसे ब्रह्मन् फल्गुनीभ्यां मनीषिणः ।\nवैवाहिकं प्रशंसन्ति भगो यत्र प्रजापतिः ॥१-७२-१३॥",
        "index": 13,
        "shloka_num": 13
    },
    {
        "text": "एवमुक्त्वा वचः सौम्यं प्रत्युत्थाय कृताञ्जलिः ।\nउभौ मुनिवरौ राजा जनको वाक्यमब्रवीत् ॥१-७२-१४॥",
        "index": 14,
        "shloka_num": 14
    },
    {
        "text": "परो धर्मः कृतो मह्यं शिष्योऽस्मि भवतोस्तथा ।\nइमान्यासनमुख्यानि आस्यतां मुनिपुंगवौ ॥१-७२-१५॥",
        "index": 15,
        "shloka_num": 15
    },
    {
        "text": "यथा दशरथस्येयं तथायोध्या पुरी मम ।\nप्रभुत्वे नास्ति संदेहो यथार्हं कर्तुमर्हथ ॥१-७२-१६॥",
        "index": 16,
        "shloka_num": 16
    },
    {
        "text": "तथा ब्रुवति वैदेहे जनके रघुनन्दनः ।\nराजा दशरथो हृष्टः प्रत्युवाच महीपतिम् ॥१-७२-१७॥",
        "index": 17,
        "shloka_num": 17
    },
    {
        "text": "युवामसंख्येयगुणौ भ्रातरौ मिथिलेश्वरौ ।\nऋषयो राजसङ्घाश्च भवद्भ्यामभिपूजिताः ॥१-७२-१८॥",
        "index": 18,
        "shloka_num": 18
    },
    {
        "text": "स्वस्ति प्राप्नुहि भद्रं ते गमिष्यामः स्वमालयम् ।\nश्राद्धकर्माणि विधिवद्विधास्य इति चाब्रवीत् ॥१-७२-१९॥",
        "index": 19,
        "shloka_num": 19
    },
    {
        "text": "तमापृष्ट्वा नरपतिं राजा दशरथस्तदा ।\nमुनीन्द्रौ तौ पुरस्कृत्य जगामाशु महायशाः ॥१-७२-२०॥",
        "index": 20,
        "shloka_num": 20
    },
    {
        "text": "स गत्वा निलयं राजा श्राद्धं कृत्वा विधानतः ।\nप्रभाते काल्यमुत्थाय चक्रे गोदानमुत्तमम् ॥१-७२-२१॥",
        "index": 21,
        "shloka_num": 21
    },
    {
        "text": "गवां शतसहस्रं च ब्राह्मणेभ्यो नराधिपः ।\nएकैकशो ददौ राजा पुत्रानुद्दिश्य धर्मतः ॥१-७२-२२॥",
        "index": 22,
        "shloka_num": 22
    },
    {
        "text": "सुवर्णशृङ्ग्यः सम्पन्नाः सवत्साः कांस्यदोहनाः ।\nगवां शतसहस्राणि चत्वारि पुरुषर्षभः ॥१-७२-२३॥",
        "index": 23,
        "shloka_num": 23
    },
    {
        "text": "वित्तमन्यच्च सुबहु द्विजेभ्यो रघुनन्दनः ।\nददौ गोदानमुद्दिश्य पुत्राणां पुत्रवत्सलः ॥१-७२-२४॥",
        "index": 24,
        "shloka_num": 24
    },
    {
        "text": "स सुतैः कृतगोदानैर्वृतः सन्नृपतिस्तदा ।\nलोकपालैरिवाभाति वृतः सौम्यः प्रजापतिः ॥१-७२-२५॥",
        "index": 25,
        "shloka_num": 25
    },
    {
        "text": "इत्यार्षे श्रीमद्रामायणे वाल्मीकीये आदिकाव्ये बालकाण्डे गोदानमङ्गलम् नाम द्विसप्ततितमः सर्गः ॥१-७२॥",
        "index": 26,
        "shloka_num": null
    }
]