[
    {
        "text": "अथ श्रीमद्वाल्मीकीयरामायणे अरण्यकाण्डे हेमन्तवर्णनम् नाम षोडशः सर्गः ॥३-१६॥",
        "index": 0,
        "shloka_num": null
    },
    {
        "text": "अथ पञ्चवटीं गच्छन्नन्तरा रघुनन्दनः ।\nआससाद महाकायं गृध्रं भीमपराक्रमम् ॥३-१६-१॥",
        "index": 1,
        "shloka_num": 1
    },
    {
        "text": "तं दृष्ट्वा तौ महाभागौ वनस्थं रामलक्ष्मणौ ।\nमेनाते राक्षसं पक्षिं ब्रुवाणौ को भवानिति ॥३-१६-२॥",
        "index": 2,
        "shloka_num": 2
    },
    {
        "text": "ततो मधुरया वाचा सौम्यया प्रीणयन्निव ।\nउवाच वत्स मां विद्धि वयस्यं पितुरात्मनः ॥३-१६-३॥",
        "index": 3,
        "shloka_num": 3
    },
    {
        "text": "स तं पितृसखं मत्वा पूजयामास राघवः ।\nस तस्य कुलमव्यग्रमथ पप्रच्छ नाम च ॥३-१६-४॥",
        "index": 4,
        "shloka_num": 4
    },
    {
        "text": "रामस्य वचनं श्रुत्वा कुलमात्मानमेव च ।\nआचचक्षे द्विजस्तस्मै सर्वभूतसमुद्भवम् ॥३-१६-५॥",
        "index": 5,
        "shloka_num": 5
    },
    {
        "text": "पूर्वकाले महाबाहो ये प्रजापतयोऽभवन् ।\nतान् मे निगदतः सर्वानादितः शृणु राघव ॥३-१६-६॥",
        "index": 6,
        "shloka_num": 6
    },
    {
        "text": "कर्दमः प्रथमस्तेषां विकृतस्तदनन्तरम् ।\nशेषश्च संश्रयश्चैव बहुपुत्रश्च वीर्यवान् ॥३-१६-७॥",
        "index": 7,
        "shloka_num": 7
    },
    {
        "text": "स्थाणुर्मरीचरत्रिश्च क्रतुश्चैव महाबलः ।\nपुलस्त्यश्चाङ्गिराश्चैव प्रचेताः पुलहस्तथा ॥३-१६-८॥",
        "index": 8,
        "shloka_num": 8
    },
    {
        "text": "दक्षो विवस्वानपरोऽरिष्टनेमिश्च राघव ।\nकश्यपश्च महातेजास्तेषामासीच्च पश्चिमः ॥३-१६-९॥",
        "index": 9,
        "shloka_num": 9
    },
    {
        "text": "प्रजापतेस्तु दक्षस्य बभूवुरिति विश्रुताः ।\nषष्टिर्दुहितरो राम यशस्विन्यो महायशः ॥३-१६-१०॥",
        "index": 10,
        "shloka_num": 10
    },
    {
        "text": "कश्यपः प्रतिजग्राह तासामष्टौ सुमध्यमाः ।\nअदितिं च दितिं चैव दनूमपि च कालकाम् ॥३-१६-११॥",
        "index": 11,
        "shloka_num": 11
    },
    {
        "text": "ताम्रां क्रोधवशां चैव मनुं चाप्यनलामपि ।\nतास्तु कन्यास्ततः प्रीतः कश्यपः पुनरब्रवीत् ॥३-१६-१२॥",
        "index": 12,
        "shloka_num": 12
    },
    {
        "text": "पुत्रांस्त्रैलोक्यभर्तॄन् वै जनयिष्यथ मत्समान् ।\nअदितिस्तन्मना राम दितिश्च दनुरेव च ॥३-१६-१३॥",
        "index": 13,
        "shloka_num": 13
    },
    {
        "text": "कालका च महाबाहो शेषास्त्वमनसोऽभवन् ।\nअदित्यां जज्ञिरे देवास्त्रयस्त्रिंशदरिंदम ॥३-१६-१४॥",
        "index": 14,
        "shloka_num": 14
    },
    {
        "text": "आदित्या वसवो रुद्रा अश्विनौ च परंतप ।\nदितिस्त्वजनयत् पुत्रान् दैत्यांस्तात यशस्विनः ॥३-१६-१५॥",
        "index": 15,
        "shloka_num": 15
    },
    {
        "text": "तेषामियं वसुमती पुराऽऽसीत् सवनार्णवा ।\nदनुस्त्वजनयत् पुत्रमश्वग्रीवमरिंदम ॥३-१६-१६॥",
        "index": 16,
        "shloka_num": 16
    },
    {
        "text": "नरकं कालकं चैव कालकापि व्यजायत ।\nक्रौञ्चीं भासीं तथा श्येनीं धृतराष्ट्रीं तथा शुकीम् ॥३-१६-१७॥",
        "index": 17,
        "shloka_num": 17
    },
    {
        "text": "ताम्रा तु सुषुवे कन्याः पञ्चैता लोकविश्रुताः ।\nउलूकाञ्जनयत् क्रौञ्ची भासी भासान् व्यजायत ॥३-१६-१८॥",
        "index": 18,
        "shloka_num": 18
    },
    {
        "text": "श्येनी श्येनांश्च गृध्रांश्च व्यजायत सुतेजसः ।\nधृतराष्ट्री तु हंसांश्च कलहंसाश्च सर्वशः ॥३-१६-१९॥",
        "index": 19,
        "shloka_num": 19
    },
    {
        "text": "चक्रवाकांश्च भद्रं ते विजज्ञे सापि भामिनी ।\nशुकी नतां विजज्ञे तु नतायां विनता सुता ॥३-१६-२०॥",
        "index": 20,
        "shloka_num": 20
    },
    {
        "text": "दश क्रोधवशा राम विजज्ञेऽप्यात्मसंभवाः ।\nमृगीं च मृगमन्दां च हरीं भद्रमदामपि ॥३-१६-२१॥",
        "index": 21,
        "shloka_num": 21
    },
    {
        "text": "मातङ्गीमथ शार्दूलीं श्वेतां च सुरभीं तथा ।\nसर्वलक्षणसम्पन्नां सुरसां कद्रुकामपि ॥३-१६-२२॥",
        "index": 22,
        "shloka_num": 22
    },
    {
        "text": "अपत्यं तु मृगाः सर्वे मृग्या नरवरोत्तम ।\nऋक्षाश्च मृगमन्दायाः सृमराश्चमरास्तथा ॥३-१६-२३॥",
        "index": 23,
        "shloka_num": 23
    },
    {
        "text": "ततस्त्विरावतीं नाम जज्ञे भद्रमदा सुताम् ।\nतस्यास्त्वैरावतः पुत्रो लोकनाथो महागजः ॥३-१६-२४॥",
        "index": 24,
        "shloka_num": 24
    },
    {
        "text": "हर्याश्च हरयोऽपत्यं वानराश्च तपस्विनः ।\nगोलाङ्गूलाश्च शार्दूली व्याघ्रांश्चाजनयत् सुतान् ॥३-१६-२५॥",
        "index": 25,
        "shloka_num": 25
    },
    {
        "text": "मातङ्ग्यास्त्वथ मातङ्गा अपत्यं मनुजर्षभ ।\nदिशागजं तु काकुत्स्थ श्वेता व्यजनयत् सुतम् ॥३-१६-२६॥",
        "index": 26,
        "shloka_num": 26
    },
    {
        "text": "ततो दुहितरौ राम सुरभिर्द्वे व्यजायत ।\nरोहिणीं नाम भद्रं ते गन्धर्वीं च यशस्विनीम् ॥३-१६-२७॥",
        "index": 27,
        "shloka_num": 27
    },
    {
        "text": "रोहिण्यजनयद् गावो गन्धर्वी वाजिनः सुतान् ।\nसुरसाजनयन्नागान् राम कद्रूश्च पन्नगान् ॥३-१६-२८॥",
        "index": 28,
        "shloka_num": 28
    },
    {
        "text": "मनुर्मनुष्याञ्जनयत् कश्यपस्य महात्मनः ।\nब्राह्मणान् क्षत्रियान् वैश्यान् शूद्रांश्च मनुजर्षभ ॥३-१६-२९॥",
        "index": 29,
        "shloka_num": 29
    },
    {
        "text": "मुखतो ब्राह्मणा जाता उरसः क्षत्रियास्तथा ।\nऊरुभ्यां जज्ञिरे वैश्याः पद्भ्यां शूद्रा इति श्रुतिः ॥३-१६-३०॥",
        "index": 30,
        "shloka_num": 30
    },
    {
        "text": "सर्वान् पुण्यफलान् वृक्षाननलापि व्यजायत ।\nविनता च शुकीपौत्री कद्रूश्च सुरसास्वसा ॥३-१६-३१॥",
        "index": 31,
        "shloka_num": 31
    },
    {
        "text": "कद्रूर्नागसहस्रं तु विजज्ञे धरणीधरान् ।\nद्वौ पुत्रौ विनतायास्तु गरुडोऽरुण एव च ॥३-१६-३२॥",
        "index": 32,
        "shloka_num": 32
    },
    {
        "text": "तस्माज्जातोऽहमरुणात् सम्पातिश्च ममाग्रजः ।\nजटायुरिति मां विद्धि श्येनीपुत्रमरिंदम ॥३-१६-३३॥",
        "index": 33,
        "shloka_num": 33
    },
    {
        "text": "सोऽहं वाससहायस्ते भविष्यामि यदीच्छसि ।\nइदं दुर्गं हि कान्तारं मृगराक्षससेवितम् ।\nसीतां च तात रक्षिष्ये त्वयि याते सलक्ष्मणे ॥३-१६-३४॥",
        "index": 34,
        "shloka_num": 34
    },
    {
        "text": "जटायुषं तु प्रतिपूज्य राघवो मुदा परिष्वज्य च संनतोऽभवत् ।\nपितुर्हि शुश्राव सखित्वमात्मवाञ्जटायुषा संकथितं पुनः पुनः ॥३-१६-३५॥",
        "index": 35,
        "shloka_num": 35
    },
    {
        "text": "स तत्र सीतां परिदाय मैथिलीं सहैव तेनातिबलेन पक्षिणा ।\nजगाम तां पञ्चवटीं सलक्ष्मणो रिपून् दिधक्षन् शलभानिवानलः ॥३-१६-३६॥",
        "index": 36,
        "shloka_num": 36
    },
    {
        "text": "इत्यार्षे श्रीमद्रामायणे वाल्मीकीये आदिकाव्ये अरण्यकाण्डे हेमन्तवर्णनम् नाम षोडशः सर्गः ॥३-१६॥",
        "index": 37,
        "shloka_num": null
    }
]