[
    {
        "text": "अथ श्रीमद्वाल्मीकीयरामायणे अरण्यकाण्डे खररामसंप्रहारः नाम अष्टाविंशः सर्गः ॥३-२८॥",
        "index": 0,
        "shloka_num": null
    },
    {
        "text": "निहतं दूषणं दृष्ट्वा रणे त्रिशिरसा सह ।\nखरस्याप्यभवत् त्रासो दृष्ट्वा रामस्य विक्रमम् ॥३-२८-१॥",
        "index": 1,
        "shloka_num": 1
    },
    {
        "text": "स दृष्ट्वा राक्षसं सैन्यमविषह्यं महाबलम् ।\nहतमेकेन रामेण दूषणस्त्रिशिरा अपि ॥३-२८-२॥",
        "index": 2,
        "shloka_num": 2
    },
    {
        "text": "तद्बलं हतभूयिष्ठं विमनाः प्रेक्ष्य राक्षसः ।\nआससाद खरो रामं नमुचिर्वासवं यथा ॥३-२८-३॥",
        "index": 3,
        "shloka_num": 3
    },
    {
        "text": "विकृष्य बलवच्चापं नाराचान् रक्तभोजनान् ।\nखरश्चिक्षेप रामाय क्रुद्धानाशीविषानिव ॥३-२८-४॥",
        "index": 4,
        "shloka_num": 4
    },
    {
        "text": "ज्यां विधुन्वन् सुबहुशः शिक्षयास्त्राणि दर्शयन् ।\nचचार समरे मार्गान् शरै रथगतः खरः ॥३-२८-५॥",
        "index": 5,
        "shloka_num": 5
    },
    {
        "text": "स सर्वाश्च दिशो बाणैः प्रदिशश्च महारथः ।\nपूरयामास तं दृष्ट्वा रामोऽपि सुमहद् धनुः ॥३-२८-६॥",
        "index": 6,
        "shloka_num": 6
    },
    {
        "text": "स सायकैर्दुर्विषहैर्विस्फुलिङ्गैरिवाग्निभिः ।\nनभश्चकाराविवरं पर्जन्य इव वृष्टिभिः ॥३-२८-७॥",
        "index": 7,
        "shloka_num": 7
    },
    {
        "text": "तद् बभूव शितैर्बाणैः खररामविसर्जितैः ।\nपर्याकाशमनाकाशं सर्वतः शरसंकुलम् ॥३-२८-८॥",
        "index": 8,
        "shloka_num": 8
    },
    {
        "text": "शरजालावृतः सूर्यो न तदा स्म प्रकाशते ।\nअन्योन्यवधसंरम्भादुभयोः सम्प्रयुध्यतोः ॥३-२८-९॥",
        "index": 9,
        "shloka_num": 9
    },
    {
        "text": "ततो नालीकनाराचैस्तीक्ष्णाग्रैश्च विकर्णिभिः ।\nआजघान रणे रामं तोत्रैरिव महाद्विपम् ॥३-२८-१०॥",
        "index": 10,
        "shloka_num": 10
    },
    {
        "text": "तं रथस्थं धनुष्पाणिं राक्षसं पर्यवस्थितम् ।\nददृशुः सर्वभूतानि पाशहस्तमिवान्तकम् ॥३-२८-११॥",
        "index": 11,
        "shloka_num": 11
    },
    {
        "text": "हन्तारं सर्वसैन्यस्य पौरुषे पर्यवस्थितम् ।\nपरिश्रान्तं महासत्त्वं मेने रामं खरस्तदा ॥३-२८-१२॥",
        "index": 12,
        "shloka_num": 12
    },
    {
        "text": "तं सिंहमिव विक्रान्तं सिंहविक्रान्तगामिनम् ।\nदृष्ट्वा नोद्विजते रामः सिंहः क्षुद्रमृगं यथा ॥३-२८-१३॥",
        "index": 13,
        "shloka_num": 13
    },
    {
        "text": "ततः सूर्यनिकाशेन रथेन महता खरः ।\nआससादाथ तं रामं पतङ्ग इव पावकम् ॥३-२८-१४॥",
        "index": 14,
        "shloka_num": 14
    },
    {
        "text": "ततोऽस्य सशरं चापं मुष्टिदेशे महात्मनः ।\nखरश्चिच्छेद रामस्य दर्शयन् हस्तलाघवम् ॥३-२८-१५॥",
        "index": 15,
        "shloka_num": 15
    },
    {
        "text": "स पुनस्त्वपरान् सप्त शरानादाय मर्मणि ।\nनिजघान रणे क्रुद्धः शक्राशनिसमप्रभान् ॥३-२८-१६॥",
        "index": 16,
        "shloka_num": 16
    },
    {
        "text": "ततः शरसहस्रेण राममप्रतिमौजसम् ।\nअर्दयित्वा महानादं ननाद समरे खरः ॥३-२८-१७॥",
        "index": 17,
        "shloka_num": 17
    },
    {
        "text": "ततस्तत्प्रहतं बाणैः खरमुक्तैः सुपर्वभिः ।\nपपात कवचं भूमौ रामस्यादित्यवर्चसम् ॥३-२८-१८॥",
        "index": 18,
        "shloka_num": 18
    },
    {
        "text": "स शरैरर्पितः क्रुद्धः सर्वगात्रेषु राघवः ।\nरराज समरे रामो विधूमोऽग्निरिव ज्वलन् ॥३-२८-१९॥",
        "index": 19,
        "shloka_num": 19
    },
    {
        "text": "ततो गम्भीरनिर्ह्रादं रामः शत्रुनिबर्हणः ।\nचकारान्ताय स रिपोः सज्यमन्यन्महद्धनुः ॥३-२८-२०॥",
        "index": 20,
        "shloka_num": 20
    },
    {
        "text": "सुमहद् वैष्णवं यत् तदतिसृष्टं महर्षिणा ।\nवरं तद् धनुरुद्यम्य खरं समभिधावत ॥३-२८-२१॥",
        "index": 21,
        "shloka_num": 21
    },
    {
        "text": "ततः कनकपुङ्खैस्तु शरैः संनतपर्वभिः ।\nचिच्छेद रामः संक्रुद्धः खरस्य समरे ध्वजम् ॥३-२८-२२॥",
        "index": 22,
        "shloka_num": 22
    },
    {
        "text": "स दर्शनीयो बहुधा विच्छिन्नः काञ्चनो ध्वजः ।\nजगाम धरणीं सूर्यो देवतानामिवाज्ञया ॥३-२८-२३॥",
        "index": 23,
        "shloka_num": 23
    },
    {
        "text": "तं चतुर्भिः खरः क्रुद्धो रामं गात्रेषु मार्गणैः ।\nविव्याध हृदि मर्मज्ञो मातङ्गमिव तोमरैः ॥३-२८-२४॥",
        "index": 24,
        "shloka_num": 24
    },
    {
        "text": "स रामो बहुभिर्बाणैः खरकार्मुकनिःसृतैः ।\nविद्धो रुधिरसिक्ताङ्गो बभूव रुषितो भृशम् ॥३-२८-२५॥",
        "index": 25,
        "shloka_num": 25
    },
    {
        "text": "स धनुर्धन्विनां श्रेष्ठः संगृह्य परमाहवे ।\nमुमोच परमेष्वासः षट् शरानभिलक्षितान् ॥३-२८-२६॥",
        "index": 26,
        "shloka_num": 26
    },
    {
        "text": "शिरस्येकेन बाणेन द्वाभ्यां बाह्वोरथार्पयत् ।\nत्रिभिश्चन्द्रार्धवक्त्रैश्च वक्षस्यभिजघान ह ॥३-२८-२७॥",
        "index": 27,
        "shloka_num": 27
    },
    {
        "text": "ततः पश्चान्महातेजा नाराचान् भास्करोपमान् ।\nजघान राक्षसं क्रुद्धस्त्रयोदश शिलाशितान् ॥३-२८-२८॥",
        "index": 28,
        "shloka_num": 28
    },
    {
        "text": "रथस्य युगमेकेन चतुर्भिः शबलान् हयान् ।\nषष्ठेन च शिरः संख्ये चिच्छेद खरसारथेः ॥३-२८-२९॥",
        "index": 29,
        "shloka_num": 29
    },
    {
        "text": "त्रिभिस्त्रिवेणून् बलवान् द्वाभ्यामक्षं महाबलः ।\nद्वादशेन तु बाणेन खरस्य सशरं धनुः ॥३-२८-३०॥",
        "index": 30,
        "shloka_num": 30
    },
    {
        "text": "छित्त्वा वज्रनिकाशेन राघवः प्रहसन्निव ।\nत्रयोदशेनेन्द्रसमो बिभेद समरे खरम् ॥३-२८-३१॥",
        "index": 31,
        "shloka_num": 31
    },
    {
        "text": "प्रभग्नधन्वा विरथो हताश्वो हतसारथिः ।\nगदापाणिरवप्लुत्य तस्थौ भूमौ खरस्तदा ॥३-२८-३२॥",
        "index": 32,
        "shloka_num": 32
    },
    {
        "text": "तत् कर्म रामस्य महारथस्य समेत्य देवाश्च महर्षयश्च ।\nअपूजयन् प्राञ्जलयः प्रहृष्टास्तदा विमानाग्रगताः समेताः ॥३-२८-३३॥",
        "index": 33,
        "shloka_num": 33
    },
    {
        "text": "इत्यार्षे श्रीमद्रामायणे वाल्मीकीये आदिकाव्ये अरण्यकाण्डे खररामसंप्रहारः नाम अष्टाविंशः सर्गः ॥३-२८॥",
        "index": 34,
        "shloka_num": null
    }
]