[
    {
        "text": "अथ श्रीमद्वाल्मीकीयरामायणे अरण्यकाण्डे रावणखरवृत्तोपलम्भः नाम एकत्रिंशः सर्गः ॥३-३१॥",
        "index": 0,
        "shloka_num": null
    },
    {
        "text": "त्वरमाणस्ततो गत्वा जनस्थानादकम्पनः ।\nप्रविश्य लङ्कां वेगेन रावणं वाक्यमब्रवीत् ॥३-३१-१॥",
        "index": 1,
        "shloka_num": 1
    },
    {
        "text": "जनस्थानस्थिता राजन् राक्षसा बहवो हताः ।\nखरश्च निहतः संख्ये कथंचिदहमागतः ॥३-३१-२॥",
        "index": 2,
        "shloka_num": 2
    },
    {
        "text": "एवमुक्तो दशग्रीवः क्रुद्धः संरक्तलोचनः ।\nअकम्पनमुवाचेदं निर्दहन्निव तेजसा ॥३-३१-३॥",
        "index": 3,
        "shloka_num": 3
    },
    {
        "text": "केन भीमं जनस्थानं हतं मम परासुना ।\nको हि सर्वेषु लोकेषु गतिं नाधिगमिष्यति ॥३-३१-४॥",
        "index": 4,
        "shloka_num": 4
    },
    {
        "text": "न हि मे विप्रियं कृत्वा शक्यं मघवता सुखम् ।\nप्राप्तुं वैश्रवणेनापि न यमेन च विष्णुना ॥३-३१-५॥",
        "index": 5,
        "shloka_num": 5
    },
    {
        "text": "कालस्य चाप्यहं कालो दहेयमपि पावकम् ।\nमृत्युं मरणधर्मेण संयोजयितुमुत्सहे ॥३-३१-६॥",
        "index": 6,
        "shloka_num": 6
    },
    {
        "text": "वातस्य तरसा वेगं निहन्तुमपि चोत्सहे ।\nदहेयमपि संक्रुद्धस्तेजसाऽऽदित्यपावकौ ॥३-३१-७॥",
        "index": 7,
        "shloka_num": 7
    },
    {
        "text": "तथा क्रुद्धं दशग्रीवं कृताञ्जलिरकम्पनः ।\nभयात् संदिग्धया वाचा रावणं याचतेऽभयम् ॥३-३१-८॥",
        "index": 8,
        "shloka_num": 8
    },
    {
        "text": "दशग्रीवोऽभयं तस्मै प्रददौ रक्षसां वरः ।\nस विस्रब्धोऽब्रवीद् वाक्यमसंदिग्धमकम्पनः ॥३-३१-९॥",
        "index": 9,
        "shloka_num": 9
    },
    {
        "text": "पुत्रो दशरथस्यास्ते सिंहसंहननो युवा ।\nरामो नाम महास्कन्धो वृत्तायतमहाभुजः ॥३-३१-१०॥",
        "index": 10,
        "shloka_num": 10
    },
    {
        "text": "श्यामः पृथुयशाः श्रीमानतुल्यबलविक्रमः ।\nहतस्तेन जनस्थाने खरश्च सहदूषणः ॥३-३१-११॥",
        "index": 11,
        "shloka_num": 11
    },
    {
        "text": "अकम्पनवचः श्रुत्वा रावणो राक्षसाधिपः ।\nनागेन्द्र इव निःश्वस्य इदं वचनमब्रवीत् ॥३-३१-१२॥",
        "index": 12,
        "shloka_num": 12
    },
    {
        "text": "स सुरेन्द्रेण संयुक्तो रामः सर्वामरैः सह ।\nउपयातो जनस्थानं ब्रूहि कच्चिदकम्पन ॥३-३१-१३॥",
        "index": 13,
        "shloka_num": 13
    },
    {
        "text": "रावणस्य पुनर्वाक्यं निशम्य तदकम्पनः ।\nआचचक्षे बलं तस्य विक्रमं च महात्मनः ॥३-३१-१४॥",
        "index": 14,
        "shloka_num": 14
    },
    {
        "text": "रामो नाम महातेजाः श्रेष्ठः सर्वधनुष्मताम् ।\nदिव्यास्त्रगुणसम्पन्नः परं धर्मं गतो युधि ॥३-३१-१५॥",
        "index": 15,
        "shloka_num": 15
    },
    {
        "text": "तस्यानुरूपो बलवान् रक्ताक्षो दुन्दुभिस्वनः ।\nकनीयाँल्लक्ष्मणो भ्राता राकाशशिनिभाननः ॥३-३१-१६॥",
        "index": 16,
        "shloka_num": 16
    },
    {
        "text": "स तेन सह संयुक्तः पावकेनानिलो यथा ।\nश्रीमान् राजवरस्तेन जनस्थानं निपातितम् ॥३-३१-१७॥",
        "index": 17,
        "shloka_num": 17
    },
    {
        "text": "नैव देवा महात्मानो नात्र कार्या विचारणा ।\nशरा रामेण तूत्सृष्टा रुक्मपुङ्खाः पतत्त्रिणः ॥३-३१-१८॥",
        "index": 18,
        "shloka_num": 18
    },
    {
        "text": "सर्पाः पञ्चानना भूत्वा भक्षयन्ति स्म राक्षसान् ।\nयेन येन च गच्छन्ति राक्षसा भयकर्षिताः ॥३-३१-१९॥",
        "index": 19,
        "shloka_num": 19
    },
    {
        "text": "तेन तेन स्म पश्यन्ति राममेवाग्रतः स्थितम् ।\nइत्थं विनाशितं तेन जनस्थानं तवानघ ॥३-३१-२०॥",
        "index": 20,
        "shloka_num": 20
    },
    {
        "text": "अकम्पनवचः श्रुत्वा रावणो वाक्यमब्रवीत् ।\nगमिष्यामि जनस्थानं रामं हन्तुं सलक्ष्मणम् ॥३-३१-२१॥",
        "index": 21,
        "shloka_num": 21
    },
    {
        "text": "अथैवमुक्ते वचने प्रोवाचेदमकम्पनः ।\nशृणु राजन् यथावृत्तं रामस्य बलपौरुषम् ॥३-३१-२२॥",
        "index": 22,
        "shloka_num": 22
    },
    {
        "text": "असाध्यः कुपितो रामो विक्रमेण महायशाः ।\nआपगायास्तु पूर्णाया वेगं परिहरेच्छरैः ॥३-३१-२३॥",
        "index": 23,
        "shloka_num": 23
    },
    {
        "text": "सताराग्रहनक्षत्रं नभश्चाप्यवसादयेत् ।\nअसौ रामस्तु सीदन्तीं श्रीमानभ्युद्धरेन्महीम् ॥३-३१-२४॥",
        "index": 24,
        "shloka_num": 24
    },
    {
        "text": "भित्त्वा वेलां समुद्रस्य लोकानाप्लावयेद् विभुः ।\nवेगं वापि समुद्रस्य वायुं वा विधमेच्छरैः ॥३-३१-२५॥",
        "index": 25,
        "shloka_num": 25
    },
    {
        "text": "संहृत्य वा पुनर्लोकान् विक्रमेण महायशाः ।\nशक्तः श्रेष्ठः स पुरुषः स्रष्टुं पुनरपि प्रजाः ॥३-३१-२६॥",
        "index": 26,
        "shloka_num": 26
    },
    {
        "text": "नहि रामो दशग्रीव शक्यो जेतुं रणे त्वया ।\nरक्षसां वापि लोकेन स्वर्गः पापजनैरिव ॥३-३१-२७॥",
        "index": 27,
        "shloka_num": 27
    },
    {
        "text": "न तं वध्यमहं मन्ये सर्वैर्देवासुरैरपि ।\nअयं तस्य वधोपायस्तन्ममैकमनाः शृणु ॥३-३१-२८॥",
        "index": 28,
        "shloka_num": 28
    },
    {
        "text": "भार्या तस्योत्तमा लोके सीता नाम सुमध्यमा ।\nश्यामा समविभक्ताङ्गी स्त्रीरत्नं रत्नभूषिता ॥३-३१-२९॥",
        "index": 29,
        "shloka_num": 29
    },
    {
        "text": "नैव देवी न गन्धर्वी नाप्सरा न च पन्नगी ।\nतुल्या सीमन्तिनी तस्या मानुषी तु कुतो भवेत् ॥३-३१-३०॥",
        "index": 30,
        "shloka_num": 30
    },
    {
        "text": "तस्यापहर भार्यां त्वं तं प्रमथ्य महावने ।\nसीतया रहितो रामो न चैव हि भविष्यति ॥३-३१-३१॥",
        "index": 31,
        "shloka_num": 31
    },
    {
        "text": "अरोचयत तद्वाक्यं रावणो राक्षसाधिपः ।\nचिन्तयित्वा महाबाहुरकम्पनमुवाच ह ॥३-३१-३२॥",
        "index": 32,
        "shloka_num": 32
    },
    {
        "text": "बाढं कल्यं गमिष्यामि ह्येकः सारथिना सह ।\nआनेष्यामि च वैदेहीमिमां हृष्टो महापुरीम् ॥३-३१-३३॥",
        "index": 33,
        "shloka_num": 33
    },
    {
        "text": "तदेवमुक्त्वा प्रययौ खरयुक्तेन रावणः ।\nरथेनादित्यवर्णेन दिशः सर्वाः प्रकाशयन् ॥३-३१-३४॥",
        "index": 34,
        "shloka_num": 34
    },
    {
        "text": "स रथो राक्षसेन्द्रस्य नक्षत्रपथगो महान् ।\nचञ्चूर्यमाणः शुशुभे जलदे चन्द्रमा इव ॥३-३१-३५॥",
        "index": 35,
        "shloka_num": 35
    },
    {
        "text": "स दूरे चाश्रमं गत्वा ताटकेयमुपागमत् ।\nमारीचेनार्चितो राजा भक्ष्यभोज्यैरमानुषैः ॥३-३१-३६॥",
        "index": 36,
        "shloka_num": 36
    },
    {
        "text": "तं स्वयं पूजयित्वा तु आसनेनोदकेन च ।\nअर्थोपहितया वाचा मारीचो वाक्यमब्रवीत् ॥३-३१-३७॥",
        "index": 37,
        "shloka_num": 37
    },
    {
        "text": "कच्चित् सकुशलं राजँल्लोकानां राक्षसाधिप ।\nआशङ्के नाधिजाने त्वं यतस्तूर्णमुपागतः ॥३-३१-३८॥",
        "index": 38,
        "shloka_num": 38
    },
    {
        "text": "एवमुक्तो महातेजा मारीचेन स रावणः ।\nततः पश्चादिदं वाक्यमब्रवीद् वाक्यकोविदः ॥३-३१-३९॥",
        "index": 39,
        "shloka_num": 39
    },
    {
        "text": "आरक्षो मे हतस्तात रामेणाक्लिष्टकारिणा ।\nजनस्थानमवध्यं तत् सर्वं युधि निपातितम् ॥३-३१-४०॥",
        "index": 40,
        "shloka_num": 40
    },
    {
        "text": "तस्य मे कुरु साचिव्यं तस्य भार्यापहारणे ।\nराक्षसेन्द्रवचः श्रुत्वा मारीचो वाक्यमब्रवीत् ॥३-३१-४१॥",
        "index": 41,
        "shloka_num": 41
    },
    {
        "text": "आख्याता केन वा सीता मित्ररूपेण शत्रुणा ।\nत्वया राक्षसशार्दूल को न नन्दति नन्दितः ॥३-३१-४२॥",
        "index": 42,
        "shloka_num": 42
    },
    {
        "text": "सीतामिहानयस्वेति को ब्रवीति ब्रवीहि मे ।\nरक्षोलोकस्य सर्वस्य कः शृङ्गं छेत्तुमिच्छति ॥३-३१-४३॥",
        "index": 43,
        "shloka_num": 43
    },
    {
        "text": "प्रोत्साहयति यश्च त्वां स च शत्रुरसंशयम् ।\nआशीविषमुखाद् दंष्ट्रामुद्धर्तुं चेच्छति त्वया ॥३-३१-४४॥",
        "index": 44,
        "shloka_num": 44
    },
    {
        "text": "कर्मणानेन केनासि कापथं प्रतिपादितः ।\nसुखसुप्तस्य ते राजन् प्रहृतं केन मूर्धनि ॥३-३१-४५॥",
        "index": 45,
        "shloka_num": 45
    },
    {
        "text": "विशुद्धवंशाभिजनाग्रहस्ततेजोमदः संस्थितदोर्विषाणः ।\nउदीक्षितुं रावण नेह युक्तः स संयुगे राघवगन्धहस्ती ॥३-३१-४६॥",
        "index": 46,
        "shloka_num": 46
    },
    {
        "text": "असौ रणान्तःस्थितिसंधिवालो विदग्धरक्षोमृगहा नृसिंहः ।\nसुप्तस्त्वया बोधयितुं न शक्यः शराङ्गपूर्णो निशितासिदंष्ट्रः ॥३-३१-४७॥",
        "index": 47,
        "shloka_num": 47
    },
    {
        "text": "चापापहारे भुजवेगपङ्के शरोर्मिमाले सुमहाहवौघे ।\nन रामपातालमुखेऽतिघोरे प्रस्कन्दितुं राक्षसराज युक्तम् ॥३-३१-४८॥",
        "index": 48,
        "shloka_num": 48
    },
    {
        "text": "प्रसीद लङ्केश्वर राक्षसेन्द्र लङ्कां प्रसन्नो भव साधु गच्छ ।\nत्वं स्वेषु दारेषु रमस्व नित्यं रामः सभार्यो रमतां वनेषु ॥३-३१-४९॥",
        "index": 49,
        "shloka_num": 49
    },
    {
        "text": "एवमुक्तो दशग्रीवो मारीचेन स रावणः ।\nन्यवर्तत पुरीं लङ्कां विवेश च गृहोत्तमम् ॥३-३१-५०॥",
        "index": 50,
        "shloka_num": 50
    },
    {
        "text": "इत्यार्षे श्रीमद्रामायणे वाल्मीकीये आदिकाव्ये अरण्यकाण्डे रावणखरवृत्तोपलम्भः नाम एकत्रिंशः सर्गः ॥३-३१॥",
        "index": 51,
        "shloka_num": null
    }
]