[
    {
        "text": "अथ श्रीमद्वाल्मीकीयरामायणे अरण्यकाण्डे सीताहरणोपदेशः नाम चतुस्त्रिंशः सर्गः ॥३-३४॥",
        "index": 0,
        "shloka_num": null
    },
    {
        "text": "ततः शूर्पणखां दृष्ट्वा ब्रुवन्तीं परुषं वचः ।\nअमात्यमध्ये संक्रुद्धः परिपप्रच्छ रावणः ॥३-३४-१॥",
        "index": 1,
        "shloka_num": 1
    },
    {
        "text": "कश्च रामः कथंवीर्यः किंरूपः किंपराक्रमः ।\nकिमर्थं दण्डकारण्यं प्रविष्टश्च सुदुस्तरम् ॥३-३४-२॥",
        "index": 2,
        "shloka_num": 2
    },
    {
        "text": "आयुधं किं च रामस्य येन ते राक्षसा हताः ।\nखरश्च निहतः संख्ये दूषणस्त्रिशिरास्तथा ॥३-३४-३॥",
        "index": 3,
        "shloka_num": 3
    },
    {
        "text": "तत्त्वं ब्रूहि मनोज्ञाङ्गि केन त्वं च विरूपिता ।\nइत्युक्ता राक्षसेन्द्रेण राक्षसी क्रोधमूर्च्छिता ॥३-३४-४॥",
        "index": 4,
        "shloka_num": 4
    },
    {
        "text": "ततो रामं यथान्यायमाख्यातुमुपचक्रमे ।\nदीर्घबाहुर्विशालाक्षश्चीरकृष्णाजिनाम्बरः ॥३-३४-५॥",
        "index": 5,
        "shloka_num": 5
    },
    {
        "text": "कन्दर्पसमरूपश्च रामो दशरथात्मजः ।\nशक्रचापनिभं चापं विकृष्य कनकाङ्गदम् ॥३-३४-६॥",
        "index": 6,
        "shloka_num": 6
    },
    {
        "text": "दीप्तान् क्षिपति नाराचान् सर्पानिव महाविषान् ।\nनाददानं शरान् घोरान् विमुञ्चन्तं महाबलम् ॥३-३४-७॥",
        "index": 7,
        "shloka_num": 7
    },
    {
        "text": "न कार्मुकं विकर्षन्तं रामं पश्यामि संयुगे ।\nहन्यमानं तु तत्सैन्यं पश्यामि शरवृष्टिभिः ॥३-३४-८॥",
        "index": 8,
        "shloka_num": 8
    },
    {
        "text": "इन्द्रेणेवोत्तमं सस्यमाहतं त्वश्मवृष्टिभिः ।\nरक्षसां भीमवीर्याणां सहस्राणि चतुर्दश ॥३-३४-९॥",
        "index": 9,
        "shloka_num": 9
    },
    {
        "text": "निहतानि शरैस्तीक्ष्णैस्तेनैकेन पदातिना ।\nअर्धाधिकमुहूर्तेन खरश्च सहदूषणः ॥३-३४-१०॥",
        "index": 10,
        "shloka_num": 10
    },
    {
        "text": "ऋषीणामभयं दत्तं कृतक्षेमाश्च दण्डकाः ॥३-३४-११॥",
        "index": 11,
        "shloka_num": 11
    },
    {
        "text": "एका कथंचिन्मुक्ताहं परिभूय महात्मना ।\nस्त्रीवधं शङ्कमानेन रामेण विदितात्मना ॥३-३४-१२॥",
        "index": 12,
        "shloka_num": 12
    },
    {
        "text": "भ्राता चास्य महातेजा गुणतस्तुल्यविक्रमः ।\nअनुरक्तश्च भक्तश्च लक्ष्मणो नाम वीर्यवान् ॥३-३४-१३॥",
        "index": 13,
        "shloka_num": 13
    },
    {
        "text": "अमर्षी दुर्जयो जेता विक्रान्तो बुद्धिमान् बली ।\nरामस्य दक्षिणो बाहुर्नित्यं प्राणो बहिश्चरः ॥३-३४-१४॥",
        "index": 14,
        "shloka_num": 14
    },
    {
        "text": "रामस्य तु विशालाक्षी पूर्णेन्दुसदृशानना ।\nधर्मपत्नी प्रिया नित्यं भर्तुः प्रियहिते रता ॥३-३४-१५॥",
        "index": 15,
        "shloka_num": 15
    },
    {
        "text": "सा सुकेशी सुनासोरूः सुरूपा च यशस्विनी ।\nदेवतेव वनस्यास्य राजते श्रीरिवापरा ॥३-३४-१६॥",
        "index": 16,
        "shloka_num": 16
    },
    {
        "text": "तप्तकाञ्चनवर्णाभा रक्ततुङ्गनखी शुभा ।\nसीता नाम वरारोहा वैदेही तनुमध्यमा ॥३-३४-१७॥",
        "index": 17,
        "shloka_num": 17
    },
    {
        "text": "नैव देवी न गन्धर्वी न यक्षी न च किंनरी ।\nतथारूपा मया नारी दृष्टपूर्वा महीतले ॥३-३४-१८॥",
        "index": 18,
        "shloka_num": 18
    },
    {
        "text": "यस्य सीता भवेद् भार्या यं च हृष्टा परिष्वजेत् ।\nअभिजीवेत् स सर्वेषु लोकेष्वपि पुरंदरात् ॥३-३४-१९॥",
        "index": 19,
        "shloka_num": 19
    },
    {
        "text": "सा सुशीला वपुःश्लाघ्या रूपेणाप्रतिमा भुवि ।\nतवानुरूपा भार्या सा त्वं च तस्याः पतिर्वरः ॥३-३४-२०॥",
        "index": 20,
        "shloka_num": 20
    },
    {
        "text": "तां तु विस्तीर्णजघनां पीनोत्तुङ्गपयोधराम् ।\nभार्यार्थे तु तवानेतुमुद्यताहं वराननाम् ॥३-३४-२१॥",
        "index": 21,
        "shloka_num": 21
    },
    {
        "text": "विरूपितास्मि क्रूरेण लक्ष्मणेन महाभुज ।\nतां तु दृष्ट्वाद्य वैदेहीं पूर्णचन्द्रनिभाननाम् ॥३-३४-२२॥",
        "index": 22,
        "shloka_num": 22
    },
    {
        "text": "मन्मथस्य शराणां च त्वं विधेयो भविष्यसि ।\nयदि तस्यामभिप्रायो भार्यात्वे तव जायते ।\nशीघ्रमुद्ध्रियतां पादो जयार्थमिह दक्षिणः ॥३-३४-२३॥",
        "index": 23,
        "shloka_num": 23
    },
    {
        "text": "रोचते यदि ते वाक्यं ममैतद् राक्षसेश्वर ।\nक्रियतां निर्विशङ्केन वचनं मम रावण ॥३-३४-२४॥",
        "index": 24,
        "shloka_num": 24
    },
    {
        "text": "विज्ञायैषामशक्तिं च क्रियतां च महाबल ।\nसीता तवानवद्याङ्गी भार्यात्वे राक्षसेश्वर ॥३-३४-२५॥",
        "index": 25,
        "shloka_num": 25
    },
    {
        "text": "निशम्य रामेण शरैरजिह्मगैर्हताञ्जनस्थानगतान् निशाचरान् ।\nखरं च दृष्ट्वा निहतं च दूषणं त्वमद्य कृत्यं प्रतिपत्तुमर्हसि ॥३-३४-२६॥",
        "index": 26,
        "shloka_num": 26
    },
    {
        "text": "इत्यार्षे श्रीमद्रामायणे वाल्मीकीये आदिकाव्ये अरण्यकाण्डे सीताहरणोपदेशः नाम चतुस्त्रिंशः सर्गः ॥३-३४॥",
        "index": 27,
        "shloka_num": null
    }
]