[
    {
        "text": "अथ श्रीमद्वाल्मीकीयरामायणे अरण्यकाण्डे सहायैषणा नाम षड्त्रिंशः सर्गः ॥३-३६॥",
        "index": 0,
        "shloka_num": null
    },
    {
        "text": "मारीच श्रूयतां तात वचनं मम भाषतः ।\nआर्तोऽस्मि मम चार्तस्य भवान् हि परमा गतिः ॥३-३६-१॥",
        "index": 1,
        "shloka_num": 1
    },
    {
        "text": "जानीषे त्वं जनस्थानं भ्राता यत्र खरो मम ।\nदूषणश्च महाबाहुः स्वसा शूर्पणखा च मे ॥३-३६-२॥",
        "index": 2,
        "shloka_num": 2
    },
    {
        "text": "त्रिशिराश्च महाबाहू राक्षसः पिशिताशनः ।\nअन्ये च बहवः शूरा लब्धलक्षा निशाचराः ॥३-३६-३॥",
        "index": 3,
        "shloka_num": 3
    },
    {
        "text": "वसन्ति मन्नियोगेन अधिवासं च राक्षसाः ।\nबाधमाना महारण्ये मुनीन् ये धर्मचारिणः ॥३-३६-४॥",
        "index": 4,
        "shloka_num": 4
    },
    {
        "text": "चतुर्दश सहस्राणि रक्षसां भीमकर्मणाम् ।\nशूराणां लब्धलक्षाणां खरचित्तानुवर्तिनाम् ॥३-३६-५॥",
        "index": 5,
        "shloka_num": 5
    },
    {
        "text": "ते त्विदानीं जनस्थाने वसमाना महाबलाः ।\nसङ्गताः परमायत्ता रामेण सह संयुगे ॥३-३६-६॥",
        "index": 6,
        "shloka_num": 6
    },
    {
        "text": "नानाशस्त्रप्रहरणाः खरप्रमुखराक्षसाः ।\nतेन संजातरोषेण रामेण रणमूर्धनि ॥३-३६-७॥",
        "index": 7,
        "shloka_num": 7
    },
    {
        "text": "अनुक्त्वा परुषं किंचिच्छरैर्व्यापारितं धनुः ।\nचतुर्दश सहस्राणि रक्षसामुग्रतेजसाम् ॥३-३६-८॥",
        "index": 8,
        "shloka_num": 8
    },
    {
        "text": "निहतानि शरैर्दीप्तैर्मानुषेण पदातिना ।\nखरश्च निहतः संख्ये दूषणश्च निपातितः ॥३-३६-९॥",
        "index": 9,
        "shloka_num": 9
    },
    {
        "text": "हत्वा त्रिशिरसं चापि निर्भया दण्डकाः कृताः ।\nपित्रा निरस्तः क्रुद्धेन सभार्यः क्षीणजीवितः ॥३-३६-१०॥",
        "index": 10,
        "shloka_num": 10
    },
    {
        "text": "स हन्ता तस्य सैन्यस्य रामः क्षत्रियपांसनः ।\nअशीलः कर्कशस्तीक्ष्णो मूर्खो लुब्धोऽजितेन्द्रियः ॥३-३६-११॥",
        "index": 11,
        "shloka_num": 11
    },
    {
        "text": "त्यक्तधर्मा त्वधर्मात्मा भूतानामहिते रतः ।\nयेन वैरं विनारण्ये सत्त्वमास्थाय केवलम् ॥३-३६-१२॥",
        "index": 12,
        "shloka_num": 12
    },
    {
        "text": "कर्णनासापहारेण भगिनी मे विरूपिता ।\nअस्य भार्यां जनस्थानात् सीतां सुरसुतोपमाम् ॥३-३६-१३॥",
        "index": 13,
        "shloka_num": 13
    },
    {
        "text": "आनयिष्यामि विक्रम्य सहायस्तत्र मे भव ।\nत्वया ह्यहं सहायेन पार्श्वस्थेन महाबल ॥३-३६-१४॥",
        "index": 14,
        "shloka_num": 14
    },
    {
        "text": "भ्रातृभिश्च सुरान् सर्वान् नाहमत्राभिचिन्तये ।\nतत्सहायो भव त्वं मे समर्थो ह्यसि राक्षस ॥३-३६-१५॥",
        "index": 15,
        "shloka_num": 15
    },
    {
        "text": "वीर्ये युद्धे च दर्पे च न ह्यस्ति सदृशस्तव ।\nउपायतो महान् शूरो महामायाविशारदः ॥३-३६-१६॥",
        "index": 16,
        "shloka_num": 16
    },
    {
        "text": "एतदर्थमहं प्राप्तस्त्वत्समीपं निशाचर ।\nशृणु तत् कर्म साहाय्ये यत् कार्यं वचनान्मम ॥३-३६-१७॥",
        "index": 17,
        "shloka_num": 17
    },
    {
        "text": "सौवर्णस्त्वं मृगो भूत्वा चित्रो रजतबिन्दुभिः ।\nआश्रमे तस्य रामस्य सीतायाः प्रमुखे चर ॥३-३६-१८॥",
        "index": 18,
        "shloka_num": 18
    },
    {
        "text": "त्वां तु निःसंशयं सीता दृष्ट्वा तु मृगरूपिणम् ।\nगृह्यतामिति भर्तारं लक्ष्मणं चाभिधास्यति ॥३-३६-१९॥",
        "index": 19,
        "shloka_num": 19
    },
    {
        "text": "ततस्तयोरपाये तु शून्ये सीतां यथासुखम् ।\nनिराबाधो हरिष्यामि राहुश्चन्द्रप्रभामिव ॥३-३६-२०॥",
        "index": 20,
        "shloka_num": 20
    },
    {
        "text": "ततः पश्चात् सुखं रामे भार्याहरणकर्शिते ।\nविश्रब्धं प्रहरिष्यामि कृतार्थेनान्तरात्मना ॥३-३६-२१॥",
        "index": 21,
        "shloka_num": 21
    },
    {
        "text": "तस्य रामकथां श्रुत्वा मारीचस्य महात्मनः ।\nशुष्कं समभवद् वक्त्रं परित्रस्तो बभूव च ॥३-३६-२२॥",
        "index": 22,
        "shloka_num": 22
    },
    {
        "text": "ओष्ठौ परिलिहन् शुष्कौ नेत्रैरनिमिषैरिव ।\nमृतभूत इवार्तस्तु रावणं समुदैक्षत ॥३-३६-२३॥",
        "index": 23,
        "shloka_num": 23
    },
    {
        "text": "स रावणं त्रस्तविषण्णचेता महावने रामपराक्रमज्ञः ।\nकृताञ्जलिस्तत्त्वमुवाच वाक्यं हितं च तस्मै हितमात्मनश्च ॥३-३६-२४॥",
        "index": 24,
        "shloka_num": 24
    },
    {
        "text": "इत्यार्षे श्रीमद्रामायणे वाल्मीकीये आदिकाव्ये अरण्यकाण्डे सहायैषणा नाम षड्त्रिंशः सर्गः ॥३-३६॥",
        "index": 25,
        "shloka_num": null
    }
]