[
    {
        "text": "अथ श्रीमद्वाल्मीकीयरामायणे अरण्यकाण्डे रामास्त्रमहिमा नाम अष्टात्रिंशः सर्गः ॥३-३८॥",
        "index": 0,
        "shloka_num": null
    },
    {
        "text": "कदाचिदप्यहं वीर्यात् पर्यटन् पृथिवीमिमाम् ।\nबलं नागसहस्रस्य धारयन् पर्वतोपमः ॥३-३८-१॥",
        "index": 1,
        "shloka_num": 1
    },
    {
        "text": "नीलजीमूतसंकाशस्तप्तकाञ्चनकुण्डलः ।\nभयं लोकस्य जनयन् किरीटी परिघायुधः ॥३-३८-२॥",
        "index": 2,
        "shloka_num": 2
    },
    {
        "text": "व्यचरन् दण्डकारण्यमृषिमांसानि भक्षयन् ।\nविश्वामित्रोऽथ धर्मात्मा मद्वित्रस्तो महामुनिः ॥३-३८-३॥",
        "index": 3,
        "shloka_num": 3
    },
    {
        "text": "स्वयं गत्वा दशरथं नरेन्द्रमिदमब्रवीत् ।\nअयं रक्षतु मां रामः पर्वकाले समाहितः ॥३-३८-४॥",
        "index": 4,
        "shloka_num": 4
    },
    {
        "text": "मारीचान्मे भयं घोरं समुत्पन्नं नरेश्वर ।\nइत्येवमुक्तो धर्मात्मा राजा दशरथस्तदा ॥३-३८-५॥",
        "index": 5,
        "shloka_num": 5
    },
    {
        "text": "प्रत्युवाच महाभागं विश्वामित्रं महामुनिम् ।\nऊनद्वादशवर्षोऽयमकृतास्त्रश्च राघवः ॥३-३८-६॥",
        "index": 6,
        "shloka_num": 6
    },
    {
        "text": "कामं तु मम तत् सैन्यं मया सह गमिष्यति ।\nबलेन चतुरङ्गेण स्वयमेत्य निशाचरम् ॥३-३८-७॥",
        "index": 7,
        "shloka_num": 7
    },
    {
        "text": "वधिष्यामि मुनिश्रेष्ठ शत्रुं तव यथेप्सितम् ।\nएवमुक्तः स तु मुनी राजानमिदमब्रवीत् ॥३-३८-८॥",
        "index": 8,
        "shloka_num": 8
    },
    {
        "text": "रामान्नान्यद् बलं लोके पर्याप्तं तस्य रक्षसः ।\nदेवतानामपि भवान् समरेष्वभिपालकः ॥३-३८-९॥",
        "index": 9,
        "shloka_num": 9
    },
    {
        "text": "आसीत् तव कृतं कर्म त्रिलोकविदितं नृप ।\nकाममस्ति महत् सैन्यं तिष्ठत्विह परंतप ॥३-३८-१०॥",
        "index": 10,
        "shloka_num": 10
    },
    {
        "text": "बालोऽप्येष महातेजाः समर्थस्तस्य निग्रहे ।\nगमिष्ये राममादाय स्वस्ति तेऽस्तु परंतप ॥३-३८-११॥",
        "index": 11,
        "shloka_num": 11
    },
    {
        "text": "इत्येवमुक्त्वा स मुनिस्तमादाय नृपात्मजम् ।\nजगाम परमप्रीतो विश्वामित्रः स्वमाश्रमम् ॥३-३८-१२॥",
        "index": 12,
        "shloka_num": 12
    },
    {
        "text": "तं तथा दण्डकारण्ये यज्ञमुद्दिश्य दीक्षितम् ।\nबभूवोपस्थितो रामश्चित्रं विस्फारयन् धनुः ॥३-३८-१३॥",
        "index": 13,
        "shloka_num": 13
    },
    {
        "text": "अजातव्यञ्जनः श्रीमान् बालः श्यामः शुभेक्षणः ।\nएकवस्त्रधरो धन्वी शिखी कनकमालया ॥३-३८-१४॥",
        "index": 14,
        "shloka_num": 14
    },
    {
        "text": "शोभयन् दण्डकारण्यं दीप्तेन स्वेन तेजसा ।\nअदृश्यत तदा रामो बालचन्द्र इवोदितः ॥३-३८-१५॥",
        "index": 15,
        "shloka_num": 15
    },
    {
        "text": "ततोऽहं मेघसंकाशस्तप्तकाञ्चनकुण्डलः ।\nबली दत्तवरो दर्पादाजगामाश्रमान्तरम् ॥३-३८-१६॥",
        "index": 16,
        "shloka_num": 16
    },
    {
        "text": "तेन दृष्टः प्रविष्टोऽहं सहसैवोद्यतायुधः ।\nमां तु दृष्ट्वा धनुः सज्यमसम्भ्रान्तश्चकार ह ॥३-३८-१७॥",
        "index": 17,
        "shloka_num": 17
    },
    {
        "text": "अवजानन्नहं मोहाद् बालोऽयमिति राघवम् ।\nविश्वामित्रस्य तां वेदिमभ्यधावं कृतत्वरः ॥३-३८-१८॥",
        "index": 18,
        "shloka_num": 18
    },
    {
        "text": "तेन मुक्तस्ततो बाणः शितः शत्रुनिबर्हणः ।\nतेनाहं ताडितः क्षिप्तः समुद्रे शतयोजने ॥३-३८-१९॥",
        "index": 19,
        "shloka_num": 19
    },
    {
        "text": "नेच्छता तात मां हन्तुं तदा वीरेण रक्षितः ।\nरामस्य शरवेगेन निरस्तो भ्रान्तचेतनः ॥३-३८-२०॥",
        "index": 20,
        "shloka_num": 20
    },
    {
        "text": "पातितोऽहं तदा तेन गम्भीरे सागराम्भसि ।\nप्राप्य संज्ञां चिरात् तात लङ्कां प्रति गतः पुरीम् ॥३-३८-२१॥",
        "index": 21,
        "shloka_num": 21
    },
    {
        "text": "एवमस्मि तदा मुक्तः सहायास्ते निपातिताः ।\nअकृतास्त्रेण रामेण बालेनाक्लिष्टकर्मणा ॥३-३८-२२॥",
        "index": 22,
        "shloka_num": 22
    },
    {
        "text": "तन्मया वार्यमाणस्तु यदि रामेण विग्रहम् ।\nकरिष्यस्यापदां घोरां क्षिप्रं प्राप्य न शिष्यसि ॥३-३८-२३॥",
        "index": 23,
        "shloka_num": 23
    },
    {
        "text": "क्रीडारतिविधिज्ञानां समाजोत्सवदर्शिनाम् ।\nरक्षसां चैव संतापमनर्थं चाहरिष्यसि ॥३-३८-२४॥",
        "index": 24,
        "shloka_num": 24
    },
    {
        "text": "हर्म्यप्रासादसम्बाधां नानारत्नविभूषिताम् ।\nद्रक्ष्यसि त्वं पुरीं लङ्कां विनष्टां मैथिलीकृते ॥३-३८-२५॥",
        "index": 25,
        "shloka_num": 25
    },
    {
        "text": "अकुर्वन्तोऽपि पापानि शुचयः पापसंश्रयात् ।\nपरपापैर्विनश्यन्ति मत्स्या नागह्रदे यथा ॥३-३८-२६॥",
        "index": 26,
        "shloka_num": 26
    },
    {
        "text": "दिव्यचन्दनदिग्धाङ्गान् दिव्याभरणभूषितान् ।\nद्रक्ष्यस्यभिहतान् भूमौ तव दोषात् तु राक्षसान् ॥३-३८-२७॥",
        "index": 27,
        "shloka_num": 27
    },
    {
        "text": "हृतदारान् सदारांश्च दश विद्रवतो दिशः ।\nहतशेषानशरणान् द्रक्ष्यसि त्वं निशाचरान् ॥३-३८-२८॥",
        "index": 28,
        "shloka_num": 28
    },
    {
        "text": "शरजालपरिक्षिप्तामग्निज्वालासमावृताम् ।\nप्रदग्धभवनां लङ्कां द्रक्ष्यसि त्वमसंशयम् ॥३-३८-२९॥",
        "index": 29,
        "shloka_num": 29
    },
    {
        "text": "परदाराभिमर्शात् तु नान्यत् पापतरं महत् ।\nप्रमदानां सहस्राणि तव राजन् परिग्रहे ॥३-३८-३०॥",
        "index": 30,
        "shloka_num": 30
    },
    {
        "text": "भव स्वदारनिरतः स्वकुलं रक्ष राक्षसान् ।\nमानं वृद्धिं च राज्यं च जीवितं चेष्टमात्मनः ॥३-३८-३१॥",
        "index": 31,
        "shloka_num": 31
    },
    {
        "text": "कलत्राणि च सौम्यानि मित्रवर्गं तथैव च ।\nयदीच्छसि चिरं भोक्तुं मा कृथा रामविप्रियम् ॥३-३८-३२॥",
        "index": 32,
        "shloka_num": 32
    },
    {
        "text": "निवार्यमाणः सुहृदा मया भृशं प्रसह्य सीतां यदि धर्षयिष्यसि ।\nगमिष्यसि क्षीणबलः सबान्धवो यमक्षयं रामशरास्तजीवितः ॥३-३८-३३॥",
        "index": 33,
        "shloka_num": 33
    },
    {
        "text": "इत्यार्षे श्रीमद्रामायणे वाल्मीकीये आदिकाव्ये अरण्यकाण्डे रामास्त्रमहिमा नाम अष्टात्रिंशः सर्गः ॥३-३८॥",
        "index": 34,
        "shloka_num": null
    }
]