[
    {
        "text": "अथ श्रीमद्वाल्मीकीयरामायणे अरण्यकाण्डे स्वर्णमृगप्रेक्षणम् नाम द्विचत्वारिंशः सर्गः ॥३-४२॥",
        "index": 0,
        "shloka_num": null
    },
    {
        "text": "एवमुक्त्वा तु परुषं मारीचो रावणं ततः ।\nगच्छावेत्यब्रवीद् दीनो भयाद् रात्रिंचरप्रभोः ॥३-४२-१॥",
        "index": 1,
        "shloka_num": 1
    },
    {
        "text": "दृष्टश्चाहं पुनस्तेन शरचापासिधारिणा ।\nमद्वधोद्यतशस्त्रेण निहतं जीवितं च मे ॥३-४२-२॥",
        "index": 2,
        "shloka_num": 2
    },
    {
        "text": "नहि रामं पराक्रम्य जीवन् प्रतिनिवर्तते ।\nवर्तते प्रतिरूपोऽसौ यमदण्डहतस्य ते ॥३-४२-३॥",
        "index": 3,
        "shloka_num": 3
    },
    {
        "text": "किं नु कर्तुं मया शक्यमेवं त्वयि दुरात्मनि ।\nएष गच्छाम्यहं तात स्वस्ति तेऽस्तु निशाचर ॥३-४२-४॥",
        "index": 4,
        "shloka_num": 4
    },
    {
        "text": "प्रहृष्टस्त्वभवत् तेन वचनेन स राक्षसः ।\nपरिष्वज्य सुसंश्लिष्टमिदं वचनमब्रवीत् ॥३-४२-५॥",
        "index": 5,
        "shloka_num": 5
    },
    {
        "text": "एतच्छौटीर्ययुक्तं ते मच्छन्दवशवर्तिनः ।\nइदानीमसि मारीचः पूर्वमन्यो हि राक्षसः ॥३-४२-६॥",
        "index": 6,
        "shloka_num": 6
    },
    {
        "text": "आरुह्यतामयं शीघ्रं खगो रत्नविभूषितः ।\nमया सह रथो युक्तः पिशाचवदनैः खरैः ॥३-४२-७॥",
        "index": 7,
        "shloka_num": 7
    },
    {
        "text": "प्रलोभयित्वा वैदेहीं यथेष्टं गन्तुमर्हसि ।\nतां शून्ये प्रसभं सीतामानयिष्यामि मैथिलीम् ॥३-४२-८॥",
        "index": 8,
        "shloka_num": 8
    },
    {
        "text": "ततस्तथेत्युवाचैनं रावणं ताटकासुतः ।\nततो रावणमारीचौ विमानमिव तं रथम् ॥३-४२-९॥",
        "index": 9,
        "shloka_num": 9
    },
    {
        "text": "आरुह्याययतुः शीघ्रं तस्मादाश्रममण्डलात् ।\nतथैव तत्र पश्यन्तौ पत्तनानि वनानि च ॥३-४२-१०॥",
        "index": 10,
        "shloka_num": 10
    },
    {
        "text": "गिरींश्च सरितः सर्वा राष्ट्राणि नगराणि च ।\nसमेत्य दण्डकारण्यं राघवस्याश्रमं ततः ॥३-४२-११॥",
        "index": 11,
        "shloka_num": 11
    },
    {
        "text": "ददर्श सहमारीचो रावणो राक्षसाधिपः ।\nअवतीर्य रथात् तस्मात् ततः काञ्चनभूषणात् ॥३-४२-१२॥",
        "index": 12,
        "shloka_num": 12
    },
    {
        "text": "हस्ते गृहीत्वा मारीचं रावणो वाक्यमब्रवीत् ।\nएतद् रामाश्रमपदं दृश्यते कदलीवृतम् ॥३-४२-१३॥",
        "index": 13,
        "shloka_num": 13
    },
    {
        "text": "क्रियतां तत् सखे शीघ्रं यदर्थं वयमागताः ।\nस रावणवचः श्रुत्वा मारीचो राक्षसस्तदा ॥३-४२-१४॥",
        "index": 14,
        "shloka_num": 14
    },
    {
        "text": "मृगो भूत्वाऽऽश्रमद्वारि रामस्य विचचार ह ।\nस तु रूपं समास्थाय महदद्भुतदर्शनम् ॥३-४२-१५॥",
        "index": 15,
        "shloka_num": 15
    },
    {
        "text": "मणिप्रवरशृङ्गाग्रः सितासितमुखाकृतिः ।\nरक्तपद्मोत्पलमुख इन्द्रनीलोत्पलश्रवाः ॥३-४२-१६॥",
        "index": 16,
        "shloka_num": 16
    },
    {
        "text": "किंचिदभ्युन्नतग्रीव इन्द्रनीलनिभोदरः ।\nमधूकनिभपार्श्वश्च कञ्जकिञ्जल्कसंनिभः ॥३-४२-१७॥",
        "index": 17,
        "shloka_num": 17
    },
    {
        "text": "वैदूर्यसंकाशखुरस्तनुजङ्घः सुसंहतः ।\nइन्द्रायुधसवर्णेन पुच्छेनोर्ध्वं विराजितः ॥३-४२-१८॥",
        "index": 18,
        "shloka_num": 18
    },
    {
        "text": "मनोहरस्निग्धवर्णो रत्नैर्नानाविधैर्वृतः ।\nक्षणेन राक्षसो जातो मृगः परमशोभनः ॥३-४२-१९॥",
        "index": 19,
        "shloka_num": 19
    },
    {
        "text": "वनं प्रज्वलयन् रम्यं रामाश्रमपदं च तत् ।\nमनोहरं दर्शनीयं रूपं कृत्वा स राक्षसः ॥३-४२-२०॥",
        "index": 20,
        "shloka_num": 20
    },
    {
        "text": "प्रलोभनार्थं वैदेह्या नानाधातुविचित्रितम् ।\nविचरन् गच्छते सम्यक् शाद्वलानि समन्ततः ॥३-४२-२१॥",
        "index": 21,
        "shloka_num": 21
    },
    {
        "text": "रौप्यैर्बिन्दुशतैश्चित्रं भूत्वा च प्रियदर्शनः ।\nविटपीनां किसलयान् भक्षयन् विचचार ह ॥३-४२-२२॥",
        "index": 22,
        "shloka_num": 22
    },
    {
        "text": "कदलीगृहकं गत्वा कर्णिकारानितस्ततः ।\nसमाश्रयन् मन्दगतिं सीतासंदर्शनं ततः ॥३-४२-२३॥",
        "index": 23,
        "shloka_num": 23
    },
    {
        "text": "राजीवचित्रपृष्ठः स विरराज महामृगः ।\nरामाश्रमपदाभ्याशे विचचार यथासुखम् ॥३-४२-२४॥",
        "index": 24,
        "shloka_num": 24
    },
    {
        "text": "पुनर्गत्वा निवृत्तश्च विचचार मृगोत्तमः ।\nगत्वा मुहूर्तं त्वरया पुनः प्रतिनिवर्तते ॥३-४२-२५॥",
        "index": 25,
        "shloka_num": 25
    },
    {
        "text": "विक्रीडंश्च क्वचिद् भूमौ पुनरेव निषीदति ।\nआश्रमद्वारमागम्य मृगयूथानि गच्छति ॥३-४२-२६॥",
        "index": 26,
        "shloka_num": 26
    },
    {
        "text": "मृगयूथैरनुगतः पुनरेव निवर्तते ।\nसीतादर्शनमाकांक्षन् राक्षसो मृगतां गतः ॥३-४२-२७॥",
        "index": 27,
        "shloka_num": 27
    },
    {
        "text": "परिभ्रमति चित्राणि मण्डलानि विनिष्पतन् ।\nसमुद्वीक्ष्य च सर्वे तं मृगा येऽन्ये वनेचराः ॥३-४२-२८॥",
        "index": 28,
        "shloka_num": 28
    },
    {
        "text": "उपगम्य समाघ्राय विद्रवन्ति दिशो दश ।\nराक्षसः सोऽपि तान् वन्यान् मृगान् मृगवधे रतः ॥३-४२-२९॥",
        "index": 29,
        "shloka_num": 29
    },
    {
        "text": "प्रच्छादनार्थं भावस्य न भक्षयति संस्पृशन् ।\nतस्मिन् नेव ततः काले वैदेही शुभलोचना ॥३-४२-३०॥",
        "index": 30,
        "shloka_num": 30
    },
    {
        "text": "कुसुमापचये व्यग्रा पादपानत्यवर्तत ।\nकर्णिकारानशोकांश्च चूतांश्च मदिरेक्षणा ॥३-४२-३१॥",
        "index": 31,
        "shloka_num": 31
    },
    {
        "text": "कुसुमान्यपचिन्वन्ती चचार रुचिरानना ।\nअनर्हा वनवासस्य सा तं रत्नमयं मृगम् ॥३-४२-३२॥",
        "index": 32,
        "shloka_num": 32
    },
    {
        "text": "मुक्तामणिविचित्राङ्गं ददर्श परमाङ्गना ।\nतं वै रुचिरदन्तोष्ठं रूप्यधातुतनूरुहम् ॥३-४२-३३॥",
        "index": 33,
        "shloka_num": 33
    },
    {
        "text": "विस्मयोत्फुल्लनयना सस्नेहं समुदैक्षत ।\nस च तां रामदयितां पश्यन् मायामयो मृगः ॥३-४२-३४॥",
        "index": 34,
        "shloka_num": 34
    },
    {
        "text": "विचचार ततस्तत्र दीपयन्निव तद् वनम् ।\nअदृष्टपूर्वं दृष्ट्वा तं नानारत्नमयं मृगम् ।\nविस्मयं परमं सीता जगाम जनकात्मजा ॥३-४२-३५॥",
        "index": 35,
        "shloka_num": 35
    },
    {
        "text": "इत्यार्षे श्रीमद्रामायणे वाल्मीकीये आदिकाव्ये अरण्यकाण्डे स्वर्णमृगप्रेक्षणम् नाम द्विचत्वारिंशः सर्गः ॥३-४२॥",
        "index": 36,
        "shloka_num": null
    }
]