[
    {
        "text": "अथ श्रीमद्वाल्मीकीयरामायणे अरण्यकाण्डे रावणभर्त्सनम् नाम त्रिपञ्चाशः सर्गः ॥३-५३॥",
        "index": 0,
        "shloka_num": null
    },
    {
        "text": "खमुत्पतन्तं तं दृष्ट्वा मैथिली जनकात्मजा ।\nदुःखिता परमोद्विग्ना भये महति वर्तिनी ॥३-५३-१॥",
        "index": 1,
        "shloka_num": 1
    },
    {
        "text": "रोषरोदनताम्राक्षी भीमाक्षं राक्षसाधिपम् ।\nरुदती करुणं सीता ह्रियमाणा तमब्रवीत् ॥३-५३-२॥",
        "index": 2,
        "shloka_num": 2
    },
    {
        "text": "न व्यपत्रपसे नीच कर्मणानेन रावण ।\nज्ञात्वा विरहितां यो मां चोरयित्वा पलायसे ॥३-५३-३॥",
        "index": 3,
        "shloka_num": 3
    },
    {
        "text": "त्वयैव नूनं दुष्टात्मन् भीरुणा हर्तुमिच्छता ।\nममापवाहितो भर्ता मृगरूपेण मायया ॥३-५३-४॥",
        "index": 4,
        "shloka_num": 4
    },
    {
        "text": "यो हि मामुद्यतस्त्रातुं सोऽप्ययं विनिपातितः ।\nगृध्रराजः पुराणोऽसौ श्वशुरस्य सखा मम ॥३-५३-५॥",
        "index": 5,
        "shloka_num": 5
    },
    {
        "text": "परमं खलु ते वीर्यं दृश्यते राक्षसाधम ।\nविश्राव्य नामधेयं हि युद्धे नास्मि जिता त्वया ॥३-५३-६॥",
        "index": 6,
        "shloka_num": 6
    },
    {
        "text": "ईदृशं गर्हितं कर्म कथं कृत्वा न लज्जसे ।\nस्त्रियाश्चाहरणं नीच रहिते च परस्य च ॥३-५३-७॥",
        "index": 7,
        "shloka_num": 7
    },
    {
        "text": "कथयिष्यन्ति लोकेषु पुरुषाः कर्म कुत्सितम् ।\nसुनृशंसमधर्मिष्ठं तव शौटीर्यमानिनः ॥३-५३-८॥",
        "index": 8,
        "shloka_num": 8
    },
    {
        "text": "धिक् ते शौर्यं च सत्त्वं च यत्त्वया कथितं तदा ।\nकुलाक्रोशकरं लोके धिक् ते चारित्रमीदृशम् ॥३-५३-९॥",
        "index": 9,
        "shloka_num": 9
    },
    {
        "text": "किं शक्यं कर्तुमेवं हि यज्जवेनैव धावसि ।\nमुहूर्तमपि तिष्ठ त्वं न जीवन् प्रतियास्यसि ॥३-५३-१०॥",
        "index": 10,
        "shloka_num": 10
    },
    {
        "text": "नहि चक्षुःपथं प्राप्य तयोः पार्थिवपुत्रयोः ।\nससैन्योऽपि समर्थस्त्वं मुहूर्तमपि जीवितुम् ॥३-५३-११॥",
        "index": 11,
        "shloka_num": 11
    },
    {
        "text": "न त्वं तयोः शरस्पर्शं सोढुं शक्तः कथंचन ।\nवने प्रज्वलितस्येव स्पर्शमग्नेर्विहंगमः ॥३-५३-१२॥",
        "index": 12,
        "shloka_num": 12
    },
    {
        "text": "साधु कृत्वाऽऽत्मनः पथ्यं साधु मां मुञ्च रावण ।\nमत्प्रधर्षणसंक्रुद्धो भ्रात्रा सह पतिर्मम ॥३-५३-१३॥",
        "index": 13,
        "shloka_num": 13
    },
    {
        "text": "विधास्यति विनाशाय त्वं मां यदि न मुञ्चसि ।\nयेन त्वं व्यवसायेन बलान्मां हर्तुमिच्छसि ॥३-५३-१४॥",
        "index": 14,
        "shloka_num": 14
    },
    {
        "text": "व्यवसायस्तु ते नीच भविष्यति निरर्थकः ।\nनह्यहं तमपश्यन्ती भर्तारं विबुधोपमम् ॥३-५३-१५॥",
        "index": 15,
        "shloka_num": 15
    },
    {
        "text": "उत्सहे शत्रुवशगा प्राणान् धारयितुं चिरम् ।\nन नूनं चात्मनः श्रेयः पथ्यं वा समवेक्षसे ॥३-५३-१६॥",
        "index": 16,
        "shloka_num": 16
    },
    {
        "text": "मृत्युकाले यथा मर्त्यो विपरीतानि सेवते ।\nमुमूर्षूणां तु सर्वेषां यत् पथ्यं तन्न रोचते ॥३-५३-१७॥",
        "index": 17,
        "shloka_num": 17
    },
    {
        "text": "पश्यामीह हि कण्ठे त्वां कालपाशावपाशितम् ।\nयथा चास्मिन् भयस्थाने न बिभेषि निशाचर ॥३-५३-१८॥",
        "index": 18,
        "shloka_num": 18
    },
    {
        "text": "व्यक्तं हिरण्मयांस्त्वं हि सम्पश्यसि महीरुहान् ।\nनदीं वैतरणीं घोरां रुधिरौघविवाहिनीम् ॥३-५३-१९॥",
        "index": 19,
        "shloka_num": 19
    },
    {
        "text": "खड्गपत्रवनं चैव भीमं पश्यसि रावण ।\nतप्तकाञ्चनपुष्पां च वैदूर्यप्रवरच्छदाम् ॥३-५३-२०॥",
        "index": 20,
        "shloka_num": 20
    },
    {
        "text": "द्रक्ष्यसे शाल्मलीं तीक्ष्णामायसैः कण्टकैश्चिताम् ।\nनहि त्वमीदृशं कृत्वा तस्यालीकं महात्मनः ॥३-५३-२१॥",
        "index": 21,
        "shloka_num": 21
    },
    {
        "text": "धारितुं शक्ष्यसि चिरं विषं पीत्वेव निर्घृण ।\nबद्धस्त्वं कालपाशेन दुर्निवारेण रावण ॥३-५३-२२॥",
        "index": 22,
        "shloka_num": 22
    },
    {
        "text": "क्व गतो लप्स्यसे शर्म मम भर्तुर्महात्मनः ।\nनिमेषान्तरमात्रेण विना भ्रातरमाहवे ॥३-५३-२३॥",
        "index": 23,
        "shloka_num": 23
    },
    {
        "text": "राक्षसा निहता येन सहस्राणि चतुर्दश ।\nकथं स राघवो वीरः सर्वास्त्रकुशलो बली ॥३-५३-२४॥",
        "index": 24,
        "shloka_num": 24
    },
    {
        "text": "न त्वां हन्याच्छरैस्तीक्ष्णैरिष्टभार्यापहारिणम् ।\nएतच्चान्यच्च परुषं वैदेही रावणाङ्कगा ।\nभयशोकसमाविष्टा करुणं विललाप ह ॥३-५३-२५॥",
        "index": 25,
        "shloka_num": 25
    },
    {
        "text": "तदा भृशार्तां बहु चैव भाषिणीं विलापपूर्वं करुणं च भामिनीम् ।\nजहार पापस्तरुणीं विचेष्टतीं नृपात्मजामागतगात्रवेपथुः ॥३-५३-२६॥",
        "index": 26,
        "shloka_num": 26
    },
    {
        "text": "इत्यार्षे श्रीमद्रामायणे वाल्मीकीये आदिकाव्ये अरण्यकाण्डे रावणभर्त्सनम् नाम त्रिपञ्चाशः सर्गः ॥३-५३॥",
        "index": 27,
        "shloka_num": null
    }
]