[
    {
        "text": "अथ श्रीमद्वाल्मीकीयरामायणे अरण्यकाण्डे वत्सरावधिकरणम् नाम षट्पञ्चाशः सर्गः ॥३-५६॥",
        "index": 0,
        "shloka_num": null
    },
    {
        "text": "प्रवेशितायां सीतायां लङ्कां प्रति पितामहः ।\nतदा प्रोवाच देवेन्द्रं परितुष्टं शतक्रतुम् ॥३-५६-१॥",
        "index": 1,
        "shloka_num": 1
    },
    {
        "text": "त्रैलोक्यस्य हितार्थाय रक्षसामहिताय च ।\nलङ्कां प्रवेशिता सीता रावणेन दुरात्मना ॥३-५६-२॥",
        "index": 2,
        "shloka_num": 2
    },
    {
        "text": "पतिव्रता महाभागा नित्यं चैव सुखैधिता ।\nअपश्यन्ती च भर्तारं पश्यन्ती राक्षसीजनम् ॥३-५६-३॥",
        "index": 3,
        "shloka_num": 3
    },
    {
        "text": "राक्षसीभिः परिवृता भर्तृदर्शनलालसा ।\nनिविष्टा हि पुरी लङ्का तीरे नदनदीपतेः ॥३-५६-४॥",
        "index": 4,
        "shloka_num": 4
    },
    {
        "text": "कथं ज्ञास्यति तां रामस्तत्रस्थां तामनिन्दिताम् ।\nदुःखं संचिन्तयन्ती सा बहुशः परिदुर्लभा ॥३-५६-५॥",
        "index": 5,
        "shloka_num": 5
    },
    {
        "text": "प्राणयात्रामकुर्वाणा प्राणांस्त्यक्ष्यत्यसंशयम् ।\nस भूयः संशयो जातः सीतायाः प्राणसंक्षये ॥३-५६-६॥",
        "index": 6,
        "shloka_num": 6
    },
    {
        "text": "स त्वं शीघ्रमितो गत्वा सीतां पश्य शुभाननाम् ।\nप्रविश्य नगरीं लङ्कां प्रयच्छ हविरुत्तमम् ॥३-५६-७॥",
        "index": 7,
        "shloka_num": 7
    },
    {
        "text": "एवमुक्तोऽथ देवेन्द्रः पुरीं रावणपालिताम् ।\nआगच्छन्निद्रया सार्धं भगवान् पाकशासनः ॥३-५६-८॥",
        "index": 8,
        "shloka_num": 8
    },
    {
        "text": "निद्रां चोवाच गच्छ त्वं राक्षसान् सम्प्रमोहय ।\nसा तथोक्ता मघवता देवी परमहर्षिता ॥३-५६-९॥",
        "index": 9,
        "shloka_num": 9
    },
    {
        "text": "देवकार्यार्थसिद्ध्यर्थं प्रामोहयत राक्षसान् ।\nएतस्मिन्नन्तरे देवः सहस्राक्षः शचीपतिः ॥३-५६-१०॥",
        "index": 10,
        "shloka_num": 10
    },
    {
        "text": "आससाद वनस्थां तां वचनं चेदमब्रवीत् ।\nदेवराजोऽस्मि भद्रं ते इह चास्मि शुचिस्मिते ॥३-५६-११॥",
        "index": 11,
        "shloka_num": 11
    },
    {
        "text": "अहं त्वां कार्यसिद्ध्यर्थं राघवस्य महात्मनः ।\nसाहाय्यं कल्पयिष्यामि मा शुचो जनकात्मजे ॥३-५६-१२॥",
        "index": 12,
        "shloka_num": 12
    },
    {
        "text": "मत्प्रसादात् समुद्रं स तरिष्यति बलैः सह ।\nमयैवेह च राक्षस्यो मायया मोहिताः शुभे ॥३-५६-१३॥",
        "index": 13,
        "shloka_num": 13
    },
    {
        "text": "तस्मादन्नमिदं सीते हविष्यान्नमहं स्वयम् ।\nस त्वां संगृह्य वैदेहि आगतः सह निद्रया ॥३-५६-१४॥",
        "index": 14,
        "shloka_num": 14
    },
    {
        "text": "एतदत्स्यसि मद्धस्तान्न त्वां बाधिष्यते शुभे ।\nक्षुधा तृषा च रम्भोरु वर्षाणामयुतैरपि ॥३-५६-१५॥",
        "index": 15,
        "shloka_num": 15
    },
    {
        "text": "एवमुक्ता तु देवेन्द्रमुवाच परिशङ्किता ।\nकथं जानामि देवेन्द्रं त्वामिहस्थं शचीपतिम् ॥३-५६-१६॥",
        "index": 16,
        "shloka_num": 16
    },
    {
        "text": "देवलिङ्गानि दृष्टानि रामलक्ष्मणसंनिधौ ।\nतानि दर्शय देवेन्द्र यदि त्वं देवराट् स्वयम् ॥३-५६-१७॥",
        "index": 17,
        "shloka_num": 17
    },
    {
        "text": "सीताया वचनं श्रुत्वा तथा चक्रे शचीपतिः ।\nपृथिवीं नास्पृशत् पद्भ्यामनिमेषेक्षणानि च ॥३-५६-१८॥",
        "index": 18,
        "shloka_num": 18
    },
    {
        "text": "अरजोऽम्बरधारी च न म्लानकुसुमस्तथा ।\nतं ज्ञात्वा लक्षणैः सीता वासवं परिहर्षिता ॥३-५६-१९॥",
        "index": 19,
        "shloka_num": 19
    },
    {
        "text": "उवाच वाक्यं रुदती भगवन् राघवं प्रति ।\nसह भ्रात्रा महाबाहुर्दिष्ट्या मे श्रुतिमागतः ॥३-५६-२०॥",
        "index": 20,
        "shloka_num": 20
    },
    {
        "text": "यथा मे श्वशुरो राजा यथा च मिथिलाधिपः ।\nतथा त्वामद्य पश्यामि सनाथो मे पतिस्त्वया ॥३-५६-२१॥",
        "index": 21,
        "shloka_num": 21
    },
    {
        "text": "तवाज्ञया च देवेन्द्र पयोभूतमिदं हविः ।\nअशिष्यामि त्वया दत्तं रघूणां कुलवर्धनम् ॥३-५६-२२॥",
        "index": 22,
        "shloka_num": 22
    },
    {
        "text": "इन्द्रहस्ताद् गृहीत्वा तत् पायसं सा शुचिस्मिता ।\nन्यवेदयत भर्त्रे सा लक्ष्मणाय च मैथिली ॥३-५६-२३॥",
        "index": 23,
        "shloka_num": 23
    },
    {
        "text": "यदि जीवति मे भर्ता सह भ्रात्रा महाबलः ।\nइदमस्तु तयोर्भक्त्या तदाश्नात् पायसं स्वयम् ॥३-५६-२४॥",
        "index": 24,
        "shloka_num": 24
    },
    {
        "text": "इतीव तत् प्राश्य हविर्वरानना जहौ क्षुधादुःखसमुद्भवं च तम् ।\nइन्द्रात् प्रवृत्तिम् उपलभ्य जानकी काकुत्स्थयोः प्रीतमना बभूव ॥३-५६-२५॥",
        "index": 25,
        "shloka_num": 25
    },
    {
        "text": "स चापि शक्रस्त्रिदिवालयं तदा प्रीतो ययौ राघवकार्यसिद्धये ।\nआमन्त्र्य सीतां स ततो महात्मा जगाम निद्रासहितः स्वमालयम् ॥३-५६-२६॥",
        "index": 26,
        "shloka_num": 26
    },
    {
        "text": "इत्यार्षे श्रीमद्रामायणे वाल्मीकीये आदिकाव्ये अरण्यकाण्डे वत्सरावधिकरणम् नाम षट्पञ्चाशः सर्गः ॥३-५६॥",
        "index": 27,
        "shloka_num": null
    }
]