[
    {
        "text": "अथ श्रीमद्वाल्मीकीयरामायणे अरण्यकाण्डे राघवविलापः नाम द्विषष्ठितमः सर्गः ॥३-६२॥",
        "index": 0,
        "shloka_num": null
    },
    {
        "text": "सीतामपश्यन् धर्मात्मा शोकोपहतचेतनः ।\nविललाप महाबाहू रामः कमललोचनः ॥३-६२-१॥",
        "index": 1,
        "shloka_num": 1
    },
    {
        "text": "पश्यन्निव च तां सीतामपश्यन्मन्मथार्दितः ।\nउवाच राघवो वाक्यं विलापाश्रयदुर्वचम् ॥३-६२-२॥",
        "index": 2,
        "shloka_num": 2
    },
    {
        "text": "त्वमशोकस्य शाखाभिः पुष्पप्रियतरा प्रिये ।\nआवृणोषि शरीरं ते मम शोकविवर्धनी ॥३-६२-३॥",
        "index": 3,
        "shloka_num": 3
    },
    {
        "text": "कदलीकाण्डसदृशौ कदल्या संवृतावुभौ ।\nऊरू पश्यामि ते देवि नासि शक्ता निगूहितुम् ॥३-६२-४॥",
        "index": 4,
        "shloka_num": 4
    },
    {
        "text": "कर्णिकारवनं भद्रे हसन्ती देवि सेवसे ।\nअलं ते परिहासेन मम बाधावहेन वै ॥३-६२-५॥",
        "index": 5,
        "shloka_num": 5
    },
    {
        "text": "विशेषेणाश्रमस्थाने हासोऽयं न प्रशस्यते ।\nअवगच्छामि ते शीलं परिहासप्रियं प्रिये ॥३-६२-६॥",
        "index": 6,
        "shloka_num": 6
    },
    {
        "text": "आगच्छ त्वं विशालाक्षि शून्योऽयमुटजस्तव ।\nसुव्यक्तं राक्षसैः सीता भक्षिता वा हृतापि वा ॥३-६२-७॥",
        "index": 7,
        "shloka_num": 7
    },
    {
        "text": "न हि सा विलपन्तं मामुपसम्प्रैति लक्ष्मण ।\nएतानि मृगयूथानि साश्रुनेत्राणि लक्ष्मण ॥३-६२-८॥",
        "index": 8,
        "shloka_num": 8
    },
    {
        "text": "शंसन्तीव हि मे देवीं भक्षितां रजनीचरैः ।\nहा ममार्ये क्व यातासि हा साध्वि वरवर्णिनि ॥३-६२-९॥",
        "index": 9,
        "shloka_num": 9
    },
    {
        "text": "हा सकामाद्य कैकेयी देवि मेऽद्य भविष्यति ।\nसीतया सह निर्यातो विना सीतामुपागतः ॥३-६२-१०॥",
        "index": 10,
        "shloka_num": 10
    },
    {
        "text": "कथं नाम प्रवेक्ष्यामि शून्यमन्तःपुरं मम ।\nनिर्वीर्य इति लोको मां निर्दयश्चेति वक्ष्यति ॥३-६२-११॥",
        "index": 11,
        "shloka_num": 11
    },
    {
        "text": "कातरत्वं प्रकाशं हि सीतापनयनेन मे ।\nनिवृत्तवनवासश्च जनकं मिथिलाधिपम् ॥३-६२-१२॥",
        "index": 12,
        "shloka_num": 12
    },
    {
        "text": "कुशलं परिपृच्छन्तं कथं शक्ष्ये निरीक्षितुम् ।\nविदेहराजो नूनं मां दृष्ट्वा विरहितं तया ॥३-६२-१३॥",
        "index": 13,
        "shloka_num": 13
    },
    {
        "text": "सुताविनाशसंतप्तो मोहस्य वशमेष्यति ।\nअथवा न गमिष्यामि पुरीं भरतपालिताम् ॥३-६२-१४॥",
        "index": 14,
        "shloka_num": 14
    },
    {
        "text": "स्वर्गोऽपि हि तया हीनः शून्य एव मतो मम ।\nतन्मामुत्सृज्य हि वने गच्छायोध्यापुरीं शुभाम् ॥३-६२-१५॥",
        "index": 15,
        "shloka_num": 15
    },
    {
        "text": "न त्वहं तां विना सीतां जीवेयं हि कथंचन ।\nगाढमाश्लिष्य भरतो वाच्यो मद्वचनात् त्वया ॥३-६२-१६॥",
        "index": 16,
        "shloka_num": 16
    },
    {
        "text": "अनुज्ञातोऽसि रामेण पालयेति वसुंधराम् ।\nअम्बा च मम कैकेयी सुमित्रा च त्वया विभो ॥३-६२-१७॥",
        "index": 17,
        "shloka_num": 17
    },
    {
        "text": "कौसल्या च यथान्यायमभिवाद्या ममाज्ञया ।\nरक्षणीया प्रयत्नेन भवता सूक्तचारिणा ॥३-६२-१८॥",
        "index": 18,
        "shloka_num": 18
    },
    {
        "text": "सीतायाश्च विनाशोऽयं मम चामित्रसूदन ।\nविस्तरेण जनन्या मे विनिवेद्यस्त्वया भवेत् ॥३-६२-१९॥",
        "index": 19,
        "shloka_num": 19
    },
    {
        "text": "इति विलपति राघवे तु दीने वनमुपगम्य तया विना सुकेश्या ।\nभयविकलमुखस्तु लक्ष्मणोऽपि व्यथितमना भृशमातुरो बभूव ॥३-६२-२०॥",
        "index": 20,
        "shloka_num": 20
    },
    {
        "text": "इत्यार्षे श्रीमद्रामायणे वाल्मीकीये आदिकाव्ये अरण्यकाण्डे राघवविलापः नाम द्विषष्ठितमः सर्गः ॥३-६२॥",
        "index": 21,
        "shloka_num": null
    }
]