[
    {
        "text": "अथ श्रीमद्वाल्मीकीयरामायणे अरण्यकाण्डे औचित्यप्रबोधनम् नाम षट्षष्ठितमः सर्गः ॥३-६६॥",
        "index": 0,
        "shloka_num": null
    },
    {
        "text": "तं तथा शोकसंतप्तं विलपन्तमनाथवत् ।\nमोहेन महता युक्तं परिद्यूनमचेतसम् ॥३-६६-१॥",
        "index": 1,
        "shloka_num": 1
    },
    {
        "text": "ततः सौमित्रिराश्वस्य मुहूर्तादिव लक्ष्मणः ।\nरामं सम्बोधयामास चरणौ चाभिपीडयन् ॥३-६६-२॥",
        "index": 2,
        "shloka_num": 2
    },
    {
        "text": "महता तपसा चापि महता चापि कर्मणा ।\nराज्ञा दशरथेनासील्लब्धोऽमृतमिवामरैः ॥३-६६-३॥",
        "index": 3,
        "shloka_num": 3
    },
    {
        "text": "तव चैव गुणैर्बद्धस्त्वद्वियोगान्महीपतिः ।\nराजा देवत्वमापन्नो भरतस्य यथा श्रुतम् ॥३-६६-४॥",
        "index": 4,
        "shloka_num": 4
    },
    {
        "text": "यदि दुःखमिदं प्राप्तं काकुत्स्थ न सहिष्यसे ।\nप्राकृतश्चाल्पसत्त्वश्च इतरः कः सहिष्यति ॥३-६६-५॥",
        "index": 5,
        "shloka_num": 5
    },
    {
        "text": "आश्वसिहि नरश्रेष्ठ प्राणिनः कस्य नापदः ।\nसंस्पृशन्त्यग्निवद् राजन् क्षणेन व्यपयान्ति च ॥३-६६-६॥",
        "index": 6,
        "shloka_num": 6
    },
    {
        "text": "दुःखितो हि भवाँल्लोकांस्तेजसा यदि धक्ष्यते ।\nआर्ताः प्रजा नरव्याघ्र क्व नु यास्यन्ति निर्वृतिम् ॥३-६६-७॥",
        "index": 7,
        "shloka_num": 7
    },
    {
        "text": "लोकस्वभाव एवैष ययातिर्नहुषात्मजः ।\nगतः शक्रेण सालोक्यमनयस्तं समस्पृशत् ॥३-६६-८॥",
        "index": 8,
        "shloka_num": 8
    },
    {
        "text": "महर्षिर्यो वसिष्ठस्तु यः पितुर्नः पुरोहितः ।\nअह्ना पुत्रशतं जज्ञे तथैवास्य पुनर्हतम् ॥३-६६-९॥",
        "index": 9,
        "shloka_num": 9
    },
    {
        "text": "या चेयं जगतो माता सर्वलोकनमस्कृता ।\nअस्याश्च चलनं भूमेर्दृश्यते कोसलेश्वर ॥३-६६-१०॥",
        "index": 10,
        "shloka_num": 10
    },
    {
        "text": "यौ धर्मौ जगतो नेत्रौ यत्र सर्वं प्रतिष्ठितम् ।\nआदित्यचन्द्रौ ग्रहणमभ्युपेतौ महाबलौ ॥३-६६-११॥",
        "index": 11,
        "shloka_num": 11
    },
    {
        "text": "सुमहान्त्यपि भूतानि देवाश्च पुरुषर्षभ ।\nन दैवस्य प्रमुञ्चन्ति सर्वभूतानि देहिनः ॥३-६६-१२॥",
        "index": 12,
        "shloka_num": 12
    },
    {
        "text": "शक्रादिष्वपि देवेषु वर्तमानौ नयानयौ ।\nश्रूयेते नरशार्दूल न त्वं शोचितुमर्हसि ॥३-६६-१३॥",
        "index": 13,
        "shloka_num": 13
    },
    {
        "text": "मृतायामपि वैदेह्यां नष्टायामपि राघव ।\nशोचितुं नार्हसे वीर यथान्यः प्राकृतस्तथा ॥३-६६-१४॥",
        "index": 14,
        "shloka_num": 14
    },
    {
        "text": "त्वद्विधा नहि शोचन्ति सततं सर्वदर्शनाः ।\nसुमहत्स्वपि कृच्छ्रेषु रामानिर्विण्णदर्शनाः ॥३-६६-१५॥",
        "index": 15,
        "shloka_num": 15
    },
    {
        "text": "तत्त्वतो हि नरश्रेष्ठ बुद्ध्या समनुचिन्तय ।\nबुद्ध्या युक्ता महाप्राज्ञा विजानन्ति शुभाशुभे ॥३-६६-१६॥",
        "index": 16,
        "shloka_num": 16
    },
    {
        "text": "अदृष्टगुणदोषाणामध्रुवाणां तु कर्मणाम् ।\nनान्तरेण क्रियां तेषां फलमिष्टं च वर्तते ॥३-६६-१७॥",
        "index": 17,
        "shloka_num": 17
    },
    {
        "text": "मामेवं हि पुरा वीर त्वमेव बहुशोक्तवान् ।\nअनुशिष्याद्धि को नु त्वामपि साक्षाद् बृहस्पतिः ॥३-६६-१८॥",
        "index": 18,
        "shloka_num": 18
    },
    {
        "text": "बुद्धिश्च ते महाप्राज्ञ देवैरपि दुरन्वया ।\nशोकेनाभिप्रसुप्तं ते ज्ञानं सम्बोधयाम्यहम् ॥३-६६-१९॥",
        "index": 19,
        "shloka_num": 19
    },
    {
        "text": "दिव्यं च मानुषं चैवमात्मनश्च पराक्रमम् ।\nइक्ष्वाकुवृषभावेक्ष्य यतस्व द्विषतां वधे ॥३-६६-२०॥",
        "index": 20,
        "shloka_num": 20
    },
    {
        "text": "किं ते सर्वविनाशेन कृतेन पुरुषर्षभ ।\nतमेव तु रिपुं पापं विज्ञायोद्धर्तुमर्हसि ॥३-६६-२१॥",
        "index": 21,
        "shloka_num": 21
    },
    {
        "text": "इत्यार्षे श्रीमद्रामायणे वाल्मीकीये आदिकाव्ये अरण्यकाण्डे औचित्यप्रबोधनम् नाम षट्षष्ठितमः सर्गः ॥३-६६॥",
        "index": 22,
        "shloka_num": null
    }
]