[
    {
        "text": "अथ श्रीमद्वाल्मीकीयरामायणे अरण्यकाण्डे गृध्रराजदर्शनम् नाम सप्तषष्ठितमः सर्गः ॥३-६७॥",
        "index": 0,
        "shloka_num": null
    },
    {
        "text": "पूर्वजोऽप्युक्तमात्रस्तु लक्ष्मणेन सुभाषितम् ।\nसारग्राही महासारं प्रतिजग्राह राघवः ॥३-६७-१॥",
        "index": 1,
        "shloka_num": 1
    },
    {
        "text": "स निगृह्य महाबाहुः प्रवृद्धं रोषमात्मनः ।\nअवष्टभ्य धनुश्चित्रं रामो लक्ष्मणमब्रवीत् ॥३-६७-२॥",
        "index": 2,
        "shloka_num": 2
    },
    {
        "text": "किं करिष्यावहे वत्स क्व वा गच्छाव लक्ष्मण ।\nकेनोपायेन पश्यावः सीतामिह विचिन्तय ॥३-६७-३॥",
        "index": 3,
        "shloka_num": 3
    },
    {
        "text": "तं तथा परितापार्तं लक्ष्मणो वाक्यमब्रवीत् ।\nइदमेव जनस्थानं त्वमन्वेषितुमर्हसि ॥३-६७-४॥",
        "index": 4,
        "shloka_num": 4
    },
    {
        "text": "राक्षसैर्बहुभिः कीर्णं नानाद्रुमलतायुतम् ।\nसन्तीह गिरिदुर्गाणि निर्दराः कन्दराणि च ॥३-६७-५॥",
        "index": 5,
        "shloka_num": 5
    },
    {
        "text": "गुहाश्च विविधा घोरा नानामृगगणाकुलाः ।\nआवासाः किंनराणां च गन्धर्वभवनानि च ॥३-६७-६॥",
        "index": 6,
        "shloka_num": 6
    },
    {
        "text": "तानि युक्तो मया सार्धं समन्वेषितुमर्हसि ।\nत्वद्विधा बुद्धिसम्पन्ना महात्मानो नरर्षभाः ॥३-६७-७॥",
        "index": 7,
        "shloka_num": 7
    },
    {
        "text": "आपत्सु न प्रकम्पन्ते वायुवेगैरिवाचलाः ।\nइत्युक्तस्तद् वनं सर्वं विचचार सलक्ष्मणः ॥३-६७-८॥",
        "index": 8,
        "shloka_num": 8
    },
    {
        "text": "क्रुद्धो रामः शरं घोरं संधाय धनुषि क्षुरम् ।\nततः पर्वतकूटाभं महाभागं द्विजोत्तमम् ॥३-६७-९॥",
        "index": 9,
        "shloka_num": 9
    },
    {
        "text": "ददर्श पतितं भूमौ क्षतजार्द्रं जटायुषम् ।\nतं दृष्ट्वा गिरिशृङ्गाभं रामो लक्ष्मणमब्रवीत् ॥३-६७-१०॥",
        "index": 10,
        "shloka_num": 10
    },
    {
        "text": "अनेन सीता वैदेही भक्षिता नात्र संशयः ।\nगृध्ररूपमिदं व्यक्तं रक्षो भ्रमति काननम् ॥३-६७-११॥",
        "index": 11,
        "shloka_num": 11
    },
    {
        "text": "भक्षयित्वा विशालाक्षीमास्ते सीतां यथासुखम् ।\nएनं वधिष्ये दीप्ताग्रैः शरैर्घोरैरजिह्मगैः ॥३-६७-१२॥",
        "index": 12,
        "shloka_num": 12
    },
    {
        "text": "इत्युक्त्वाभ्यपतद् द्रष्टुं संधाय धनुषि क्षुरम् ।\nक्रुद्धो रामः समुद्रान्तां चालयन्निव मेदिनीम् ॥३-६७-१३॥",
        "index": 13,
        "shloka_num": 13
    },
    {
        "text": "तं दीनदीनया वाचा सफेनं रुधिरं वमन् ।\nअभ्यभाषत पक्षी स रामं दशरथात्मजम् ॥३-६७-१४॥",
        "index": 14,
        "shloka_num": 14
    },
    {
        "text": "यामोषधीमिवायुष्मन्नन्वेषसि महावने ।\nसा देवी मम च प्राणा रावणेनोभयं हृतम् ॥३-६७-१५॥",
        "index": 15,
        "shloka_num": 15
    },
    {
        "text": "त्वया विरहिता देवी लक्ष्मणेन च राघव ।\nह्रियमाणा मया दृष्टा रावणेन बलीयसा ॥३-६७-१६॥",
        "index": 16,
        "shloka_num": 16
    },
    {
        "text": "सीतामभ्यवपन्नोऽहं रावणश्च रणे प्रभो ।\nविध्वंसितरथच्छत्रः पतितो धरणीतले ॥३-६७-१७॥",
        "index": 17,
        "shloka_num": 17
    },
    {
        "text": "एतदस्य धनुर्भग्नमेते चास्य शरास्तथा ।\nअयमस्य रणे राम भग्नः सांग्रामिको रथः ॥३-६७-१८॥",
        "index": 18,
        "shloka_num": 18
    },
    {
        "text": "अयं तु सारथिस्तस्य मत्पक्षनिहतो भुवि ।\nपरिश्रान्तस्य मे पक्षौ छित्त्वा खड्गेन रावणः ॥३-६७-१९॥",
        "index": 19,
        "shloka_num": 19
    },
    {
        "text": "सीतामादाय वैदेहीमुत्पपात विहायसम् ।\nरक्षसा निहतं पूर्वं मां न हन्तुं त्वमर्हसि ॥३-६७-२०॥",
        "index": 20,
        "shloka_num": 20
    },
    {
        "text": "रामस्तस्य तु विज्ञाय सीतासक्तां प्रियां कथाम् ।\nगृध्रराजं परिष्वज्य परित्यज्य महद् धनुः ॥३-६७-२१॥",
        "index": 21,
        "shloka_num": 21
    },
    {
        "text": "निपपातावशो भूमौ रुरोद सहलक्ष्मणः ।\nद्विगुणीकृततापार्तो रामो धीरतरोऽपि सन् ॥३-६७-२२॥",
        "index": 22,
        "shloka_num": 22
    },
    {
        "text": "एकमेकायने कृच्छ्रे निःश्वसन्तं मुहुर्मुहुः ।\nसमीक्ष्य दुःखितो रामः सौमित्रिमिदमब्रवीत् ॥३-६७-२३॥",
        "index": 23,
        "shloka_num": 23
    },
    {
        "text": "राज्यं भ्रष्टं वने वासः सीता नष्टा मृतो द्विजः ।\nईदृशीयं ममालक्ष्मीर्दहेदपि हि पावकम् ॥३-६७-२४॥",
        "index": 24,
        "shloka_num": 24
    },
    {
        "text": "सम्पूर्णमपि चेदद्य प्रतरेयं महोदधिम् ।\nसोऽपि नूनं ममालक्ष्म्या विशुष्येत् सरितां पतिः ॥३-६७-२५॥",
        "index": 25,
        "shloka_num": 25
    },
    {
        "text": "नास्त्यभाग्यतरो लोके मत्तोऽस्मिन् स चराचरे ।\nयेनेयं महती प्राप्ता मया व्यसनवागुरा ॥३-६७-२६॥",
        "index": 26,
        "shloka_num": 26
    },
    {
        "text": "अयं पितुर्वयस्यो मे गृध्रराजो महाबलः ।\nशेते विनिहतो भूमौ मम भाग्यविपर्ययात् ॥३-६७-२७॥",
        "index": 27,
        "shloka_num": 27
    },
    {
        "text": "इत्येवमुक्त्वा बहुशो राघवः सहलक्ष्मणः ।\nजटायुषं च पस्पर्श पितृस्नेहं निदर्शयन् ॥३-६७-२८॥",
        "index": 28,
        "shloka_num": 28
    },
    {
        "text": "निकृत्तपक्षं रुधिरावसिक्तं तं गृध्रराजं परिगृह्य राघवः ।\nक्व मैथिली प्राणसमा गतेति विमुच्य वाचं निपपात भूमौ ॥३-६७-२९॥",
        "index": 29,
        "shloka_num": 29
    },
    {
        "text": "इत्यार्षे श्रीमद्रामायणे वाल्मीकीये आदिकाव्ये अरण्यकाण्डे गृध्रराजदर्शनम् नाम सप्तषष्ठितमः सर्गः ॥३-६७॥",
        "index": 30,
        "shloka_num": null
    }
]