[
    {
        "text": "अथ श्रीमद्वाल्मीकीयरामायणे अरण्यकाण्डे जटयुस्संस्कारः नाम अष्टषष्ठितमः सर्गः ॥३-६८॥",
        "index": 0,
        "shloka_num": null
    },
    {
        "text": "रामः प्रेक्ष्य तु तं गृध्रं भुवि रौद्रेण पातितम् ।\nसौमित्रिं मित्रसम्पन्नमिदं वचनमब्रवीत् ॥३-६८-१॥",
        "index": 1,
        "shloka_num": 1
    },
    {
        "text": "ममायं नूनमर्थेषु यतमानो विहंगमः ।\nराक्षसेन हतः संख्ये प्राणांस्त्यजति मत्कृते ॥३-६८-२॥",
        "index": 2,
        "shloka_num": 2
    },
    {
        "text": "अतिखिन्नः शरीरेऽस्मिन् प्राणो लक्ष्मण विद्यते ।\nतथा स्वरविहीनोऽयं विक्लवं समुदीक्षते ॥३-६८-३॥",
        "index": 3,
        "shloka_num": 3
    },
    {
        "text": "जटायो यदि शक्नोषि वाक्यं व्याहरितुं पुनः ।\nसीतामाख्याहि भद्रं ते वधमाख्याहि चात्मनः ॥३-६८-४॥",
        "index": 4,
        "shloka_num": 4
    },
    {
        "text": "किंनिमित्तो जहारार्यां रावणस्तस्य किं मया ।\nअपराधं तु यं दृष्ट्वा रावणेन हृता प्रिया ॥३-६८-५॥",
        "index": 5,
        "shloka_num": 5
    },
    {
        "text": "कथं तच्चन्द्रसंकाशं मुखमासीन्मनोहरम् ।\nसीतया कानि चोक्तानि तस्मिन् काले द्विजोत्तम ॥३-६८-६॥",
        "index": 6,
        "shloka_num": 6
    },
    {
        "text": "कथंवीर्यः कथंरूपः किंकर्मा स च राक्षसः ।\nक्व चास्य भवनं तात ब्रूहि मे परिपृच्छतः ॥३-६८-७॥",
        "index": 7,
        "shloka_num": 7
    },
    {
        "text": "तमुद्वीक्ष्य स धर्मात्मा विलपन्तमनाथवत् ।\nवाचा विक्लवया राममिदं वचनमब्रवीत् ॥३-६८-८॥",
        "index": 8,
        "shloka_num": 8
    },
    {
        "text": "सा हृता राक्षसेन्द्रेण रावणेन दुरात्मना ।\nमायामास्थाय विपुलां वातदुर्दिनसंकुलाम् ॥३-६८-९॥",
        "index": 9,
        "shloka_num": 9
    },
    {
        "text": "परिक्लान्तस्य मे तात पक्षौ छित्त्वा निशाचरः ।\nसीतामादाय वैदेहीं प्रयातो दक्षिणामुखः ॥३-६८-१०॥",
        "index": 10,
        "shloka_num": 10
    },
    {
        "text": "उपरुध्यन्ति मे प्राणा दृष्टिर्भ्रमति राघव ।\nपश्यामि वृक्षान् सौवर्णानुशीरकृतमूर्धजान् ॥३-६८-११॥",
        "index": 11,
        "shloka_num": 11
    },
    {
        "text": "येन याति मुहूर्तेन सीतामादाय रावणः ।\nविप्रणष्टं धनं क्षिप्रं तत्स्वामी प्रतिपद्यते ॥३-६८-१२॥",
        "index": 12,
        "shloka_num": 12
    },
    {
        "text": "विन्दो नाम मुहूर्तोऽसौ न च काकुत्स्थ सोऽबुधत् ।\nत्वत्प्रियां जानकीं हृत्वा रावणो राक्षसेश्वरः ।\nझषवद् बडिशं गृह्य क्षिप्रमेव विनश्यति ॥३-६८-१३॥",
        "index": 13,
        "shloka_num": 13
    },
    {
        "text": "न च त्वया व्यथा कार्या जनकस्य सुतां प्रति ।\nवैदेह्या रंस्यसे क्षिप्रं हत्वा तं रणमूर्धनि ॥३-६८-१४॥",
        "index": 14,
        "shloka_num": 14
    },
    {
        "text": "असम्मूढस्य गृध्रस्य रामं प्रत्यनुभाषतः ।\nआस्यात् सुस्राव रुधिरं म्रियमाणस्य सामिषम् ॥३-६८-१५॥",
        "index": 15,
        "shloka_num": 15
    },
    {
        "text": "पुत्रो विश्रवसः साक्षाद् भ्राता वैश्रवणस्य च ।\nइत्युक्त्वा दुर्लभान् प्राणान् मुमोच पतगेश्वरः ॥३-६८-१६॥",
        "index": 16,
        "shloka_num": 16
    },
    {
        "text": "ब्रूहि ब्रूहीति रामस्य ब्रुवाणस्य कृताञ्जलेः ।\nत्यक्त्वा शरीरं गृध्रस्य प्राणा जग्मुर्विहायसम् ॥३-६८-१७॥",
        "index": 17,
        "shloka_num": 17
    },
    {
        "text": "स निक्षिप्य शिरो भूमौ प्रसार्य चरणौ तथा ।\nविक्षिप्य च शरीरं स्वं पपात धरणीतले ॥३-६८-१८॥",
        "index": 18,
        "shloka_num": 18
    },
    {
        "text": "तं गृध्रं प्रेक्ष्य ताम्राक्षं गतासुमचलोपमम् ।\nरामः सुबहुभिर्दुःखैर्दीनः सौमित्रिमब्रवीत् ॥३-६८-१९॥",
        "index": 19,
        "shloka_num": 19
    },
    {
        "text": "बहूनि रक्षसां वासे वर्षाणि वसता सुखम् ।\nअनेन दण्डकारण्ये विशीर्णमिह पक्षिणा ॥३-६८-२०॥",
        "index": 20,
        "shloka_num": 20
    },
    {
        "text": "अनेकवार्षिको यस्तु चिरकालसमुत्थितः ।\nसोऽयमद्य हतः शेते कालो हि दुरतिक्रमः ॥३-६८-२१॥",
        "index": 21,
        "shloka_num": 21
    },
    {
        "text": "पश्य लक्ष्मण गृध्रोऽयमुपकारी हतश्च मे ।\nसीतामभ्यवपन्नो हि रावणेन बलीयसा ॥३-६८-२२॥",
        "index": 22,
        "shloka_num": 22
    },
    {
        "text": "गृध्रराज्यं परित्यज्य पितृपैतामहं महत् ।\nमम हेतोरयं प्राणान् मुमोच पतगेश्वरः ॥३-६८-२३॥",
        "index": 23,
        "shloka_num": 23
    },
    {
        "text": "सर्वत्र खलु दृश्यन्ते साधवो धर्मचारिणः ।\nशूराः शरण्याः सौमित्रे तिर्यग्योनिगतेष्वपि ॥३-६८-२४॥",
        "index": 24,
        "shloka_num": 24
    },
    {
        "text": "सीताहरणजं दुःखं न मे सौम्य तथागतम् ।\nयथा विनाशो गृध्रस्य मत्कृते च परंतप ॥३-६८-२५॥",
        "index": 25,
        "shloka_num": 25
    },
    {
        "text": "राजा दशरथः श्रीमान् यथा मम महायशाः ।\nपूजनीयश्च मान्यश्च तथायं पतगेश्वरः ॥३-६८-२६॥",
        "index": 26,
        "shloka_num": 26
    },
    {
        "text": "सौमित्रे हर काष्ठानि निर्मथिष्यामि पावकम् ।\nगृध्रराजं दिधक्ष्यामि मत्कृते निधनं गतम् ॥३-६८-२७॥",
        "index": 27,
        "shloka_num": 27
    },
    {
        "text": "नाथं पतगलोकस्य चितिमारोपयाम्यहम् ।\nइमं धक्ष्यामि सौमित्रे हतं रौद्रेण रक्षसा ॥३-६८-२८॥",
        "index": 28,
        "shloka_num": 28
    },
    {
        "text": "या गतिर्यज्ञशीलानामाहिताग्नेश्च या गतिः ।\nअपरावर्तिनां या च या च भूमिप्रदायिनाम् ॥३-६८-२९॥",
        "index": 29,
        "shloka_num": 29
    },
    {
        "text": "मया त्वं समनुज्ञातो गच्छ लोकाननुत्तमान् ।\nगृध्रराज महासत्त्व संस्कृतश्च मया व्रज ॥३-६८-३०॥",
        "index": 30,
        "shloka_num": 30
    },
    {
        "text": "एवमुक्त्वा चितां दीप्तामारोप्य पतगेश्वरम् ।\nददाह रामो धर्मात्मा स्वबन्धुमिव दुःखितः ॥३-६८-३१॥",
        "index": 31,
        "shloka_num": 31
    },
    {
        "text": "रामोऽथ सहसौमित्रिर्वनं गत्वा स वीर्यवान् ।\nस्थूलान् हत्वा महारोहीननुतस्तार तं द्विजम् ॥३-६८-३२॥",
        "index": 32,
        "shloka_num": 32
    },
    {
        "text": "रोहिमांसानि चोद्धृत्य पेशीकृत्वा महायशाः ।\nशकुनाय ददौ रामो रम्ये हरितशाद्वले ॥३-६८-३३॥",
        "index": 33,
        "shloka_num": 33
    },
    {
        "text": "यत् तत् प्रेतस्य मर्त्यस्य कथयन्ति द्विजातयः ।\nतत् स्वर्गगमनं पित्र्यं तस्य रामो जजाप ह ॥३-६८-३४॥",
        "index": 34,
        "shloka_num": 34
    },
    {
        "text": "ततो गोदावरीं गत्वा नदीं नरवरात्मजौ ।\nउदकं चक्रतुस्तस्मै गृध्रराजाय तावुभौ ॥३-६८-३५॥",
        "index": 35,
        "shloka_num": 35
    },
    {
        "text": "शास्त्रदृष्टेन विधिना जलं गृध्राय राघवौ ।\nस्नात्वा तौ गृध्रराजाय उदकं चक्रतुस्तदा ॥३-६८-३६॥",
        "index": 36,
        "shloka_num": 36
    },
    {
        "text": "स गृध्रराजः कृतवान् यशस्करं सुदुष्करं कर्म रणे निपातितः ।\nमहर्षिकल्पेन च संस्कृतस्तदा जगाम पुण्यां गतिमात्मनः शुभाम् ॥३-६८-३७॥",
        "index": 37,
        "shloka_num": 37
    },
    {
        "text": "कृतोदकौ तावपि पक्षिसत्तमे स्थिरां च बुद्धिं प्रणिधाय जग्मतुः ।\nप्रवेश्य सीताधिगमे ततो मनो वनं सुरेन्द्राविव विष्णुवासवौ ॥३-६८-३८॥",
        "index": 38,
        "shloka_num": 38
    },
    {
        "text": "इत्यार्षे श्रीमद्रामायणे वाल्मीकीये आदिकाव्ये अरण्यकाण्डे जटयुस्संस्कारः नाम अष्टषष्ठितमः सर्गः ॥३-६८॥",
        "index": 39,
        "shloka_num": null
    }
]