[
    {
        "text": "अथ श्रीमद्वाल्मीकीयरामायणे अरण्यकाण्डे कबन्धशापाख्यानम् नाम एकसप्ततितमः सर्गः ॥३-७१॥",
        "index": 0,
        "shloka_num": null
    },
    {
        "text": "पुरा राम महाबाहो महाबलपराक्रमम् ।\nरूपमासीन्ममाचिन्त्यं त्रिषु लोकेषु विश्रुतम् ॥३-७१-१॥",
        "index": 1,
        "shloka_num": 1
    },
    {
        "text": "यथा सूर्यस्य सोमस्य शक्रस्य च यथा वपुः ।\nसोऽहं रूपमिदं कृत्वा लोकवित्रासनं महत् ॥३-७१-२॥",
        "index": 2,
        "shloka_num": 2
    },
    {
        "text": "ऋषीन् वनगतान् राम त्रासयामि ततस्ततः ।\nततः स्थूलशिरा नाम महर्षिः कोपितो मया ॥३-७१-३॥",
        "index": 3,
        "shloka_num": 3
    },
    {
        "text": "स चिन्वन् विविधं वन्यं रूपेणानेन धर्षितः ।\nतेनाहमुक्तः प्रेक्ष्यैवं घोरशापाभिधायिना ॥३-७१-४॥",
        "index": 4,
        "shloka_num": 4
    },
    {
        "text": "एतदेवं नृशंसं ते रूपमस्तु विगर्हितम् ।\nस मया याचितः क्रुद्धः शापस्यान्तो भवेदिति ॥३-७१-५॥",
        "index": 5,
        "shloka_num": 5
    },
    {
        "text": "अभिशापकृतस्येति तेनेदं भाषितं वचः ।\nयदा छित्त्वा भुजौ रामस्त्वां दहेद् विजने वने ॥३-७१-६॥",
        "index": 6,
        "shloka_num": 6
    },
    {
        "text": "तदा त्वं प्राप्स्यसे रूपं स्वमेव विपुलं शुभम् ।\nश्रिया विराजितं पुत्रं दनोस्त्वं विद्धि लक्ष्मण ॥३-७१-७॥",
        "index": 7,
        "shloka_num": 7
    },
    {
        "text": "इन्द्रकोपादिदं रूपं प्राप्तमेवं रणाजिरे ।\nअहं हि तपसोग्रेण पितामहमतोषयम् ॥३-७१-८॥",
        "index": 8,
        "shloka_num": 8
    },
    {
        "text": "दीर्घमायुः स मे प्रादात् ततो मां विभ्रमोऽस्पृशत् ।\nदीर्घमायुर्मया प्राप्तं किं मां शक्रः करिष्यति ॥३-७१-९॥",
        "index": 9,
        "shloka_num": 9
    },
    {
        "text": "इत्येवं बुद्धिमास्थाय रणे शक्रमधर्षयम् ।\nतस्य बाहुप्रमुक्तेन वज्रेण शतपर्वणा ॥३-७१-१०॥",
        "index": 10,
        "shloka_num": 10
    },
    {
        "text": "सक्थिनी च शिरश्चैव शरीरे सम्प्रवेशितम् ।\nस मया याच्यमानः सन् नानयद् यमसादनम् ॥३-७१-११॥",
        "index": 11,
        "shloka_num": 11
    },
    {
        "text": "पितामहवचः सत्यं तदस्त्विति ममाब्रवीत् ।\nअनाहारः कथं शक्तो भग्नसक्थिशिरोमुखः ॥३-७१-१२॥",
        "index": 12,
        "shloka_num": 12
    },
    {
        "text": "वज्रेणाभिहतः कालं सुदीर्घमपि जीवितुम् ।\nस एवमुक्तः शक्रो मे बाहू योजनमायतौ ॥३-७१-१३॥",
        "index": 13,
        "shloka_num": 13
    },
    {
        "text": "तदा चास्यं च मे कुक्षौ तीक्ष्णदंष्ट्रमकल्पयत् ।\nसोऽहं भुजाभ्यां दीर्घाभ्यां संक्षिप्यास्मिन् वनेचरान् ॥३-७१-१४॥",
        "index": 14,
        "shloka_num": 14
    },
    {
        "text": "सिंहद्वीपिमृगव्याघ्रान् भक्षयामि समन्ततः ।\nस तु मामब्रवीदिन्द्रो यदा रामः सलक्ष्मणः ॥३-७१-१५॥",
        "index": 15,
        "shloka_num": 15
    },
    {
        "text": "छेत्स्यते समरे बाहू तदा स्वर्गं गमिष्यसि ।\nअनेन वपुषा तात वनेऽस्मिन् राजसत्तम ॥३-७१-१६॥",
        "index": 16,
        "shloka_num": 16
    },
    {
        "text": "यद् यत् पश्यामि सर्वस्य ग्रहणं साधु रोचये ।\nअवश्यं ग्रहणं रामो मन्येऽहं समुपैष्यति ॥३-७१-१७॥",
        "index": 17,
        "shloka_num": 17
    },
    {
        "text": "इमां बुद्धिं पुरस्कृत्य देहन्यासकृतश्रमः ।\nस त्वं रामोऽसि भद्रं ते नाहमन्येन राघव ॥३-७१-१८॥",
        "index": 18,
        "shloka_num": 18
    },
    {
        "text": "शक्यो हन्तुं यथा तत्त्वमेवमुक्तं महर्षिणा ।\nअहं हि मतिसाचिव्यं करिष्यामि नरर्षभ ॥३-७१-१९॥",
        "index": 19,
        "shloka_num": 19
    },
    {
        "text": "मित्रं चैवोपदेक्ष्यामि युवाभ्यां संस्कृतोऽग्निना ।\nएवमुक्तस्तु धर्मात्मा दनुना तेन राघवः ॥३-७१-२०॥",
        "index": 20,
        "shloka_num": 20
    },
    {
        "text": "इदं जगाद वचनं लक्ष्मणस्य च पश्यतः ।\nरावणेन हृता भार्या सीता मम यशस्विनी ॥३-७१-२१॥",
        "index": 21,
        "shloka_num": 21
    },
    {
        "text": "निष्क्रान्तस्य जनस्थानात् सह भ्रात्रा यथासुखम् ।\nनाममात्रं तु जानामि न रूपं तस्य रक्षसः ॥३-७१-२२॥",
        "index": 22,
        "shloka_num": 22
    },
    {
        "text": "निवासं वा प्रभावं वा वयं तस्य न विद्महे ।\nशोकार्तानामनाथानामेवं विपरिधावताम् ॥३-७१-२३॥",
        "index": 23,
        "shloka_num": 23
    },
    {
        "text": "कारुण्यं सदृशं कर्तुमुपकारेण वर्तताम् ।\nकाष्ठान्यानीय भग्नानि काले शुष्काणि कुञ्जरैः ॥३-७१-२४॥",
        "index": 24,
        "shloka_num": 24
    },
    {
        "text": "धक्ष्यामस्त्वां वयं वीर श्वभ्रे महति कल्पिते ।\nस त्वं सीतां समाचक्ष्व येन वा यत्र वा हृता ॥३-७१-२५॥",
        "index": 25,
        "shloka_num": 25
    },
    {
        "text": "कुरु कल्याणमत्यर्थं यदि जानासि तत्त्वतः ।\nएवमुक्तस्तु रामेण वाक्यं दनुरनुत्तमम् ॥३-७१-२६॥",
        "index": 26,
        "shloka_num": 26
    },
    {
        "text": "प्रोवाच कुशलो वक्ता वक्तारमपि राघवम् ।\nदिव्यमस्ति न मे ज्ञानं नाभिजानामि मैथिलीम् ॥३-७१-२७॥",
        "index": 27,
        "shloka_num": 27
    },
    {
        "text": "यस्तां वक्ष्यति तं वक्ष्ये दग्धः स्वं रूपमास्थितः ।\nयोऽभिजानाति तद्रक्षस्तद् वक्ष्ये राम तत्परम् ॥३-७१-२८॥",
        "index": 28,
        "shloka_num": 28
    },
    {
        "text": "अदग्धस्य हि विज्ञातुं शक्तिरस्ति न मे प्रभो ।\nराक्षसं तु महावीर्यं सीता येन हृता तव ॥३-७१-२९॥",
        "index": 29,
        "shloka_num": 29
    },
    {
        "text": "विज्ञानं हि महद् भ्रष्टं शापदोषेण राघव ।\nस्वकृतेन मया प्राप्तं रूपं लोकविगर्हितम् ॥३-७१-३०॥",
        "index": 30,
        "shloka_num": 30
    },
    {
        "text": "किं तु यावन्न यात्यस्तं सविता श्रान्तवाहनः ।\nतावन्मामवटे क्षिप्त्वा दह राम यथाविधि ॥३-७१-३१॥",
        "index": 31,
        "shloka_num": 31
    },
    {
        "text": "दग्धस्त्वयाहमवटे न्यायेन रघुनन्दन ।\nवक्ष्यामि तं महावीर यस्तं वेत्स्यति राक्षसम् ॥३-७१-३२॥",
        "index": 32,
        "shloka_num": 32
    },
    {
        "text": "तेन सख्यं च कर्तव्यं न्याय्यवृत्तेन राघव ।\nकल्पयिष्यति ते वीर साहाय्यं लघुविक्रम ॥३-७१-३३॥",
        "index": 33,
        "shloka_num": 33
    },
    {
        "text": "नहि तस्यास्त्यविज्ञातं त्रिषु लोकेषु राघव ।\nसर्वान् परिवृतो लोकान् पुरा वै कारणान्तरे ॥३-७१-३४॥",
        "index": 34,
        "shloka_num": 34
    },
    {
        "text": "इत्यार्षे श्रीमद्रामायणे वाल्मीकीये आदिकाव्ये अरण्यकाण्डे कबन्धशापाख्यानम् नाम एकसप्ततितमः सर्गः ॥३-७१॥",
        "index": 35,
        "shloka_num": null
    }
]